Date,Open,High,Low,Close,Volume,Dividends,Stock Splits
2015-10-06 00:00:00-04:00,11.0,11.0,11.0,11.0,0,0.0,0.0
2015-10-07 00:00:00-04:00,11.9399995803833,11.979999542236328,11.0,11.050000190734863,1158700,0.0,0.0
2015-10-08 00:00:00-04:00,11.140000343322754,11.300000190734863,10.989999771118164,11.050000190734863,125100,0.0,0.0
2015-10-09 00:00:00-04:00,11.0,13.979999542236328,11.0,12.5,161900,0.0,0.0
2015-10-12 00:00:00-04:00,13.34000015258789,14.119999885559082,12.5,13.600000381469727,325200,0.0,0.0
2015-10-13 00:00:00-04:00,13.600000381469727,13.970000267028809,12.319999694824219,12.460000038146973,68200,0.0,0.0
2015-10-14 00:00:00-04:00,12.949999809265137,14.470000267028809,12.069999694824219,14.359999656677246,152400,0.0,0.0
2015-10-15 00:00:00-04:00,14.579999923706055,17.239999771118164,14.550000190734863,15.5600004196167,187200,0.0,0.0
2015-10-16 00:00:00-04:00,15.779999732971191,15.779999732971191,14.09000015258789,14.569999694824219,15800,0.0,0.0
2015-10-19 00:00:00-04:00,14.90999984741211,15.4399995803833,13.850000381469727,15.420000076293945,176700,0.0,0.0
2015-10-20 00:00:00-04:00,14.960000038146973,16.079999923706055,14.166999816894531,15.430000305175781,84300,0.0,0.0
2015-10-21 00:00:00-04:00,15.180000305175781,15.180000305175781,14.25,14.920000076293945,27400,0.0,0.0
2015-10-22 00:00:00-04:00,15.40999984741211,15.40999984741211,13.503000259399414,14.5,117900,0.0,0.0
2015-10-23 00:00:00-04:00,14.479999542236328,15.550000190734863,12.989999771118164,14.430000305175781,121300,0.0,0.0
2015-10-26 00:00:00-04:00,14.4399995803833,15.255000114440918,14.25,14.479999542236328,14500,0.0,0.0
2015-10-27 00:00:00-04:00,14.640000343322754,15.069999694824219,14.041999816894531,14.65999984741211,25500,0.0,0.0
2015-10-28 00:00:00-04:00,14.279999732971191,15.029999732971191,13.62399959564209,14.3100004196167,184300,0.0,0.0
2015-10-29 00:00:00-04:00,14.029999732971191,14.90999984741211,13.930000305175781,14.380000114440918,122500,0.0,0.0
2015-10-30 00:00:00-04:00,14.020000457763672,14.854999542236328,13.956000328063965,14.470000267028809,19700,0.0,0.0
2015-11-02 00:00:00-05:00,14.220000267028809,15.149999618530273,14.0600004196167,14.609999656677246,45400,0.0,0.0
2015-11-03 00:00:00-05:00,14.279999732971191,15.289999961853027,14.279999732971191,15.130000114440918,23300,0.0,0.0
2015-11-04 00:00:00-05:00,14.930000305175781,15.460000038146973,14.3100004196167,14.899999618530273,42100,0.0,0.0
2015-11-05 00:00:00-05:00,15.100000381469727,15.449999809265137,14.430000305175781,15.210000038146973,21700,0.0,0.0
2015-11-06 00:00:00-05:00,14.859999656677246,15.149999618530273,14.588000297546387,14.670000076293945,10000,0.0,0.0
2015-11-09 00:00:00-05:00,14.670000076293945,15.289999961853027,14.460000038146973,15.140000343322754,15200,0.0,0.0
2015-11-10 00:00:00-05:00,15.4399995803833,17.809999465942383,14.979999542236328,17.290000915527344,70500,0.0,0.0
2015-11-11 00:00:00-05:00,16.6200008392334,17.489999771118164,15.630000114440918,16.610000610351562,56000,0.0,0.0
2015-11-12 00:00:00-05:00,16.700000762939453,17.239999771118164,16.086999893188477,16.90999984741211,114000,0.0,0.0
2015-11-13 00:00:00-05:00,17.200000762939453,18.219999313354492,16.329999923706055,18.149999618530273,69100,0.0,0.0
2015-11-16 00:00:00-05:00,18.170000076293945,18.780000686645508,16.660999298095703,18.360000610351562,40500,0.0,0.0
2015-11-17 00:00:00-05:00,18.100000381469727,18.959999084472656,18.010000228881836,18.809999465942383,26400,0.0,0.0
2015-11-18 00:00:00-05:00,22.139999389648438,23.489999771118164,19.68000030517578,19.950000762939453,90900,0.0,0.0
2015-11-19 00:00:00-05:00,19.920000076293945,20.899999618530273,18.309999465942383,19.899999618530273,77800,0.0,0.0
2015-11-20 00:00:00-05:00,19.68000030517578,22.049999237060547,19.350000381469727,20.84000015258789,51000,0.0,0.0
2015-11-23 00:00:00-05:00,20.459999084472656,24.600000381469727,20.280000686645508,23.649999618530273,72700,0.0,0.0
2015-11-24 00:00:00-05:00,23.15999984741211,24.475000381469727,20.610000610351562,23.5,43800,0.0,0.0
2015-11-25 00:00:00-05:00,23.059999465942383,24.5,19.860000610351562,23.389999389648438,47200,0.0,0.0
2015-11-27 00:00:00-05:00,22.5,24.079999923706055,21.06999969482422,23.399999618530273,78800,0.0,0.0
2015-11-30 00:00:00-05:00,23.260000228881836,23.600000381469727,22.700000762939453,23.549999237060547,16900,0.0,0.0
2015-12-01 00:00:00-05:00,23.600000381469727,23.600000381469727,22.540000915527344,23.239999771118164,21300,0.0,0.0
2015-12-02 00:00:00-05:00,23.1299991607666,23.420000076293945,21.104999542236328,21.399999618530273,57000,0.0,0.0
2015-12-03 00:00:00-05:00,21.299999237060547,22.44499969482422,19.790000915527344,20.549999237060547,74400,0.0,0.0
2015-12-04 00:00:00-05:00,20.3700008392334,21.84000015258789,20.0,21.1299991607666,19000,0.0,0.0
2015-12-07 00:00:00-05:00,21.190000534057617,22.200000762939453,19.799999237060547,21.024999618530273,62200,0.0,0.0
2015-12-08 00:00:00-05:00,21.450000762939453,21.84000015258789,20.440000534057617,21.100000381469727,72500,0.0,0.0
2015-12-09 00:00:00-05:00,20.860000610351562,22.389999389648438,20.110000610351562,21.0,32100,0.0,0.0
2015-12-10 00:00:00-05:00,21.149999618530273,22.43000030517578,20.31999969482422,21.440000534057617,33100,0.0,0.0
2015-12-11 00:00:00-05:00,21.43000030517578,22.43000030517578,20.566999435424805,22.049999237060547,63400,0.0,0.0
2015-12-14 00:00:00-05:00,21.850000381469727,24.75,21.559999465942383,22.670000076293945,59300,0.0,0.0
2015-12-15 00:00:00-05:00,22.450000762939453,23.139999389648438,21.009000778198242,22.030000686645508,59000,0.0,0.0
2015-12-16 00:00:00-05:00,21.0,25.969999313354492,20.795000076293945,25.969999313354492,104900,0.0,0.0
2015-12-17 00:00:00-05:00,26.260000228881836,33.880001068115234,26.260000228881836,28.920000076293945,183700,0.0,0.0
2015-12-18 00:00:00-05:00,28.40999984741211,29.75,27.5,28.68000030517578,873400,0.0,0.0
2015-12-21 00:00:00-05:00,28.719999313354492,30.0,28.360000610351562,29.139999389648438,76900,0.0,0.0
2015-12-22 00:00:00-05:00,29.239999771118164,29.489999771118164,28.920000076293945,29.280000686645508,31500,0.0,0.0
2015-12-23 00:00:00-05:00,30.0,30.0,28.399999618530273,28.690000534057617,26300,0.0,0.0
2015-12-24 00:00:00-05:00,28.59000015258789,29.280000686645508,28.5,28.989999771118164,6000,0.0,0.0
2015-12-28 00:00:00-05:00,28.969999313354492,28.969999313354492,28.315000534057617,28.780000686645508,15700,0.0,0.0
2015-12-29 00:00:00-05:00,29.0,29.0,23.290000915527344,24.09000015258789,77000,0.0,0.0
2015-12-30 00:00:00-05:00,23.68000030517578,26.809999465942383,23.68000030517578,25.59000015258789,37300,0.0,0.0
2015-12-31 00:00:00-05:00,25.850000381469727,27.860000610351562,25.6299991607666,26.940000534057617,45200,0.0,0.0
2016-01-04 00:00:00-05:00,26.860000610351562,27.934999465942383,25.059999465942383,26.389999389648438,60000,0.0,0.0
2016-01-05 00:00:00-05:00,26.360000610351562,27.719999313354492,24.31999969482422,27.3700008392334,42800,0.0,0.0
2016-01-06 00:00:00-05:00,27.219999313354492,27.684999465942383,25.360000610351562,25.68000030517578,41200,0.0,0.0
2016-01-07 00:00:00-05:00,25.09000015258789,26.059999465942383,23.799999237060547,23.979999542236328,26800,0.0,0.0
2016-01-08 00:00:00-05:00,23.979999542236328,24.420000076293945,23.43000030517578,23.5,19700,0.0,0.0
2016-01-11 00:00:00-05:00,25.350000381469727,25.350000381469727,16.5,19.440000534057617,95800,0.0,0.0
2016-01-12 00:00:00-05:00,19.719999313354492,20.690000534057617,18.270000457763672,20.43000030517578,70600,0.0,0.0
2016-01-13 00:00:00-05:00,20.459999084472656,20.860000610351562,19.229999542236328,20.18000030517578,60700,0.0,0.0
2016-01-14 00:00:00-05:00,19.950000762939453,21.299999237060547,19.40999984741211,21.149999618530273,30700,0.0,0.0
2016-01-15 00:00:00-05:00,20.530000686645508,21.054000854492188,19.280000686645508,20.420000076293945,49500,0.0,0.0
2016-01-19 00:00:00-05:00,20.5,21.639999389648438,19.030000686645508,19.979999542236328,34000,0.0,0.0
2016-01-20 00:00:00-05:00,19.690000534057617,21.729999542236328,19.40999984741211,21.049999237060547,36500,0.0,0.0
2016-01-21 00:00:00-05:00,21.299999237060547,23.079999923706055,20.020000457763672,22.559999465942383,31000,0.0,0.0
2016-01-22 00:00:00-05:00,22.850000381469727,23.969999313354492,21.600000381469727,22.0,40900,0.0,0.0
2016-01-25 00:00:00-05:00,22.239999771118164,22.239999771118164,19.979999542236328,20.149999618530273,28300,0.0,0.0
2016-01-26 00:00:00-05:00,20.239999771118164,22.25,19.389999389648438,21.84000015258789,38900,0.0,0.0
2016-01-27 00:00:00-05:00,22.15999984741211,22.299999237060547,20.729999542236328,20.8799991607666,27900,0.0,0.0
2016-01-28 00:00:00-05:00,21.270000457763672,21.809999465942383,20.700000762939453,20.940000534057617,26400,0.0,0.0
2016-01-29 00:00:00-05:00,21.049999237060547,22.510000228881836,20.899999618530273,22.229999542236328,42700,0.0,0.0
2016-02-01 00:00:00-05:00,22.260000228881836,22.260000228881836,21.020000457763672,21.649999618530273,31300,0.0,0.0
2016-02-02 00:00:00-05:00,21.34000015258789,22.389999389648438,21.299999237060547,21.93000030517578,11300,0.0,0.0
2016-02-03 00:00:00-05:00,22.270000457763672,22.270000457763672,21.540000915527344,22.0,4000,0.0,0.0
2016-02-04 00:00:00-05:00,21.950000762939453,22.260000228881836,20.940000534057617,21.969999313354492,16900,0.0,0.0
2016-02-05 00:00:00-05:00,22.6200008392334,22.8700008392334,21.540000915527344,21.540000915527344,30200,0.0,0.0
2016-02-08 00:00:00-05:00,21.399999618530273,22.264999389648438,20.239999771118164,20.459999084472656,17400,0.0,0.0
2016-02-09 00:00:00-05:00,20.170000076293945,20.389999389648438,19.540000915527344,19.600000381469727,11300,0.0,0.0
2016-02-10 00:00:00-05:00,20.040000915527344,21.5,19.90999984741211,20.1200008392334,17300,0.0,0.0
2016-02-11 00:00:00-05:00,19.899999618530273,21.290000915527344,19.899999618530273,19.899999618530273,11000,0.0,0.0
2016-02-12 00:00:00-05:00,20.280000686645508,20.559999465942383,19.139999389648438,19.450000762939453,17500,0.0,0.0
2016-02-16 00:00:00-05:00,19.510000228881836,19.510000228881836,18.0,18.780000686645508,49600,0.0,0.0
2016-02-17 00:00:00-05:00,18.950000762939453,19.5,14.4399995803833,15.649999618530273,125500,0.0,0.0
2016-02-18 00:00:00-05:00,15.609999656677246,16.09000015258789,15.039999961853027,15.119999885559082,23800,0.0,0.0
2016-02-19 00:00:00-05:00,15.09000015258789,15.418999671936035,14.510000228881836,15.289999961853027,22600,0.0,0.0
2016-02-22 00:00:00-05:00,15.399999618530273,16.90999984741211,15.329999923706055,16.760000228881836,56600,0.0,0.0
2016-02-23 00:00:00-05:00,17.15999984741211,18.63599967956543,17.15999984741211,18.010000228881836,122000,0.0,0.0
2016-02-24 00:00:00-05:00,18.0,19.989999771118164,17.799999237060547,18.600000381469727,59000,0.0,0.0
2016-02-25 00:00:00-05:00,18.81999969482422,19.770000457763672,18.739999771118164,18.950000762939453,55800,0.0,0.0
2016-02-26 00:00:00-05:00,17.209999084472656,19.0,15.65999984741211,18.93000030517578,30500,0.0,0.0
2016-02-29 00:00:00-05:00,19.100000381469727,19.600000381469727,17.950000762939453,18.34000015258789,47500,0.0,0.0
2016-03-01 00:00:00-05:00,18.239999771118164,18.96500015258789,17.200000762939453,17.709999084472656,57300,0.0,0.0
2016-03-02 00:00:00-05:00,17.610000610351562,17.739999771118164,16.670000076293945,17.389999389648438,32900,0.0,0.0
2016-03-03 00:00:00-05:00,17.31999969482422,17.350000381469727,16.15999984741211,17.329999923706055,18100,0.0,0.0
2016-03-04 00:00:00-05:00,17.860000610351562,18.579999923706055,16.56999969482422,18.020000457763672,22600,0.0,0.0
2016-03-07 00:00:00-05:00,19.600000381469727,19.600000381469727,17.209999084472656,17.920000076293945,28200,0.0,0.0
2016-03-08 00:00:00-05:00,18.020000457763672,18.350000381469727,17.344999313354492,17.420000076293945,21300,0.0,0.0
2016-03-09 00:00:00-05:00,17.899999618530273,18.100000381469727,15.944000244140625,16.93000030517578,39800,0.0,0.0
2016-03-10 00:00:00-05:00,17.399999618530273,17.489999771118164,16.639999389648438,16.739999771118164,23500,0.0,0.0
2016-03-11 00:00:00-05:00,17.010000228881836,17.010000228881836,16.530000686645508,16.84000015258789,17900,0.0,0.0
2016-03-14 00:00:00-04:00,16.850000381469727,17.479999542236328,16.399999618530273,16.399999618530273,23600,0.0,0.0
2016-03-15 00:00:00-04:00,16.219999313354492,16.829999923706055,16.049999237060547,16.139999389648438,22300,0.0,0.0
2016-03-16 00:00:00-04:00,16.200000762939453,16.770000457763672,16.010000228881836,16.139999389648438,15400,0.0,0.0
2016-03-17 00:00:00-04:00,16.1200008392334,16.520000457763672,15.8100004196167,15.989999771118164,18700,0.0,0.0
2016-03-18 00:00:00-04:00,16.110000610351562,16.110000610351562,15.520000457763672,15.710000038146973,23700,0.0,0.0
2016-03-21 00:00:00-04:00,15.420000076293945,16.010000228881836,15.420000076293945,15.800000190734863,28900,0.0,0.0
2016-03-22 00:00:00-04:00,15.979999542236328,16.149999618530273,15.279999732971191,15.369999885559082,27800,0.0,0.0
2016-03-23 00:00:00-04:00,15.279999732971191,15.75,14.699999809265137,15.0,35400,0.0,0.0
2016-03-24 00:00:00-04:00,14.899999618530273,15.069999694824219,14.119999885559082,14.770000457763672,59900,0.0,0.0
2016-03-28 00:00:00-04:00,14.680000305175781,14.989999771118164,14.680000305175781,14.90999984741211,13900,0.0,0.0
2016-03-29 00:00:00-04:00,14.899999618530273,15.710000038146973,14.899999618530273,15.489999771118164,18900,0.0,0.0
2016-03-30 00:00:00-04:00,15.489999771118164,15.600000381469727,15.140000343322754,15.449999809265137,11000,0.0,0.0
2016-03-31 00:00:00-04:00,15.6899995803833,19.239999771118164,15.65999984741211,18.950000762939453,59700,0.0,0.0
2016-04-01 00:00:00-04:00,19.3799991607666,21.979999542236328,18.739999771118164,20.5,88400,0.0,0.0
2016-04-04 00:00:00-04:00,20.450000762939453,21.459999084472656,20.06999969482422,20.5,34700,0.0,0.0
2016-04-05 00:00:00-04:00,19.93000030517578,20.489999771118164,19.0,19.690000534057617,55600,0.0,0.0
2016-04-06 00:00:00-04:00,19.739999771118164,21.5,18.75,20.84000015258789,41000,0.0,0.0
2016-04-07 00:00:00-04:00,20.75,21.270000457763672,20.0,20.690000534057617,31100,0.0,0.0
2016-04-08 00:00:00-04:00,21.110000610351562,21.405000686645508,19.81999969482422,20.15999984741211,21800,0.0,0.0
2016-04-11 00:00:00-04:00,20.229999542236328,20.6200008392334,19.459999084472656,19.979999542236328,26300,0.0,0.0
2016-04-12 00:00:00-04:00,19.53499984741211,20.520000457763672,19.53499984741211,19.610000610351562,29200,0.0,0.0
2016-04-13 00:00:00-04:00,19.670000076293945,20.625,19.670000076293945,20.0,27700,0.0,0.0
2016-04-14 00:00:00-04:00,20.059999465942383,20.389999389648438,19.75,20.100000381469727,36700,0.0,0.0
2016-04-15 00:00:00-04:00,20.020000457763672,20.389999389648438,19.860000610351562,20.059999465942383,28900,0.0,0.0
2016-04-18 00:00:00-04:00,19.860000610351562,20.34000015258789,19.709999084472656,19.90999984741211,20700,0.0,0.0
2016-04-19 00:00:00-04:00,19.889999389648438,20.559999465942383,19.309999465942383,20.399999618530273,45100,0.0,0.0
2016-04-20 00:00:00-04:00,20.030000686645508,20.969999313354492,18.81999969482422,19.809999465942383,18000,0.0,0.0
2016-04-21 00:00:00-04:00,19.670000076293945,19.899999618530273,19.43000030517578,19.690000534057617,30300,0.0,0.0
2016-04-22 00:00:00-04:00,19.579999923706055,19.989999771118164,19.350000381469727,19.65999984741211,34900,0.0,0.0
2016-04-25 00:00:00-04:00,19.770000457763672,20.0,19.450000762939453,19.68000030517578,23000,0.0,0.0
2016-04-26 00:00:00-04:00,19.670000076293945,22.040000915527344,19.56999969482422,21.780000686645508,39200,0.0,0.0
2016-04-27 00:00:00-04:00,21.920000076293945,21.920000076293945,20.110000610351562,20.479999542236328,30600,0.0,0.0
2016-04-28 00:00:00-04:00,20.270000457763672,20.399999618530273,18.899999618530273,19.760000228881836,48500,0.0,0.0
2016-04-29 00:00:00-04:00,19.889999389648438,19.889999389648438,18.260000228881836,18.479999542236328,29200,0.0,0.0
2016-05-02 00:00:00-04:00,18.780000686645508,20.510000228881836,18.510000228881836,20.40999984741211,27100,0.0,0.0
2016-05-03 00:00:00-04:00,20.34000015258789,21.489999771118164,18.69099998474121,20.6299991607666,40600,0.0,0.0
2016-05-04 00:00:00-04:00,20.610000610351562,21.0,19.299999237060547,19.690000534057617,31200,0.0,0.0
2016-05-05 00:00:00-04:00,19.450000762939453,21.290000915527344,19.450000762939453,21.020000457763672,29400,0.0,0.0
2016-05-06 00:00:00-04:00,21.3799991607666,21.3799991607666,20.030000686645508,20.709999084472656,26800,0.0,0.0
2016-05-09 00:00:00-04:00,20.719999313354492,21.018999099731445,20.030000686645508,20.5,27700,0.0,0.0
2016-05-10 00:00:00-04:00,20.399999618530273,21.049999237060547,19.15999984741211,19.979999542236328,34700,0.0,0.0
2016-05-11 00:00:00-04:00,19.729999542236328,19.729999542236328,17.969999313354492,17.969999313354492,19000,0.0,0.0
2016-05-12 00:00:00-04:00,18.040000915527344,18.510000228881836,16.860000610351562,16.93000030517578,13300,0.0,0.0
2016-05-13 00:00:00-04:00,17.100000381469727,21.40999984741211,17.100000381469727,19.059999465942383,150000,0.0,0.0
2016-05-16 00:00:00-04:00,19.329999923706055,20.969999313354492,18.65999984741211,19.190000534057617,84300,0.0,0.0
2016-05-17 00:00:00-04:00,19.924999237060547,21.299999237060547,19.059999465942383,19.18000030517578,78700,0.0,0.0
2016-05-18 00:00:00-04:00,19.09000015258789,20.600000381469727,19.0,19.920000076293945,39700,0.0,0.0
2016-05-19 00:00:00-04:00,19.59000015258789,20.600000381469727,18.469999313354492,19.790000915527344,36600,0.0,0.0
2016-05-20 00:00:00-04:00,19.93000030517578,20.549999237060547,19.399999618530273,20.350000381469727,33700,0.0,0.0
2016-05-23 00:00:00-04:00,20.299999237060547,21.059999465942383,18.915000915527344,19.209999084472656,79600,0.0,0.0
2016-05-24 00:00:00-04:00,19.350000381469727,19.90999984741211,18.950000762939453,19.799999237060547,33200,0.0,0.0
2016-05-25 00:00:00-04:00,19.469999313354492,20.9950008392334,19.469999313354492,20.489999771118164,48900,0.0,0.0
2016-05-26 00:00:00-04:00,20.3799991607666,20.399999618530273,19.309999465942383,19.700000762939453,18500,0.0,0.0
2016-05-27 00:00:00-04:00,19.549999237060547,20.8799991607666,19.25,20.0,65400,0.0,0.0
2016-05-31 00:00:00-04:00,19.799999237060547,20.739999771118164,19.049999237060547,19.979999542236328,155800,0.0,0.0
2016-06-01 00:00:00-04:00,20.420000076293945,20.920000076293945,19.8799991607666,20.239999771118164,79900,0.0,0.0
2016-06-02 00:00:00-04:00,20.579999923706055,21.350000381469727,20.280000686645508,20.940000534057617,62500,0.0,0.0
2016-06-03 00:00:00-04:00,20.739999771118164,21.5,20.010000228881836,20.209999084472656,153700,0.0,0.0
2016-06-06 00:00:00-04:00,21.149999618530273,23.579999923706055,20.062000274658203,22.06999969482422,216800,0.0,0.0
2016-06-07 00:00:00-04:00,21.899999618530273,22.690000534057617,21.6200008392334,21.90999984741211,122600,0.0,0.0
2016-06-08 00:00:00-04:00,22.360000610351562,22.360000610351562,21.290000915527344,21.639999389648438,54300,0.0,0.0
2016-06-09 00:00:00-04:00,21.40999984741211,21.899999618530273,21.190000534057617,21.56999969482422,89300,0.0,0.0
2016-06-10 00:00:00-04:00,21.610000610351562,23.190000534057617,21.565000534057617,21.969999313354492,216700,0.0,0.0
2016-06-13 00:00:00-04:00,21.969999313354492,23.239999771118164,20.34000015258789,20.440000534057617,78900,0.0,0.0
2016-06-14 00:00:00-04:00,20.700000762939453,20.969999313354492,18.975000381469727,19.389999389648438,86400,0.0,0.0
2016-06-15 00:00:00-04:00,19.149999618530273,20.969999313354492,19.0,19.200000762939453,78000,0.0,0.0
2016-06-16 00:00:00-04:00,18.920000076293945,19.559999465942383,18.920000076293945,19.469999313354492,52200,0.0,0.0
2016-06-17 00:00:00-04:00,19.540000915527344,19.540000915527344,18.110000610351562,18.93000030517578,245100,0.0,0.0
2016-06-20 00:00:00-04:00,18.93000030517578,19.420000076293945,18.280000686645508,19.1299991607666,77200,0.0,0.0
2016-06-21 00:00:00-04:00,19.25,19.25,17.297000885009766,17.829999923706055,65600,0.0,0.0
2016-06-22 00:00:00-04:00,17.799999237060547,18.329999923706055,17.209999084472656,18.06999969482422,76400,0.0,0.0
2016-06-23 00:00:00-04:00,18.09000015258789,18.770000457763672,17.510000228881836,18.209999084472656,53500,0.0,0.0
2016-06-24 00:00:00-04:00,17.739999771118164,18.979999542236328,17.440000534057617,18.100000381469727,484500,0.0,0.0
2016-06-27 00:00:00-04:00,18.18000030517578,18.309999465942383,17.100000381469727,17.68000030517578,105200,0.0,0.0
2016-06-28 00:00:00-04:00,17.90999984741211,18.639999389648438,17.75,18.06999969482422,38200,0.0,0.0
2016-06-29 00:00:00-04:00,18.260000228881836,18.549999237060547,18.040000915527344,18.31999969482422,39300,0.0,0.0
2016-06-30 00:00:00-04:00,18.510000228881836,18.690000534057617,18.100000381469727,18.469999313354492,47400,0.0,0.0
2016-07-01 00:00:00-04:00,18.170000076293945,19.239999771118164,17.899999618530273,19.049999237060547,55600,0.0,0.0
2016-07-05 00:00:00-04:00,18.979999542236328,19.959999084472656,18.850000381469727,18.959999084472656,38100,0.0,0.0
2016-07-06 00:00:00-04:00,18.940000534057617,19.6299991607666,18.895000457763672,19.34000015258789,34000,0.0,0.0
2016-07-07 00:00:00-04:00,19.447999954223633,19.639999389648438,19.049999237060547,19.520000457763672,36300,0.0,0.0
2016-07-08 00:00:00-04:00,19.600000381469727,20.260000228881836,19.309999465942383,20.1299991607666,54900,0.0,0.0
2016-07-11 00:00:00-04:00,20.329999923706055,20.440000534057617,19.84000015258789,20.1299991607666,27000,0.0,0.0
2016-07-12 00:00:00-04:00,20.040000915527344,20.399999618530273,19.600000381469727,20.110000610351562,81300,0.0,0.0
2016-07-13 00:00:00-04:00,20.3700008392334,20.43000030517578,19.65999984741211,19.850000381469727,55400,0.0,0.0
2016-07-14 00:00:00-04:00,20.31999969482422,20.31999969482422,19.600000381469727,20.15999984741211,33800,0.0,0.0
2016-07-15 00:00:00-04:00,20.360000610351562,20.639999389648438,20.229999542236328,20.299999237060547,60300,0.0,0.0
2016-07-18 00:00:00-04:00,20.440000534057617,20.440000534057617,19.920000076293945,20.219999313354492,63100,0.0,0.0
2016-07-19 00:00:00-04:00,20.510000228881836,20.841999053955078,20.079999923706055,20.200000762939453,30300,0.0,0.0
2016-07-20 00:00:00-04:00,20.420000076293945,21.06999969482422,20.290000915527344,20.75,76300,0.0,0.0
2016-07-21 00:00:00-04:00,20.829999923706055,21.46500015258789,20.829999923706055,20.979999542236328,120400,0.0,0.0
2016-07-22 00:00:00-04:00,21.149999618530273,21.31999969482422,20.75,20.90999984741211,22800,0.0,0.0
2016-07-25 00:00:00-04:00,20.81999969482422,20.81999969482422,19.610000610351562,19.719999313354492,56500,0.0,0.0
2016-07-26 00:00:00-04:00,19.850000381469727,20.540000915527344,19.719999313354492,20.25,38200,0.0,0.0
2016-07-27 00:00:00-04:00,20.540000915527344,20.899999618530273,20.059999465942383,20.350000381469727,61500,0.0,0.0
2016-07-28 00:00:00-04:00,20.639999389648438,20.739999771118164,19.969999313354492,20.209999084472656,46200,0.0,0.0
2016-07-29 00:00:00-04:00,20.350000381469727,20.59000015258789,19.700000762939453,19.700000762939453,92100,0.0,0.0
2016-08-01 00:00:00-04:00,19.809999465942383,20.06999969482422,19.56999969482422,19.760000228881836,57500,0.0,0.0
2016-08-02 00:00:00-04:00,19.809999465942383,20.280000686645508,18.68000030517578,18.899999618530273,43900,0.0,0.0
2016-08-03 00:00:00-04:00,19.299999237060547,19.299999237060547,18.610000610351562,18.8799991607666,43900,0.0,0.0
2016-08-04 00:00:00-04:00,19.285999298095703,19.285999298095703,18.81999969482422,18.8700008392334,26200,0.0,0.0
2016-08-05 00:00:00-04:00,19.010000228881836,19.25,18.81999969482422,18.93000030517578,22900,0.0,0.0
2016-08-08 00:00:00-04:00,18.8700008392334,19.184999465942383,18.5,18.760000228881836,46700,0.0,0.0
2016-08-09 00:00:00-04:00,18.709999084472656,18.950000762939453,18.56999969482422,18.84000015258789,21200,0.0,0.0
2016-08-10 00:00:00-04:00,19.010000228881836,19.53499984741211,18.239999771118164,18.690000534057617,31900,0.0,0.0
2016-08-11 00:00:00-04:00,18.399999618530273,19.610000610351562,18.239999771118164,19.139999389648438,39500,0.0,0.0
2016-08-12 00:00:00-04:00,19.469999313354492,19.469999313354492,18.739999771118164,19.270000457763672,22300,0.0,0.0
2016-08-15 00:00:00-04:00,19.510000228881836,20.059999465942383,19.299999237060547,19.829999923706055,28200,0.0,0.0
2016-08-16 00:00:00-04:00,19.809999465942383,20.110000610351562,19.5,20.0,31500,0.0,0.0
2016-08-17 00:00:00-04:00,20.010000228881836,20.459999084472656,19.729999542236328,20.170000076293945,30900,0.0,0.0
2016-08-18 00:00:00-04:00,20.610000610351562,20.610000610351562,19.540000915527344,20.0,136900,0.0,0.0
2016-08-19 00:00:00-04:00,20.020000457763672,20.59000015258789,19.610000610351562,20.139999389648438,33700,0.0,0.0
2016-08-22 00:00:00-04:00,20.149999618530273,21.288999557495117,19.75,20.799999237060547,42200,0.0,0.0
2016-08-23 00:00:00-04:00,20.84000015258789,21.389999389648438,20.510000228881836,21.239999771118164,67400,0.0,0.0
2016-08-24 00:00:00-04:00,21.360000610351562,21.8700008392334,20.610000610351562,20.81999969482422,35100,0.0,0.0
2016-08-25 00:00:00-04:00,20.65999984741211,21.290000915527344,19.780000686645508,20.229999542236328,32000,0.0,0.0
2016-08-26 00:00:00-04:00,20.600000381469727,21.5,19.899999618530273,21.34000015258789,92400,0.0,0.0
2016-08-29 00:00:00-04:00,21.59000015258789,22.489999771118164,21.489999771118164,22.219999313354492,111700,0.0,0.0
2016-08-30 00:00:00-04:00,22.280000686645508,22.65999984741211,21.040000915527344,21.190000534057617,57000,0.0,0.0
2016-08-31 00:00:00-04:00,21.329999923706055,21.479999542236328,20.0,20.15999984741211,58200,0.0,0.0
2016-09-01 00:00:00-04:00,20.31999969482422,21.2189998626709,20.040000915527344,20.68000030517578,67000,0.0,0.0
2016-09-02 00:00:00-04:00,20.920000076293945,20.920000076293945,20.43000030517578,20.860000610351562,18900,0.0,0.0
2016-09-06 00:00:00-04:00,20.8799991607666,22.46500015258789,20.5,21.809999465942383,72400,0.0,0.0
2016-09-07 00:00:00-04:00,21.979999542236328,22.59000015258789,21.65999984741211,22.559999465942383,86200,0.0,0.0
2016-09-08 00:00:00-04:00,22.56999969482422,23.290000915527344,22.209999084472656,23.020000457763672,50500,0.0,0.0
2016-09-09 00:00:00-04:00,22.729999542236328,23.0,21.469999313354492,21.489999771118164,24700,0.0,0.0
2016-09-12 00:00:00-04:00,21.0,23.440000534057617,20.8700008392334,23.239999771118164,86900,0.0,0.0
2016-09-13 00:00:00-04:00,22.799999237060547,24.100000381469727,22.350000381469727,23.829999923706055,102800,0.0,0.0
2016-09-14 00:00:00-04:00,23.799999237060547,24.450000762939453,23.329999923706055,23.90999984741211,91900,0.0,0.0
2016-09-15 00:00:00-04:00,24.040000915527344,24.5,23.760000228881836,24.149999618530273,500700,0.0,0.0
2016-09-16 00:00:00-04:00,24.440000534057617,25.0,24.290000915527344,24.5,395300,0.0,0.0
2016-09-19 00:00:00-04:00,25.040000915527344,25.290000915527344,23.69499969482422,23.799999237060547,85300,0.0,0.0
2016-09-20 00:00:00-04:00,24.270000457763672,24.739999771118164,23.850000381469727,24.3799991607666,61500,0.0,0.0
2016-09-21 00:00:00-04:00,24.459999084472656,24.790000915527344,24.270000457763672,24.5,207100,0.0,0.0
2016-09-22 00:00:00-04:00,24.739999771118164,25.075000762939453,24.492000579833984,25.030000686645508,70600,0.0,0.0
2016-09-23 00:00:00-04:00,25.09000015258789,25.399999618530273,24.850000381469727,24.860000610351562,264900,0.0,0.0
2016-09-26 00:00:00-04:00,24.729999542236328,25.020000457763672,24.450000762939453,24.93000030517578,118400,0.0,0.0
2016-09-27 00:00:00-04:00,25.030000686645508,25.5,24.68000030517578,25.149999618530273,123900,0.0,0.0
2016-09-28 00:00:00-04:00,25.299999237060547,25.549999237060547,24.770000457763672,25.290000915527344,63500,0.0,0.0
2016-09-29 00:00:00-04:00,25.610000610351562,25.610000610351562,24.6299991607666,25.15999984741211,88200,0.0,0.0
2016-09-30 00:00:00-04:00,25.530000686645508,25.760000228881836,25.200000762939453,25.610000610351562,143700,0.0,0.0
2016-10-03 00:00:00-04:00,25.489999771118164,25.950000762939453,24.809999465942383,25.489999771118164,101500,0.0,0.0
2016-10-04 00:00:00-04:00,25.520000457763672,25.520000457763672,24.190000534057617,24.850000381469727,81600,0.0,0.0
2016-10-05 00:00:00-04:00,24.84000015258789,25.5,24.600000381469727,25.100000381469727,48700,0.0,0.0
2016-10-06 00:00:00-04:00,25.0,25.1200008392334,24.5,24.6200008392334,79000,0.0,0.0
2016-10-07 00:00:00-04:00,24.5,24.75,24.399999618530273,24.639999389648438,74400,0.0,0.0
2016-10-10 00:00:00-04:00,25.165000915527344,25.299999237060547,24.81999969482422,24.979999542236328,151300,0.0,0.0
2016-10-11 00:00:00-04:00,24.8799991607666,25.06999969482422,24.440000534057617,24.489999771118164,84600,0.0,0.0
2016-10-12 00:00:00-04:00,24.540000915527344,25.024999618530273,24.059999465942383,24.40999984741211,35400,0.0,0.0
2016-10-13 00:00:00-04:00,24.170000076293945,24.540000915527344,23.959999084472656,23.979999542236328,49200,0.0,0.0
2016-10-14 00:00:00-04:00,24.170000076293945,24.170000076293945,22.610000610351562,22.6299991607666,46500,0.0,0.0
2016-10-17 00:00:00-04:00,22.260000228881836,22.719999313354492,22.100000381469727,22.25,37900,0.0,0.0
2016-10-18 00:00:00-04:00,22.450000762939453,22.799999237060547,21.94499969482422,22.700000762939453,68200,0.0,0.0
2016-10-19 00:00:00-04:00,22.6200008392334,22.84000015258789,22.024999618530273,22.190000534057617,20900,0.0,0.0
2016-10-20 00:00:00-04:00,22.309999465942383,22.399999618530273,21.670000076293945,22.1200008392334,116100,0.0,0.0
2016-10-21 00:00:00-04:00,22.110000610351562,22.68000030517578,21.780000686645508,22.290000915527344,120300,0.0,0.0
2016-10-24 00:00:00-04:00,22.450000762939453,22.799999237060547,22.204999923706055,22.290000915527344,81100,0.0,0.0
2016-10-25 00:00:00-04:00,22.350000381469727,23.030000686645508,21.43000030517578,22.010000228881836,152900,0.0,0.0
2016-10-26 00:00:00-04:00,21.829999923706055,22.440000534057617,21.43000030517578,21.989999771118164,54400,0.0,0.0
2016-10-27 00:00:00-04:00,22.399999618530273,22.40999984741211,21.31999969482422,21.450000762939453,34700,0.0,0.0
2016-10-28 00:00:00-04:00,21.31999969482422,21.770000457763672,20.860000610351562,21.34000015258789,50200,0.0,0.0
2016-10-31 00:00:00-04:00,21.43000030517578,21.440000534057617,20.899999618530273,21.25,33300,0.0,0.0
2016-11-01 00:00:00-04:00,21.209999084472656,21.229999542236328,20.6200008392334,20.81999969482422,80000,0.0,0.0
2016-11-02 00:00:00-04:00,20.420000076293945,21.309999465942383,20.35099983215332,21.100000381469727,53300,0.0,0.0
2016-11-03 00:00:00-04:00,21.5,21.5,20.149999618530273,20.739999771118164,116900,0.0,0.0
2016-11-04 00:00:00-04:00,20.899999618530273,21.420000076293945,20.639999389648438,20.8799991607666,94600,0.0,0.0
2016-11-07 00:00:00-05:00,21.25,21.850000381469727,20.8799991607666,21.079999923706055,68100,0.0,0.0
2016-11-08 00:00:00-05:00,21.479999542236328,21.584999084472656,20.360000610351562,20.530000686645508,111500,0.0,0.0
2016-11-09 00:00:00-05:00,20.670000076293945,22.729999542236328,20.670000076293945,22.5,715000,0.0,0.0
2016-11-10 00:00:00-05:00,22.8700008392334,23.479999542236328,22.3700008392334,22.549999237060547,120400,0.0,0.0
2016-11-11 00:00:00-05:00,22.479999542236328,23.1299991607666,22.399999618530273,22.700000762939453,160600,0.0,0.0
2016-11-14 00:00:00-05:00,23.1200008392334,23.190000534057617,22.110000610351562,22.520000457763672,128800,0.0,0.0
2016-11-15 00:00:00-05:00,22.649999618530273,23.850000381469727,22.649999618530273,23.43000030517578,678000,0.0,0.0
2016-11-16 00:00:00-05:00,24.93000030517578,24.93000030517578,20.979999542236328,22.860000610351562,1776500,0.0,0.0
2016-11-17 00:00:00-05:00,20.200000762939453,23.959999084472656,20.200000762939453,23.81999969482422,572700,0.0,0.0
2016-11-18 00:00:00-05:00,24.399999618530273,26.149999618530273,24.100000381469727,25.979999542236328,2795400,0.0,0.0
2016-11-21 00:00:00-05:00,25.450000762939453,27.14299964904785,24.554000854492188,27.020000457763672,291000,0.0,0.0
2016-11-22 00:00:00-05:00,26.790000915527344,27.399999618530273,24.3799991607666,27.15999984741211,262700,0.0,0.0
2016-11-23 00:00:00-05:00,26.8700008392334,28.290000915527344,26.56999969482422,28.139999389648438,245700,0.0,0.0
2016-11-25 00:00:00-05:00,28.049999237060547,28.770000457763672,27.400999069213867,27.729999542236328,271300,0.0,0.0
2016-11-28 00:00:00-05:00,27.90999984741211,28.309999465942383,27.270000457763672,28.040000915527344,230700,0.0,0.0
2016-11-29 00:00:00-05:00,29.0,30.440000534057617,28.5,30.139999389648438,664600,0.0,0.0
2016-11-30 00:00:00-05:00,30.329999923706055,30.329999923706055,29.1200008392334,29.950000762939453,301800,0.0,0.0
2016-12-01 00:00:00-05:00,29.780000686645508,30.6299991607666,28.360000610351562,29.010000228881836,451800,0.0,0.0
2016-12-02 00:00:00-05:00,29.040000915527344,29.979999542236328,28.350000381469727,29.469999313354492,184400,0.0,0.0
2016-12-05 00:00:00-05:00,29.809999465942383,30.239999771118164,28.94300079345703,30.149999618530273,122400,0.0,0.0
2016-12-06 00:00:00-05:00,30.100000381469727,30.760000228881836,29.6200008392334,30.549999237060547,140500,0.0,0.0
2016-12-07 00:00:00-05:00,29.549999237060547,30.280000686645508,29.031999588012695,29.799999237060547,95600,0.0,0.0
2016-12-08 00:00:00-05:00,29.719999313354492,29.760000228881836,28.299999237060547,28.969999313354492,166300,0.0,0.0
2016-12-09 00:00:00-05:00,28.829999923706055,30.34000015258789,27.65999984741211,29.280000686645508,286300,0.0,0.0
2016-12-12 00:00:00-05:00,29.09000015258789,29.31999969482422,28.489999771118164,28.81999969482422,109700,0.0,0.0
2016-12-13 00:00:00-05:00,29.020000457763672,29.1200008392334,28.309999465942383,28.450000762939453,106800,0.0,0.0
2016-12-14 00:00:00-05:00,28.299999237060547,29.59000015258789,27.520000457763672,28.5,139000,0.0,0.0
2016-12-15 00:00:00-05:00,28.43000030517578,29.229999542236328,27.780000686645508,28.920000076293945,190300,0.0,0.0
2016-12-16 00:00:00-05:00,29.020000457763672,31.440000534057617,28.81999969482422,31.25,495600,0.0,0.0
2016-12-19 00:00:00-05:00,31.68000030517578,31.799999237060547,30.530000686645508,30.770000457763672,232600,0.0,0.0
2016-12-20 00:00:00-05:00,30.799999237060547,31.40999984741211,30.09000015258789,30.290000915527344,136400,0.0,0.0
2016-12-21 00:00:00-05:00,30.290000915527344,30.739999771118164,29.65999984741211,29.809999465942383,132700,0.0,0.0
2016-12-22 00:00:00-05:00,29.790000915527344,29.809999465942383,27.84000015258789,28.079999923706055,116100,0.0,0.0
2016-12-23 00:00:00-05:00,28.110000610351562,28.540000915527344,27.649999618530273,28.209999084472656,226700,0.0,0.0
2016-12-27 00:00:00-05:00,28.200000762939453,28.385000228881836,27.565000534057617,27.6200008392334,142500,0.0,0.0
2016-12-28 00:00:00-05:00,27.649999618530273,27.780000686645508,27.180999755859375,27.399999618530273,128600,0.0,0.0
2016-12-29 00:00:00-05:00,27.399999618530273,27.780000686645508,26.59000015258789,27.100000381469727,142000,0.0,0.0
2016-12-30 00:00:00-05:00,26.989999771118164,27.3799991607666,26.7549991607666,27.139999389648438,138000,0.0,0.0
2017-01-03 00:00:00-05:00,27.209999084472656,28.1299991607666,26.545000076293945,27.950000762939453,385000,0.0,0.0
2017-01-04 00:00:00-05:00,27.959999084472656,29.440000534057617,27.959999084472656,29.389999389648438,147100,0.0,0.0
2017-01-05 00:00:00-05:00,29.299999237060547,29.899999618530273,28.229999542236328,28.920000076293945,126300,0.0,0.0
2017-01-06 00:00:00-05:00,29.079999923706055,29.329999923706055,28.649999618530273,28.959999084472656,121700,0.0,0.0
2017-01-09 00:00:00-05:00,28.969999313354492,30.239999771118164,28.450000762939453,30.010000228881836,209400,0.0,0.0
2017-01-10 00:00:00-05:00,30.020000457763672,30.020000457763672,28.25,29.25,916400,0.0,0.0
2017-01-11 00:00:00-05:00,29.239999771118164,29.239999771118164,26.954999923706055,28.510000228881836,395400,0.0,0.0
2017-01-12 00:00:00-05:00,28.31999969482422,29.079999923706055,27.885000228881836,28.6200008392334,223600,0.0,0.0
2017-01-13 00:00:00-05:00,28.75,29.28499984741211,28.389999389648438,28.700000762939453,171000,0.0,0.0
2017-01-17 00:00:00-05:00,28.600000381469727,28.959999084472656,27.809999465942383,28.09000015258789,147000,0.0,0.0
2017-01-18 00:00:00-05:00,28.06999969482422,28.5,26.700000762939453,28.0,198200,0.0,0.0
2017-01-19 00:00:00-05:00,28.139999389648438,28.299999237060547,27.530000686645508,27.75,101400,0.0,0.0
2017-01-20 00:00:00-05:00,27.68000030517578,27.8799991607666,26.860000610351562,27.190000534057617,329100,0.0,0.0
2017-01-23 00:00:00-05:00,27.200000762939453,27.719999313354492,25.93000030517578,26.43000030517578,195600,0.0,0.0
2017-01-24 00:00:00-05:00,26.579999923706055,27.243000030517578,25.889999389648438,27.15999984741211,447400,0.0,0.0
2017-01-25 00:00:00-05:00,27.079999923706055,27.739999771118164,26.81999969482422,27.299999237060547,102900,0.0,0.0
2017-01-26 00:00:00-05:00,27.309999465942383,27.6200008392334,26.229999542236328,27.040000915527344,65200,0.0,0.0
2017-01-27 00:00:00-05:00,26.899999618530273,27.299999237060547,26.540000915527344,26.93000030517578,64500,0.0,0.0
2017-01-30 00:00:00-05:00,26.6200008392334,26.920000076293945,25.90999984741211,26.110000610351562,131200,0.0,0.0
2017-01-31 00:00:00-05:00,26.010000228881836,26.719999313354492,25.530000686645508,26.530000686645508,234400,0.0,0.0
2017-02-01 00:00:00-05:00,26.520000457763672,26.920000076293945,25.889999389648438,26.350000381469727,287300,0.0,0.0
2017-02-02 00:00:00-05:00,26.329999923706055,26.350000381469727,25.420000076293945,25.59000015258789,150800,0.0,0.0
2017-02-03 00:00:00-05:00,25.84000015258789,26.190000534057617,25.270000457763672,25.8700008392334,342500,0.0,0.0
2017-02-06 00:00:00-05:00,25.81999969482422,25.975000381469727,24.829999923706055,25.25,260600,0.0,0.0
2017-02-07 00:00:00-05:00,25.280000686645508,25.68000030517578,24.860000610351562,25.100000381469727,228300,0.0,0.0
2017-02-08 00:00:00-05:00,25.0,26.030000686645508,24.8700008392334,26.010000228881836,144600,0.0,0.0
2017-02-09 00:00:00-05:00,25.959999084472656,26.850000381469727,25.959999084472656,26.600000381469727,155300,0.0,0.0
2017-02-10 00:00:00-05:00,26.690000534057617,27.25,26.25,26.510000228881836,92600,0.0,0.0
2017-02-13 00:00:00-05:00,26.68000030517578,27.59000015258789,26.575000762939453,27.350000381469727,192200,0.0,0.0
2017-02-14 00:00:00-05:00,27.520000457763672,28.34000015258789,27.280000686645508,28.299999237060547,129900,0.0,0.0
2017-02-15 00:00:00-05:00,28.25,28.25,27.530000686645508,27.809999465942383,144800,0.0,0.0
2017-02-16 00:00:00-05:00,27.809999465942383,27.809999465942383,27.049999237060547,27.469999313354492,90600,0.0,0.0
2017-02-17 00:00:00-05:00,27.510000228881836,27.95400047302246,26.825000762939453,27.8799991607666,121200,0.0,0.0
2017-02-21 00:00:00-05:00,28.040000915527344,28.124000549316406,26.739999771118164,27.649999618530273,141700,0.0,0.0
2017-02-22 00:00:00-05:00,27.520000457763672,27.690000534057617,26.9950008392334,27.190000534057617,82800,0.0,0.0
2017-02-23 00:00:00-05:00,27.40999984741211,29.780000686645508,26.889999389648438,29.520000457763672,623000,0.0,0.0
2017-02-24 00:00:00-05:00,29.260000228881836,31.3799991607666,28.399999618530273,30.799999237060547,334700,0.0,0.0
2017-02-27 00:00:00-05:00,30.700000762939453,32.29999923706055,29.920000076293945,32.08000183105469,313700,0.0,0.0
2017-02-28 00:00:00-05:00,31.969999313354492,31.969999313354492,30.719999313354492,31.229999542236328,585400,0.0,0.0
2017-03-01 00:00:00-05:00,31.100000381469727,31.360000610351562,30.399999618530273,31.239999771118164,539400,0.0,0.0
2017-03-02 00:00:00-05:00,31.100000381469727,31.8700008392334,30.440000534057617,30.809999465942383,312200,0.0,0.0
2017-03-03 00:00:00-05:00,30.729999542236328,32.18000030517578,30.43000030517578,32.130001068115234,215700,0.0,0.0
2017-03-06 00:00:00-05:00,32.130001068115234,32.72999954223633,31.299999237060547,32.650001525878906,174000,0.0,0.0
2017-03-07 00:00:00-05:00,32.470001220703125,32.95000076293945,31.81999969482422,32.13999938964844,132200,0.0,0.0
2017-03-08 00:00:00-05:00,32.2599983215332,33.25,31.799999237060547,31.889999389648438,127200,0.0,0.0
2017-03-09 00:00:00-05:00,31.899999618530273,32.380001068115234,30.850000381469727,31.440000534057617,116200,0.0,0.0
2017-03-10 00:00:00-05:00,31.670000076293945,31.889999389648438,30.43000030517578,31.139999389648438,197200,0.0,0.0
2017-03-13 00:00:00-04:00,31.190000534057617,31.56999969482422,30.06999969482422,31.1299991607666,93100,0.0,0.0
2017-03-14 00:00:00-04:00,31.09000015258789,31.139999389648438,29.889999389648438,30.479999542236328,89700,0.0,0.0
2017-03-15 00:00:00-04:00,29.75,31.719999313354492,28.709999084472656,30.649999618530273,372400,0.0,0.0
2017-03-16 00:00:00-04:00,30.809999465942383,30.809999465942383,28.700000762939453,29.0,301100,0.0,0.0
2017-03-17 00:00:00-04:00,29.0,30.059999465942383,28.809999465942383,28.979999542236328,210600,0.0,0.0
2017-03-20 00:00:00-04:00,28.979999542236328,28.979999542236328,28.100000381469727,28.8799991607666,387700,0.0,0.0
2017-03-21 00:00:00-04:00,28.8700008392334,29.110000610351562,27.360000610351562,28.719999313354492,489200,0.0,0.0
2017-03-22 00:00:00-04:00,28.65999984741211,29.649999618530273,28.5,29.610000610351562,381900,0.0,0.0
2017-03-23 00:00:00-04:00,29.309999465942383,30.260000228881836,29.010000228881836,30.229999542236328,189800,0.0,0.0
2017-03-24 00:00:00-04:00,30.280000686645508,30.739999771118164,29.84000015258789,30.530000686645508,240900,0.0,0.0
2017-03-27 00:00:00-04:00,30.299999237060547,31.43000030517578,29.729999542236328,31.209999084472656,189700,0.0,0.0
2017-03-28 00:00:00-04:00,31.270000457763672,31.639999389648438,30.690000534057617,31.25,263800,0.0,0.0
2017-03-29 00:00:00-04:00,31.200000762939453,31.53499984741211,30.260000228881836,30.420000076293945,135700,0.0,0.0
2017-03-30 00:00:00-04:00,30.399999618530273,30.454999923706055,29.6200008392334,29.899999618530273,255100,0.0,0.0
2017-03-31 00:00:00-04:00,29.889999389648438,30.860000610351562,29.299999237060547,29.81999969482422,175500,0.0,0.0
2017-04-03 00:00:00-04:00,29.920000076293945,30.399999618530273,29.709999084472656,30.149999618530273,193600,0.0,0.0
2017-04-04 00:00:00-04:00,30.0,30.649999618530273,29.80299949645996,30.450000762939453,128300,0.0,0.0
2017-04-05 00:00:00-04:00,30.5,31.100000381469727,30.030000686645508,31.010000228881836,230300,0.0,0.0
2017-04-06 00:00:00-04:00,31.0,32.06999969482422,30.579999923706055,32.02000045776367,460400,0.0,0.0
2017-04-07 00:00:00-04:00,32.029998779296875,32.66999816894531,31.489999771118164,32.45000076293945,216700,0.0,0.0
2017-04-10 00:00:00-04:00,32.56999969482422,32.779998779296875,31.65999984741211,31.950000762939453,117100,0.0,0.0
2017-04-11 00:00:00-04:00,31.899999618530273,32.33000183105469,31.1299991607666,31.84000015258789,94800,0.0,0.0
2017-04-12 00:00:00-04:00,31.760000228881836,32.0,31.440000534057617,31.780000686645508,110200,0.0,0.0
2017-04-13 00:00:00-04:00,31.739999771118164,32.380001068115234,31.56999969482422,32.25,77800,0.0,0.0
2017-04-17 00:00:00-04:00,32.29999923706055,33.099998474121094,31.780000686645508,32.9900016784668,126000,0.0,0.0
2017-04-18 00:00:00-04:00,33.0,33.02000045776367,31.5,31.940000534057617,175200,0.0,0.0
2017-04-19 00:00:00-04:00,32.54999923706055,32.650001525878906,31.90999984741211,32.43000030517578,112900,0.0,0.0
2017-04-20 00:00:00-04:00,32.40999984741211,32.650001525878906,32.189998626708984,32.22999954223633,71500,0.0,0.0
2017-04-21 00:00:00-04:00,32.20000076293945,32.327999114990234,29.8799991607666,30.219999313354492,1194800,0.0,0.0
2017-04-24 00:00:00-04:00,30.56999969482422,31.500999450683594,29.950000762939453,30.030000686645508,220200,0.0,0.0
2017-04-25 00:00:00-04:00,30.100000381469727,30.34000015258789,28.200000762939453,29.25,709300,0.0,0.0
2017-04-26 00:00:00-04:00,28.989999771118164,29.68000030517578,28.649999618530273,28.8700008392334,377500,0.0,0.0
2017-04-27 00:00:00-04:00,28.969999313354492,28.969999313354492,28.100000381469727,28.81999969482422,271000,0.0,0.0
2017-04-28 00:00:00-04:00,28.559999465942383,28.860000610351562,27.860000610351562,28.110000610351562,262000,0.0,0.0
2017-05-01 00:00:00-04:00,28.270000457763672,28.600000381469727,27.549999237060547,28.110000610351562,173900,0.0,0.0
2017-05-02 00:00:00-04:00,28.040000915527344,28.360000610351562,27.020000457763672,27.139999389648438,150700,0.0,0.0
2017-05-03 00:00:00-04:00,27.020000457763672,27.31999969482422,26.5,26.969999313354492,256900,0.0,0.0
2017-05-04 00:00:00-04:00,26.899999618530273,26.899999618530273,25.3700008392334,26.649999618530273,496400,0.0,0.0
2017-05-05 00:00:00-04:00,26.729999542236328,26.75,25.899999618530273,26.06999969482422,194000,0.0,0.0
2017-05-08 00:00:00-04:00,26.010000228881836,26.280000686645508,25.139999389648438,25.239999771118164,209400,0.0,0.0
2017-05-09 00:00:00-04:00,25.399999618530273,25.40999984741211,24.530000686645508,25.110000610351562,166300,0.0,0.0
2017-05-10 00:00:00-04:00,25.229999542236328,27.06999969482422,24.799999237060547,26.829999923706055,398300,0.0,0.0
2017-05-11 00:00:00-04:00,26.829999923706055,26.860000610351562,25.5,25.75,743300,0.0,0.0
2017-05-12 00:00:00-04:00,25.780000686645508,27.190000534057617,25.440000534057617,26.709999084472656,271200,0.0,0.0
2017-05-15 00:00:00-04:00,26.68000030517578,26.81999969482422,25.649999618530273,25.729999542236328,193100,0.0,0.0
2017-05-16 00:00:00-04:00,25.700000762939453,26.6299991607666,25.545000076293945,26.610000610351562,153500,0.0,0.0
2017-05-17 00:00:00-04:00,26.329999923706055,26.674999237060547,25.5,25.559999465942383,584100,0.0,0.0
2017-05-18 00:00:00-04:00,25.489999771118164,26.09000015258789,25.450000762939453,25.950000762939453,196500,0.0,0.0
2017-05-19 00:00:00-04:00,25.899999618530273,26.450000762939453,24.809999465942383,24.850000381469727,210400,0.0,0.0
2017-05-22 00:00:00-04:00,24.959999084472656,25.55500030517578,24.510000228881836,24.809999465942383,137600,0.0,0.0
2017-05-23 00:00:00-04:00,24.860000610351562,24.8799991607666,24.1299991607666,24.31999969482422,293900,0.0,0.0
2017-05-24 00:00:00-04:00,24.270000457763672,25.09000015258789,24.079999923706055,24.979999542236328,191800,0.0,0.0
2017-05-25 00:00:00-04:00,24.979999542236328,25.540000915527344,24.600000381469727,25.209999084472656,253600,0.0,0.0
2017-05-26 00:00:00-04:00,25.209999084472656,25.559999465942383,24.75,24.809999465942383,366400,0.0,0.0
2017-05-30 00:00:00-04:00,24.739999771118164,24.84000015258789,23.0,23.3799991607666,520700,0.0,0.0
2017-05-31 00:00:00-04:00,23.530000686645508,24.170000076293945,23.34000015258789,23.780000686645508,171700,0.0,0.0
2017-06-01 00:00:00-04:00,23.709999084472656,23.774999618530273,23.31999969482422,23.549999237060547,444600,0.0,0.0
2017-06-02 00:00:00-04:00,23.59000015258789,23.882999420166016,23.43000030517578,23.610000610351562,529900,0.0,0.0
2017-06-05 00:00:00-04:00,23.700000762939453,23.850000381469727,22.75,23.309999465942383,791200,0.0,0.0
2017-06-06 00:00:00-04:00,23.149999618530273,24.670000076293945,22.780000686645508,24.260000228881836,290300,0.0,0.0
2017-06-07 00:00:00-04:00,24.200000762939453,24.899999618530273,24.03499984741211,24.40999984741211,354700,0.0,0.0
2017-06-08 00:00:00-04:00,24.329999923706055,25.6299991607666,24.329999923706055,25.389999389648438,272200,0.0,0.0
2017-06-09 00:00:00-04:00,25.520000457763672,25.520000457763672,24.350000381469727,24.84000015258789,497600,0.0,0.0
2017-06-12 00:00:00-04:00,24.829999923706055,24.829999923706055,24.040000915527344,24.479999542236328,212300,0.0,0.0
2017-06-13 00:00:00-04:00,24.579999923706055,24.780000686645508,23.93000030517578,24.610000610351562,282600,0.0,0.0
2017-06-14 00:00:00-04:00,24.719999313354492,25.575000762939453,24.3799991607666,25.06999969482422,365200,0.0,0.0
2017-06-15 00:00:00-04:00,24.979999542236328,25.46500015258789,24.309999465942383,24.579999923706055,257700,0.0,0.0
2017-06-16 00:00:00-04:00,25.0,25.959999084472656,24.760000228881836,25.489999771118164,511500,0.0,0.0
2017-06-19 00:00:00-04:00,25.559999465942383,26.385000228881836,25.280000686645508,25.760000228881836,291800,0.0,0.0
2017-06-20 00:00:00-04:00,25.729999542236328,26.540000915527344,25.25,26.059999465942383,263100,0.0,0.0
2017-06-21 00:00:00-04:00,26.18000030517578,26.760000228881836,25.540000915527344,26.229999542236328,269600,0.0,0.0
2017-06-22 00:00:00-04:00,26.329999923706055,26.6200008392334,25.625,26.020000457763672,295500,0.0,0.0
2017-06-23 00:00:00-04:00,25.969999313354492,27.190000534057617,25.815000534057617,27.18000030517578,1164700,0.0,0.0
2017-06-26 00:00:00-04:00,27.190000534057617,28.139999389648438,26.940000534057617,26.979999542236328,332200,0.0,0.0
2017-06-27 00:00:00-04:00,26.969999313354492,26.969999313354492,25.850000381469727,25.989999771118164,295500,0.0,0.0
2017-06-28 00:00:00-04:00,26.149999618530273,27.229999542236328,25.69499969482422,27.139999389648438,282900,0.0,0.0
2017-06-29 00:00:00-04:00,27.229999542236328,27.559999465942383,26.594999313354492,27.270000457763672,260500,0.0,0.0
2017-06-30 00:00:00-04:00,27.389999389648438,27.389999389648438,26.690000534057617,27.1200008392334,239100,0.0,0.0
2017-07-03 00:00:00-04:00,27.09000015258789,27.985000610351562,26.90999984741211,27.829999923706055,66100,0.0,0.0
2017-07-05 00:00:00-04:00,27.639999389648438,27.97800064086914,27.09000015258789,27.540000915527344,149100,0.0,0.0
2017-07-06 00:00:00-04:00,27.329999923706055,27.729999542236328,26.84000015258789,27.469999313354492,290100,0.0,0.0
2017-07-07 00:00:00-04:00,27.559999465942383,28.15999984741211,27.09000015258789,28.09000015258789,249400,0.0,0.0
2017-07-10 00:00:00-04:00,28.020000457763672,28.309999465942383,27.3799991607666,28.149999618530273,247400,0.0,0.0
2017-07-11 00:00:00-04:00,28.149999618530273,28.59000015258789,27.549999237060547,28.149999618530273,166700,0.0,0.0
2017-07-12 00:00:00-04:00,28.389999389648438,28.954999923706055,28.049999237060547,28.6200008392334,211100,0.0,0.0
2017-07-13 00:00:00-04:00,28.690000534057617,28.760000228881836,27.90999984741211,28.34000015258789,153900,0.0,0.0
2017-07-14 00:00:00-04:00,28.34000015258789,28.600000381469727,27.850000381469727,28.229999542236328,143100,0.0,0.0
2017-07-17 00:00:00-04:00,28.280000686645508,28.770000457763672,27.850000381469727,28.540000915527344,356700,0.0,0.0
2017-07-18 00:00:00-04:00,28.5,29.170000076293945,28.239999771118164,28.600000381469727,161900,0.0,0.0
2017-07-19 00:00:00-04:00,28.75,29.479999542236328,28.520000457763672,28.940000534057617,279600,0.0,0.0
2017-07-20 00:00:00-04:00,29.030000686645508,29.43000030517578,28.610000610351562,29.170000076293945,141900,0.0,0.0
2017-07-21 00:00:00-04:00,29.3799991607666,29.579999923706055,28.940000534057617,29.06999969482422,187600,0.0,0.0
2017-07-24 00:00:00-04:00,29.170000076293945,29.850000381469727,28.6200008392334,29.600000381469727,229600,0.0,0.0
2017-07-25 00:00:00-04:00,29.81999969482422,29.860000610351562,29.125,29.350000381469727,287600,0.0,0.0
2017-07-26 00:00:00-04:00,29.43000030517578,30.079999923706055,29.31999969482422,29.639999389648438,268600,0.0,0.0
2017-07-27 00:00:00-04:00,29.670000076293945,29.860000610351562,28.959999084472656,29.18000030517578,147400,0.0,0.0
2017-07-28 00:00:00-04:00,29.010000228881836,29.549999237060547,28.610000610351562,28.649999618530273,112400,0.0,0.0
2017-07-31 00:00:00-04:00,28.709999084472656,29.010000228881836,28.1200008392334,28.799999237060547,174300,0.0,0.0
2017-08-01 00:00:00-04:00,28.799999237060547,29.114999771118164,27.709999084472656,27.93000030517578,204700,0.0,0.0
2017-08-02 00:00:00-04:00,27.889999389648438,28.030000686645508,27.25,27.639999389648438,160400,0.0,0.0
2017-08-03 00:00:00-04:00,27.68000030517578,28.1200008392334,26.68000030517578,27.030000686645508,249700,0.0,0.0
2017-08-04 00:00:00-04:00,27.1200008392334,27.31999969482422,26.639999389648438,26.829999923706055,150600,0.0,0.0
2017-08-07 00:00:00-04:00,26.719999313354492,27.6200008392334,26.55500030517578,27.0,155400,0.0,0.0
2017-08-08 00:00:00-04:00,27.0,27.200000762939453,26.5,26.729999542236328,161900,0.0,0.0
2017-08-09 00:00:00-04:00,26.479999542236328,27.270000457763672,26.479999542236328,26.969999313354492,142100,0.0,0.0
2017-08-10 00:00:00-04:00,24.899999618530273,25.90999984741211,22.309999465942383,23.020000457763672,530900,0.0,0.0
2017-08-11 00:00:00-04:00,23.459999084472656,25.360000610351562,23.34000015258789,25.079999923706055,1243200,0.0,0.0
2017-08-14 00:00:00-04:00,25.299999237060547,26.989999771118164,25.280000686645508,26.59000015258789,337800,0.0,0.0
2017-08-15 00:00:00-04:00,26.709999084472656,27.040000915527344,25.979999542236328,26.899999618530273,343100,0.0,0.0
2017-08-16 00:00:00-04:00,27.190000534057617,27.649999618530273,26.540000915527344,26.59000015258789,167400,0.0,0.0
2017-08-17 00:00:00-04:00,27.190000534057617,27.190000534057617,25.229999542236328,25.260000228881836,319500,0.0,0.0
2017-08-18 00:00:00-04:00,25.100000381469727,25.399999618530273,24.260000228881836,24.959999084472656,264700,0.0,0.0
2017-08-21 00:00:00-04:00,24.969999313354492,25.040000915527344,24.510000228881836,24.600000381469727,309000,0.0,0.0
2017-08-22 00:00:00-04:00,24.56999969482422,25.299999237060547,24.34000015258789,24.600000381469727,243200,0.0,0.0
2017-08-23 00:00:00-04:00,24.440000534057617,25.829999923706055,24.15999984741211,25.709999084472656,253600,0.0,0.0
2017-08-24 00:00:00-04:00,25.809999465942383,26.43000030517578,25.600000381469727,25.81999969482422,354700,0.0,0.0
2017-08-25 00:00:00-04:00,25.920000076293945,26.239999771118164,24.760000228881836,24.84000015258789,702600,0.0,0.0
2017-08-28 00:00:00-04:00,25.010000228881836,25.104999542236328,23.950000762939453,24.450000762939453,250500,0.0,0.0
2017-08-29 00:00:00-04:00,24.25,24.969999313354492,23.905000686645508,24.600000381469727,211800,0.0,0.0
2017-08-30 00:00:00-04:00,24.649999618530273,25.729999542236328,24.649999618530273,25.049999237060547,428700,0.0,0.0
2017-08-31 00:00:00-04:00,25.06999969482422,25.940000534057617,24.940000534057617,25.93000030517578,180800,0.0,0.0
2017-09-01 00:00:00-04:00,25.8799991607666,26.1200008392334,25.34000015258789,25.799999237060547,112800,0.0,0.0
2017-09-05 00:00:00-04:00,25.799999237060547,26.3799991607666,25.59000015258789,25.8700008392334,175100,0.0,0.0
2017-09-06 00:00:00-04:00,25.959999084472656,26.6200008392334,25.75,26.440000534057617,186200,0.0,0.0
2017-09-07 00:00:00-04:00,26.450000762939453,27.420000076293945,26.149999618530273,27.3799991607666,429700,0.0,0.0
2017-09-08 00:00:00-04:00,27.469999313354492,27.940000534057617,26.969999313354492,27.450000762939453,328600,0.0,0.0
2017-09-11 00:00:00-04:00,27.940000534057617,28.93000030517578,26.530000686645508,26.59000015258789,371500,0.0,0.0
2017-09-12 00:00:00-04:00,26.65999984741211,26.65999984741211,25.510000228881836,26.079999923706055,218100,0.0,0.0
2017-09-13 00:00:00-04:00,26.100000381469727,27.219999313354492,26.100000381469727,26.950000762939453,305600,0.0,0.0
2017-09-14 00:00:00-04:00,26.799999237060547,27.1200008392334,26.3799991607666,26.440000534057617,348300,0.0,0.0
2017-09-15 00:00:00-04:00,26.5,26.549999237060547,25.579999923706055,25.829999923706055,913000,0.0,0.0
2017-09-18 00:00:00-04:00,25.790000915527344,25.85099983215332,25.229999542236328,25.350000381469727,120000,0.0,0.0
2017-09-19 00:00:00-04:00,25.549999237060547,25.969999313354492,25.1200008392334,25.290000915527344,356100,0.0,0.0
2017-09-20 00:00:00-04:00,25.299999237060547,25.90999984741211,24.850000381469727,25.860000610351562,145900,0.0,0.0
2017-09-21 00:00:00-04:00,25.760000228881836,26.049999237060547,25.5,25.969999313354492,135000,0.0,0.0
2017-09-22 00:00:00-04:00,25.940000534057617,26.290000915527344,25.40999984741211,25.510000228881836,189300,0.0,0.0
2017-09-25 00:00:00-04:00,25.549999237060547,26.045000076293945,25.3700008392334,26.0,125900,0.0,0.0
2017-09-26 00:00:00-04:00,26.1200008392334,26.450000762939453,25.780000686645508,25.93000030517578,202900,0.0,0.0
2017-09-27 00:00:00-04:00,26.010000228881836,26.34000015258789,25.8700008392334,26.049999237060547,121600,0.0,0.0
2017-09-28 00:00:00-04:00,26.020000457763672,26.264999389648438,25.520000457763672,25.790000915527344,138100,0.0,0.0
2017-09-29 00:00:00-04:00,25.8799991607666,26.229999542236328,25.325000762939453,25.809999465942383,515100,0.0,0.0
2017-10-02 00:00:00-04:00,26.0,26.479999542236328,25.6200008392334,26.399999618530273,303300,0.0,0.0
2017-10-03 00:00:00-04:00,26.329999923706055,26.3799991607666,25.690000534057617,26.239999771118164,149900,0.0,0.0
2017-10-04 00:00:00-04:00,26.350000381469727,26.739999771118164,26.239999771118164,26.700000762939453,162500,0.0,0.0
2017-10-05 00:00:00-04:00,26.649999618530273,27.700000762939453,26.649999618530273,27.209999084472656,258000,0.0,0.0
2017-10-06 00:00:00-04:00,27.059999465942383,27.899999618530273,27.010000228881836,27.610000610351562,305700,0.0,0.0
2017-10-09 00:00:00-04:00,27.5,28.6200008392334,27.239999771118164,27.799999237060547,417700,0.0,0.0
2017-10-10 00:00:00-04:00,28.0,28.15999984741211,26.93000030517578,27.030000686645508,522900,0.0,0.0
2017-10-11 00:00:00-04:00,27.0,27.399999618530273,26.43000030517578,26.56999969482422,661900,0.0,0.0
2017-10-12 00:00:00-04:00,26.40999984741211,26.8799991607666,26.25,26.549999237060547,463400,0.0,0.0
2017-10-13 00:00:00-04:00,26.459999084472656,26.75,25.959999084472656,26.139999389648438,170700,0.0,0.0
2017-10-16 00:00:00-04:00,26.25,26.6200008392334,25.809999465942383,26.540000915527344,177100,0.0,0.0
2017-10-17 00:00:00-04:00,26.59000015258789,26.780000686645508,26.229999542236328,26.549999237060547,116500,0.0,0.0
2017-10-18 00:00:00-04:00,26.6299991607666,27.09000015258789,26.53499984741211,27.030000686645508,150500,0.0,0.0
2017-10-19 00:00:00-04:00,26.959999084472656,27.200000762939453,26.09000015258789,26.6299991607666,198400,0.0,0.0
2017-10-20 00:00:00-04:00,26.8700008392334,27.049999237060547,26.059999465942383,26.09000015258789,261100,0.0,0.0
2017-10-23 00:00:00-04:00,26.06999969482422,26.139999389648438,25.25,25.81999969482422,191100,0.0,0.0
2017-10-24 00:00:00-04:00,25.84000015258789,26.329999923706055,25.479999542236328,25.56999969482422,120800,0.0,0.0
2017-10-25 00:00:00-04:00,25.56999969482422,26.239999771118164,25.260000228881836,25.389999389648438,149800,0.0,0.0
2017-10-26 00:00:00-04:00,25.290000915527344,25.290000915527344,23.950000762939453,24.110000610351562,261300,0.0,0.0
2017-10-27 00:00:00-04:00,24.18000030517578,24.7450008392334,24.049999237060547,24.690000534057617,114700,0.0,0.0
2017-10-30 00:00:00-04:00,24.59000015258789,25.260000228881836,24.530000686645508,25.219999313354492,118200,0.0,0.0
2017-10-31 00:00:00-04:00,25.190000534057617,25.600000381469727,25.049999237060547,25.209999084472656,93300,0.0,0.0
2017-11-01 00:00:00-04:00,25.25,25.469999313354492,24.770000457763672,25.010000228881836,137300,0.0,0.0
2017-11-02 00:00:00-04:00,25.1299991607666,25.18000030517578,24.389999389648438,24.489999771118164,307200,0.0,0.0
2017-11-03 00:00:00-04:00,24.510000228881836,24.71500015258789,24.31999969482422,24.549999237060547,393700,0.0,0.0
2017-11-06 00:00:00-05:00,24.65999984741211,24.780000686645508,23.959999084472656,24.010000228881836,199000,0.0,0.0
2017-11-07 00:00:00-05:00,23.93000030517578,24.1299991607666,21.920000076293945,21.979999542236328,535100,0.0,0.0
2017-11-08 00:00:00-05:00,22.0,23.1200008392334,21.469999313354492,22.649999618530273,444900,0.0,0.0
2017-11-09 00:00:00-05:00,22.459999084472656,22.739999771118164,21.9950008392334,22.040000915527344,215500,0.0,0.0
2017-11-10 00:00:00-05:00,21.979999542236328,23.270000457763672,21.780000686645508,23.229999542236328,133700,0.0,0.0
2017-11-13 00:00:00-05:00,23.059999465942383,23.219999313354492,22.1299991607666,22.290000915527344,197800,0.0,0.0
2017-11-14 00:00:00-05:00,22.170000076293945,22.520000457763672,21.959999084472656,22.280000686645508,283100,0.0,0.0
2017-11-15 00:00:00-05:00,22.06999969482422,22.700000762939453,21.969999313354492,22.329999923706055,954700,0.0,0.0
2017-11-16 00:00:00-05:00,22.31999969482422,22.860000610351562,22.15999984741211,22.690000534057617,349100,0.0,0.0
2017-11-17 00:00:00-05:00,22.6299991607666,23.1299991607666,22.489999771118164,22.899999618530273,212200,0.0,0.0
2017-11-20 00:00:00-05:00,22.899999618530273,23.42099952697754,22.700000762939453,22.81999969482422,165000,0.0,0.0
2017-11-21 00:00:00-05:00,22.920000076293945,23.190000534057617,22.600000381469727,22.690000534057617,147600,0.0,0.0
2017-11-22 00:00:00-05:00,22.700000762939453,23.549999237060547,22.700000762939453,23.1200008392334,277100,0.0,0.0
2017-11-24 00:00:00-05:00,23.209999084472656,23.420000076293945,23.110000610351562,23.270000457763672,72200,0.0,0.0
2017-11-27 00:00:00-05:00,23.34000015258789,23.68000030517578,23.139999389648438,23.31999969482422,172300,0.0,0.0
2017-11-28 00:00:00-05:00,23.280000686645508,23.3799991607666,22.850000381469727,23.030000686645508,198900,0.0,0.0
2017-11-29 00:00:00-05:00,23.110000610351562,23.549999237060547,22.940000534057617,23.219999313354492,475200,0.0,0.0
2017-11-30 00:00:00-05:00,23.399999618530273,24.549999237060547,23.309999465942383,23.709999084472656,892100,0.0,0.0
2017-12-01 00:00:00-05:00,23.719999313354492,24.350000381469727,21.81999969482422,22.270000457763672,631200,0.0,0.0
2017-12-04 00:00:00-05:00,22.59000015258789,23.040000915527344,21.31999969482422,21.469999313354492,396900,0.0,0.0
2017-12-05 00:00:00-05:00,21.760000228881836,23.350000381469727,21.510000228881836,22.81999969482422,749000,0.0,0.0
2017-12-06 00:00:00-05:00,22.799999237060547,22.829999923706055,21.43000030517578,22.020000457763672,289600,0.0,0.0
2017-12-07 00:00:00-05:00,22.0,22.809999465942383,21.5,22.110000610351562,284300,0.0,0.0
2017-12-08 00:00:00-05:00,22.209999084472656,23.270000457763672,22.149999618530273,22.959999084472656,313400,0.0,0.0
2017-12-11 00:00:00-05:00,23.1200008392334,24.90999984741211,23.1200008392334,24.84000015258789,386200,0.0,0.0
2017-12-12 00:00:00-05:00,25.0,25.489999771118164,24.469999313354492,24.790000915527344,419600,0.0,0.0
2017-12-13 00:00:00-05:00,24.799999237060547,25.110000610351562,24.389999389648438,25.100000381469727,516600,0.0,0.0
2017-12-14 00:00:00-05:00,25.110000610351562,25.690000534057617,24.559999465942383,24.719999313354492,418000,0.0,0.0
2017-12-15 00:00:00-05:00,25.0,25.299999237060547,22.885000228881836,24.229999542236328,2573900,0.0,0.0
2017-12-18 00:00:00-05:00,24.34000015258789,24.56999969482422,23.549999237060547,24.1200008392334,574100,0.0,0.0
2017-12-19 00:00:00-05:00,24.0,24.350000381469727,23.719999313354492,23.760000228881836,272000,0.0,0.0
2017-12-20 00:00:00-05:00,23.850000381469727,24.15999984741211,23.39900016784668,23.59000015258789,385800,0.0,0.0
2017-12-21 00:00:00-05:00,23.549999237060547,23.559999465942383,22.760000228881836,22.809999465942383,304000,0.0,0.0
2017-12-22 00:00:00-05:00,22.760000228881836,23.110000610351562,22.329999923706055,22.829999923706055,332800,0.0,0.0
2017-12-26 00:00:00-05:00,22.799999237060547,23.459999084472656,22.530000686645508,23.260000228881836,251300,0.0,0.0
2017-12-27 00:00:00-05:00,23.420000076293945,24.25,23.280000686645508,23.889999389648438,200900,0.0,0.0
2017-12-28 00:00:00-05:00,23.90999984741211,25.329999923706055,23.649999618530273,25.139999389648438,341400,0.0,0.0
2017-12-29 00:00:00-05:00,25.100000381469727,25.389999389648438,24.56999969482422,24.65999984741211,339700,0.0,0.0
2018-01-02 00:00:00-05:00,24.8799991607666,25.09000015258789,24.260000228881836,25.030000686645508,352500,0.0,0.0
2018-01-03 00:00:00-05:00,25.0,25.030000686645508,23.860000610351562,23.90999984741211,259300,0.0,0.0
2018-01-04 00:00:00-05:00,24.079999923706055,24.420000076293945,23.459999084472656,24.190000534057617,308700,0.0,0.0
2018-01-05 00:00:00-05:00,24.219999313354492,24.65999984741211,24.104999542236328,24.6299991607666,177500,0.0,0.0
2018-01-08 00:00:00-05:00,24.760000228881836,25.59000015258789,24.5,25.3799991607666,488200,0.0,0.0
2018-01-09 00:00:00-05:00,25.579999923706055,25.700000762939453,25.280000686645508,25.639999389648438,311500,0.0,0.0
2018-01-10 00:00:00-05:00,25.579999923706055,25.579999923706055,25.059999465942383,25.420000076293945,331400,0.0,0.0
2018-01-11 00:00:00-05:00,25.40999984741211,25.659000396728516,25.049999237060547,25.510000228881836,113500,0.0,0.0
2018-01-12 00:00:00-05:00,25.540000915527344,26.25,24.8700008392334,25.0,374800,0.0,0.0
2018-01-16 00:00:00-05:00,25.06999969482422,25.56999969482422,23.510000228881836,24.100000381469727,338800,0.0,0.0
2018-01-17 00:00:00-05:00,24.25,24.989999771118164,23.520000457763672,24.399999618530273,406500,0.0,0.0
2018-01-18 00:00:00-05:00,24.3799991607666,24.770000457763672,23.510000228881836,24.260000228881836,231600,0.0,0.0
2018-01-19 00:00:00-05:00,24.3799991607666,24.809999465942383,23.8700008392334,24.399999618530273,319700,0.0,0.0
2018-01-22 00:00:00-05:00,24.469999313354492,25.1299991607666,23.969999313354492,24.790000915527344,323400,0.0,0.0
2018-01-23 00:00:00-05:00,24.950000762939453,25.889999389648438,24.809999465942383,25.06999969482422,279200,0.0,0.0
2018-01-24 00:00:00-05:00,25.040000915527344,25.40999984741211,24.299999237060547,24.639999389648438,296600,0.0,0.0
2018-01-25 00:00:00-05:00,24.899999618530273,25.020000457763672,23.68000030517578,24.610000610351562,386800,0.0,0.0
2018-01-26 00:00:00-05:00,24.81999969482422,25.0,24.25,24.530000686645508,277800,0.0,0.0
2018-01-29 00:00:00-05:00,24.510000228881836,24.950000762939453,23.350000381469727,23.610000610351562,398200,0.0,0.0
2018-01-30 00:00:00-05:00,23.309999465942383,23.31999969482422,22.469999313354492,22.56999969482422,285200,0.0,0.0
2018-01-31 00:00:00-05:00,22.649999618530273,22.649999618530273,21.760000228881836,22.1200008392334,398900,0.0,0.0
2018-02-01 00:00:00-05:00,22.0,22.389999389648438,21.579999923706055,22.09000015258789,225200,0.0,0.0
2018-02-02 00:00:00-05:00,22.260000228881836,22.260000228881836,20.8799991607666,20.959999084472656,461100,0.0,0.0
2018-02-05 00:00:00-05:00,20.770000457763672,21.30500030517578,20.020000457763672,20.020000457763672,539700,0.0,0.0
2018-02-06 00:00:00-05:00,19.520000457763672,20.6299991607666,19.280000686645508,19.399999618530273,907300,0.0,0.0
2018-02-07 00:00:00-05:00,19.030000686645508,20.389999389648438,18.524999618530273,19.899999618530273,980700,0.0,0.0
2018-02-08 00:00:00-05:00,19.90999984741211,20.899999618530273,19.030000686645508,19.56999969482422,465900,0.0,0.0
2018-02-09 00:00:00-05:00,20.360000610351562,20.709999084472656,18.459999084472656,19.010000228881836,555400,0.0,0.0
2018-02-12 00:00:00-05:00,19.110000610351562,19.56999969482422,18.969999313354492,19.100000381469727,225800,0.0,0.0
2018-02-13 00:00:00-05:00,19.0,19.530000686645508,18.84000015258789,19.479999542236328,196200,0.0,0.0
2018-02-14 00:00:00-05:00,19.25,19.65999984741211,19.0,19.559999465942383,287500,0.0,0.0
2018-02-15 00:00:00-05:00,19.68000030517578,20.239999771118164,19.290000915527344,20.219999313354492,220400,0.0,0.0
2018-02-16 00:00:00-05:00,20.290000915527344,20.510000228881836,19.799999237060547,20.1299991607666,228000,0.0,0.0
2018-02-20 00:00:00-05:00,20.040000915527344,21.0,19.81999969482422,19.90999984741211,280100,0.0,0.0
2018-02-21 00:00:00-05:00,19.959999084472656,20.770000457763672,19.90999984741211,20.010000228881836,188500,0.0,0.0
2018-02-22 00:00:00-05:00,19.989999771118164,20.40999984741211,19.920000076293945,20.010000228881836,127200,0.0,0.0
2018-02-23 00:00:00-05:00,20.170000076293945,20.3799991607666,19.860000610351562,20.190000534057617,119600,0.0,0.0
2018-02-26 00:00:00-05:00,20.170000076293945,20.90999984741211,20.0,20.190000534057617,236700,0.0,0.0
2018-02-27 00:00:00-05:00,20.18000030517578,20.450000762939453,19.959999084472656,20.020000457763672,157900,0.0,0.0
2018-02-28 00:00:00-05:00,19.959999084472656,20.229999542236328,19.940000534057617,19.940000534057617,199200,0.0,0.0
2018-03-01 00:00:00-05:00,19.93000030517578,20.113000869750977,18.8799991607666,19.540000915527344,400100,0.0,0.0
2018-03-02 00:00:00-05:00,19.3700008392334,20.559999465942383,19.3700008392334,20.450000762939453,268600,0.0,0.0
2018-03-05 00:00:00-05:00,20.329999923706055,20.40999984741211,19.829999923706055,20.1299991607666,217400,0.0,0.0
2018-03-06 00:00:00-05:00,20.1200008392334,20.5,19.8799991607666,20.450000762939453,235000,0.0,0.0
2018-03-07 00:00:00-05:00,20.25,20.639999389648438,20.145000457763672,20.59000015258789,296400,0.0,0.0
2018-03-08 00:00:00-05:00,20.59000015258789,20.81999969482422,20.319000244140625,20.559999465942383,148400,0.0,0.0
2018-03-09 00:00:00-05:00,20.90999984741211,21.549999237060547,20.469999313354492,21.280000686645508,408400,0.0,0.0
2018-03-12 00:00:00-04:00,22.3700008392334,22.40999984741211,18.959999084472656,19.75,777200,0.0,0.0
2018-03-13 00:00:00-04:00,19.8799991607666,21.350000381469727,19.700000762939453,19.860000610351562,569300,0.0,0.0
2018-03-14 00:00:00-04:00,20.0,20.15999984741211,18.860000610351562,19.65999984741211,301900,0.0,0.0
2018-03-15 00:00:00-04:00,19.68000030517578,19.75,18.670000076293945,18.790000915527344,263600,0.0,0.0
2018-03-16 00:00:00-04:00,18.860000610351562,19.040000915527344,18.299999237060547,18.6299991607666,510600,0.0,0.0
2018-03-19 00:00:00-04:00,18.65999984741211,18.65999984741211,17.5,17.8799991607666,340500,0.0,0.0
2018-03-20 00:00:00-04:00,17.850000381469727,18.079999923706055,17.270000457763672,17.959999084472656,237500,0.0,0.0
2018-03-21 00:00:00-04:00,18.010000228881836,18.469999313354492,17.75,18.010000228881836,123300,0.0,0.0
2018-03-22 00:00:00-04:00,17.8799991607666,18.299999237060547,17.75,17.90999984741211,250700,0.0,0.0
2018-03-23 00:00:00-04:00,17.899999618530273,18.149999618530273,17.6200008392334,17.65999984741211,218200,0.0,0.0
2018-03-26 00:00:00-04:00,17.860000610351562,18.139999389648438,16.94499969482422,17.100000381469727,321300,0.0,0.0
2018-03-27 00:00:00-04:00,17.139999389648438,17.909000396728516,16.75,17.079999923706055,257500,0.0,0.0
2018-03-28 00:00:00-04:00,17.510000228881836,18.90999984741211,17.510000228881836,18.43000030517578,360600,0.0,0.0
2018-03-29 00:00:00-04:00,18.43000030517578,18.43000030517578,17.510000228881836,17.520000457763672,282400,0.0,0.0
2018-04-02 00:00:00-04:00,17.440000534057617,17.450000762939453,16.4950008392334,16.649999618530273,344700,0.0,0.0
2018-04-03 00:00:00-04:00,16.75,17.18000030517578,16.01099967956543,16.799999237060547,237300,0.0,0.0
2018-04-04 00:00:00-04:00,16.549999237060547,16.899999618530273,16.3799991607666,16.579999923706055,262200,0.0,0.0
2018-04-05 00:00:00-04:00,16.670000076293945,17.1200008392334,16.5,16.65999984741211,171100,0.0,0.0
2018-04-06 00:00:00-04:00,16.59000015258789,17.125,16.229999542236328,16.459999084472656,194500,0.0,0.0
2018-04-09 00:00:00-04:00,16.920000076293945,17.40999984741211,16.209999084472656,16.520000457763672,245900,0.0,0.0
2018-04-10 00:00:00-04:00,16.950000762939453,17.43000030517578,16.68000030517578,17.350000381469727,292500,0.0,0.0
2018-04-11 00:00:00-04:00,17.219999313354492,17.56999969482422,17.1200008392334,17.3700008392334,291100,0.0,0.0
2018-04-12 00:00:00-04:00,17.3799991607666,17.899999618530273,17.290000915527344,17.65999984741211,191800,0.0,0.0
2018-04-13 00:00:00-04:00,17.75,17.790000915527344,17.40999984741211,17.6200008392334,123900,0.0,0.0
2018-04-16 00:00:00-04:00,17.65999984741211,17.799999237060547,17.31999969482422,17.780000686645508,195200,0.0,0.0
2018-04-17 00:00:00-04:00,17.84000015258789,18.290000915527344,17.639999389648438,18.229999542236328,223400,0.0,0.0
2018-04-18 00:00:00-04:00,18.1299991607666,18.290000915527344,17.320999145507812,17.5,219800,0.0,0.0
2018-04-19 00:00:00-04:00,17.440000534057617,18.018999099731445,17.200000762939453,17.600000381469727,211400,0.0,0.0
2018-04-20 00:00:00-04:00,17.520000457763672,17.8799991607666,17.3799991607666,17.729999542236328,267800,0.0,0.0
2018-04-23 00:00:00-04:00,17.75,18.0,17.489999771118164,17.690000534057617,183900,0.0,0.0
2018-04-24 00:00:00-04:00,17.65999984741211,17.954999923706055,17.360000610351562,17.770000457763672,215600,0.0,0.0
2018-04-25 00:00:00-04:00,17.670000076293945,17.958999633789062,17.3799991607666,17.729999542236328,270100,0.0,0.0
2018-04-26 00:00:00-04:00,17.68000030517578,17.860000610351562,17.55500030517578,17.790000915527344,150600,0.0,0.0
2018-04-27 00:00:00-04:00,17.739999771118164,18.1200008392334,17.739999771118164,18.079999923706055,108600,0.0,0.0
2018-04-30 00:00:00-04:00,18.059999465942383,18.389999389648438,17.729999542236328,17.75,178500,0.0,0.0
2018-05-01 00:00:00-04:00,17.780000686645508,18.219999313354492,17.625,18.06999969482422,147100,0.0,0.0
2018-05-02 00:00:00-04:00,18.139999389648438,18.3799991607666,17.979999542236328,18.1299991607666,109800,0.0,0.0
2018-05-03 00:00:00-04:00,18.149999618530273,18.15999984741211,17.649999618530273,17.799999237060547,243600,0.0,0.0
2018-05-04 00:00:00-04:00,17.790000915527344,18.219999313354492,17.719999313354492,18.0,178100,0.0,0.0
2018-05-07 00:00:00-04:00,18.079999923706055,18.579999923706055,17.979999542236328,18.100000381469727,225000,0.0,0.0
2018-05-08 00:00:00-04:00,18.18000030517578,19.34000015258789,18.100000381469727,18.3700008392334,241600,0.0,0.0
2018-05-09 00:00:00-04:00,17.450000762939453,18.5049991607666,17.450000762939453,18.010000228881836,269600,0.0,0.0
2018-05-10 00:00:00-04:00,18.09000015258789,18.593000411987305,17.239999771118164,18.209999084472656,227400,0.0,0.0
2018-05-11 00:00:00-04:00,18.209999084472656,19.0,18.1299991607666,18.860000610351562,195800,0.0,0.0
2018-05-14 00:00:00-04:00,18.90999984741211,19.8700008392334,18.90999984741211,19.440000534057617,268100,0.0,0.0
2018-05-15 00:00:00-04:00,19.360000610351562,19.59000015258789,19.010000228881836,19.450000762939453,161900,0.0,0.0
2018-05-16 00:00:00-04:00,19.489999771118164,19.889999389648438,19.0,19.43000030517578,343400,0.0,0.0
2018-05-17 00:00:00-04:00,19.489999771118164,19.81999969482422,19.450000762939453,19.639999389648438,143600,0.0,0.0
2018-05-18 00:00:00-04:00,19.770000457763672,20.1200008392334,19.489999771118164,20.030000686645508,190400,0.0,0.0
2018-05-21 00:00:00-04:00,20.200000762939453,20.200000762939453,18.81599998474121,19.09000015258789,318300,0.0,0.0
2018-05-22 00:00:00-04:00,19.040000915527344,19.375,18.969999313354492,18.989999771118164,206100,0.0,0.0
2018-05-23 00:00:00-04:00,18.989999771118164,19.549999237060547,18.8799991607666,19.110000610351562,134300,0.0,0.0
2018-05-24 00:00:00-04:00,19.1299991607666,19.315000534057617,18.850000381469727,19.139999389648438,159700,0.0,0.0
2018-05-25 00:00:00-04:00,19.09000015258789,19.450000762939453,18.81999969482422,19.079999923706055,136500,0.0,0.0
2018-05-29 00:00:00-04:00,19.059999465942383,19.44499969482422,18.75,18.950000762939453,177400,0.0,0.0
2018-05-30 00:00:00-04:00,18.979999542236328,19.1200008392334,17.559999465942383,17.899999618530273,280700,0.0,0.0
2018-05-31 00:00:00-04:00,17.889999389648438,18.389999389648438,17.579999923706055,18.06999969482422,216200,0.0,0.0
2018-06-01 00:00:00-04:00,18.170000076293945,18.5,18.040000915527344,18.260000228881836,198200,0.0,0.0
2018-06-04 00:00:00-04:00,18.34000015258789,18.34000015258789,17.540000915527344,17.709999084472656,264300,0.0,0.0
2018-06-05 00:00:00-04:00,17.709999084472656,18.09000015258789,17.65999984741211,17.780000686645508,227100,0.0,0.0
2018-06-06 00:00:00-04:00,17.8700008392334,18.530000686645508,17.799999237060547,18.34000015258789,156100,0.0,0.0
2018-06-07 00:00:00-04:00,18.399999618530273,18.700000762939453,18.15999984741211,18.350000381469727,171400,0.0,0.0
2018-06-08 00:00:00-04:00,18.270000457763672,19.649999618530273,17.950000762939453,19.3700008392334,417900,0.0,0.0
2018-06-11 00:00:00-04:00,19.31999969482422,20.0,19.1299991607666,19.850000381469727,224400,0.0,0.0
2018-06-12 00:00:00-04:00,20.0,20.40999984741211,19.950000762939453,20.1299991607666,732400,0.0,0.0
2018-06-13 00:00:00-04:00,20.209999084472656,20.3700008392334,19.719999313354492,19.81999969482422,312600,0.0,0.0
2018-06-14 00:00:00-04:00,19.790000915527344,20.15999984741211,19.450000762939453,19.780000686645508,263700,0.0,0.0
2018-06-15 00:00:00-04:00,19.670000076293945,20.09000015258789,19.56999969482422,19.93000030517578,591200,0.0,0.0
2018-06-18 00:00:00-04:00,19.90999984741211,20.079999923706055,19.559999465942383,19.850000381469727,177600,0.0,0.0
2018-06-19 00:00:00-04:00,19.780000686645508,20.09000015258789,19.56999969482422,19.850000381469727,191400,0.0,0.0
2018-06-20 00:00:00-04:00,19.920000076293945,20.43000030517578,19.75,20.329999923706055,218200,0.0,0.0
2018-06-21 00:00:00-04:00,20.3799991607666,20.540000915527344,19.889999389648438,19.920000076293945,155000,0.0,0.0
2018-06-22 00:00:00-04:00,19.959999084472656,20.049999237060547,19.350000381469727,19.389999389648438,700600,0.0,0.0
2018-06-25 00:00:00-04:00,19.479999542236328,19.639999389648438,18.440000534057617,18.8799991607666,290500,0.0,0.0
2018-06-26 00:00:00-04:00,18.81999969482422,19.670000076293945,18.655000686645508,19.469999313354492,206800,0.0,0.0
2018-06-27 00:00:00-04:00,19.479999542236328,20.030000686645508,18.709999084472656,19.1200008392334,234300,0.0,0.0
2018-06-28 00:00:00-04:00,19.059999465942383,19.229999542236328,18.799999237060547,19.15999984741211,290200,0.0,0.0
2018-06-29 00:00:00-04:00,19.299999237060547,20.469999313354492,18.979999542236328,19.969999313354492,349300,0.0,0.0
2018-07-02 00:00:00-04:00,19.889999389648438,19.959999084472656,19.260000228881836,19.530000686645508,140500,0.0,0.0
2018-07-03 00:00:00-04:00,19.56999969482422,19.979999542236328,19.3700008392334,19.760000228881836,128600,0.0,0.0
2018-07-05 00:00:00-04:00,19.84000015258789,20.790000915527344,19.84000015258789,20.75,282500,0.0,0.0
2018-07-06 00:00:00-04:00,20.799999237060547,21.110000610351562,20.010000228881836,20.489999771118164,280400,0.0,0.0
2018-07-09 00:00:00-04:00,20.559999465942383,21.9689998626709,20.280000686645508,20.799999237060547,199000,0.0,0.0
2018-07-10 00:00:00-04:00,20.899999618530273,21.058000564575195,20.25,20.729999542236328,149900,0.0,0.0
2018-07-11 00:00:00-04:00,20.829999923706055,21.3700008392334,20.639999389648438,20.889999389648438,188600,0.0,0.0
2018-07-12 00:00:00-04:00,20.8700008392334,21.020000457763672,19.735000610351562,20.43000030517578,281700,0.0,0.0
2018-07-13 00:00:00-04:00,20.459999084472656,20.649999618530273,20.209999084472656,20.59000015258789,164700,0.0,0.0
2018-07-16 00:00:00-04:00,20.559999465942383,20.559999465942383,19.809999465942383,20.5,176300,0.0,0.0
2018-07-17 00:00:00-04:00,20.670000076293945,20.799999237060547,19.950000762939453,20.100000381469727,119500,0.0,0.0
2018-07-18 00:00:00-04:00,20.049999237060547,20.280000686645508,19.780000686645508,20.200000762939453,167600,0.0,0.0
2018-07-19 00:00:00-04:00,20.290000915527344,20.5,19.93000030517578,20.43000030517578,195900,0.0,0.0
2018-07-20 00:00:00-04:00,20.399999618530273,20.55900001525879,20.190000534057617,20.479999542236328,119000,0.0,0.0
2018-07-23 00:00:00-04:00,20.450000762939453,20.75,20.18899917602539,20.56999969482422,118900,0.0,0.0
2018-07-24 00:00:00-04:00,20.600000381469727,20.6200008392334,19.81999969482422,19.979999542236328,507900,0.0,0.0
2018-07-25 00:00:00-04:00,19.950000762939453,20.31999969482422,19.780000686645508,19.850000381469727,177800,0.0,0.0
2018-07-26 00:00:00-04:00,19.860000610351562,19.860000610351562,18.469999313354492,18.670000076293945,186800,0.0,0.0
2018-07-27 00:00:00-04:00,18.770000457763672,18.770000457763672,17.764999389648438,17.989999771118164,335900,0.0,0.0
2018-07-30 00:00:00-04:00,18.010000228881836,18.1200008392334,16.670000076293945,16.739999771118164,279800,0.0,0.0
2018-07-31 00:00:00-04:00,16.84000015258789,17.190000534057617,16.309999465942383,17.139999389648438,254400,0.0,0.0
2018-08-01 00:00:00-04:00,17.100000381469727,17.739999771118164,17.100000381469727,17.479999542236328,311800,0.0,0.0
2018-08-02 00:00:00-04:00,17.3799991607666,18.290000915527344,17.270000457763672,18.079999923706055,221800,0.0,0.0
2018-08-03 00:00:00-04:00,18.889999389648438,18.97800064086914,16.1200008392334,17.80500030517578,505200,0.0,0.0
2018-08-06 00:00:00-04:00,17.8799991607666,17.979999542236328,17.2450008392334,17.2450008392334,352800,0.0,0.0
2018-08-07 00:00:00-04:00,17.270000457763672,17.420000076293945,16.709999084472656,17.25,267700,0.0,0.0
2018-08-08 00:00:00-04:00,17.239999771118164,17.459999084472656,17.049999237060547,17.3700008392334,157400,0.0,0.0
2018-08-09 00:00:00-04:00,17.34000015258789,17.600000381469727,17.280000686645508,17.459999084472656,90200,0.0,0.0
2018-08-10 00:00:00-04:00,17.43000030517578,17.520000457763672,17.229999542236328,17.299999237060547,87200,0.0,0.0
2018-08-13 00:00:00-04:00,17.309999465942383,17.389999389648438,17.0,17.1200008392334,128800,0.0,0.0
2018-08-14 00:00:00-04:00,17.110000610351562,17.219999313354492,16.239999771118164,16.270000457763672,127800,0.0,0.0
2018-08-15 00:00:00-04:00,16.299999237060547,16.3799991607666,15.069999694824219,15.770000457763672,317500,0.0,0.0
2018-08-16 00:00:00-04:00,15.960000038146973,16.209999084472656,15.65999984741211,15.800000190734863,124600,0.0,0.0
2018-08-17 00:00:00-04:00,15.800000190734863,15.949999809265137,15.430000305175781,15.649999618530273,174500,0.0,0.0
2018-08-20 00:00:00-04:00,15.829999923706055,16.190000534057617,15.539999961853027,16.020000457763672,221800,0.0,0.0
2018-08-21 00:00:00-04:00,16.010000228881836,16.299999237060547,15.739999771118164,15.930000305175781,150700,0.0,0.0
2018-08-22 00:00:00-04:00,15.90999984741211,16.3700008392334,15.470000267028809,15.520000457763672,127100,0.0,0.0
2018-08-23 00:00:00-04:00,15.5,15.630000114440918,14.114999771118164,14.449999809265137,596800,0.0,0.0
2018-08-24 00:00:00-04:00,14.520000457763672,15.550000190734863,14.329999923706055,15.449999809265137,616100,0.0,0.0
2018-08-27 00:00:00-04:00,15.5,15.779999732971191,14.3100004196167,14.380000114440918,230800,0.0,0.0
2018-08-28 00:00:00-04:00,14.470000267028809,16.18000030517578,14.3100004196167,15.9399995803833,932300,0.0,0.0
2018-08-29 00:00:00-04:00,15.90999984741211,16.15999984741211,15.380000114440918,15.670000076293945,302100,0.0,0.0
2018-08-30 00:00:00-04:00,15.670000076293945,15.800000190734863,14.569999694824219,14.699999809265137,376900,0.0,0.0
2018-08-31 00:00:00-04:00,14.75,16.020000457763672,14.65999984741211,15.920000076293945,200300,0.0,0.0
2018-09-04 00:00:00-04:00,15.90999984741211,15.90999984741211,15.260000228881836,15.420000076293945,141900,0.0,0.0
2018-09-05 00:00:00-04:00,15.40999984741211,16.1299991607666,15.234999656677246,16.0,235600,0.0,0.0
2018-09-06 00:00:00-04:00,16.059999465942383,16.489999771118164,15.25,15.260000228881836,257700,0.0,0.0
2018-09-07 00:00:00-04:00,14.970000267028809,15.425000190734863,14.744000434875488,15.279999732971191,238200,0.0,0.0
2018-09-10 00:00:00-04:00,15.270000457763672,15.720000267028809,15.0600004196167,15.09000015258789,104600,0.0,0.0
2018-09-11 00:00:00-04:00,15.130000114440918,15.390000343322754,14.869999885559082,15.15999984741211,161400,0.0,0.0
2018-09-12 00:00:00-04:00,15.130000114440918,15.1899995803833,14.779999732971191,14.989999771118164,188300,0.0,0.0
2018-09-13 00:00:00-04:00,15.010000228881836,15.199999809265137,14.710000038146973,15.069999694824219,117200,0.0,0.0
2018-09-14 00:00:00-04:00,15.079999923706055,15.380000114440918,14.850000381469727,15.289999961853027,114500,0.0,0.0
2018-09-17 00:00:00-04:00,15.319999694824219,16.06999969482422,14.930000305175781,15.050000190734863,223400,0.0,0.0
2018-09-18 00:00:00-04:00,15.050000190734863,15.260000228881836,14.720000267028809,14.979999542236328,208600,0.0,0.0
2018-09-19 00:00:00-04:00,14.979999542236328,15.680000305175781,14.979999542236328,15.449999809265137,205300,0.0,0.0
2018-09-20 00:00:00-04:00,15.520000457763672,15.770000457763672,15.390000343322754,15.430000305175781,133900,0.0,0.0
2018-09-21 00:00:00-04:00,15.470000267028809,15.489999771118164,14.90999984741211,15.170000076293945,393300,0.0,0.0
2018-09-24 00:00:00-04:00,15.1899995803833,15.859999656677246,15.0600004196167,15.220000267028809,104600,0.0,0.0
2018-09-25 00:00:00-04:00,15.1899995803833,15.380000114440918,14.8100004196167,15.010000228881836,168300,0.0,0.0
2018-09-26 00:00:00-04:00,15.0600004196167,15.3100004196167,14.949999809265137,15.130000114440918,170500,0.0,0.0
2018-09-27 00:00:00-04:00,15.15999984741211,15.489999771118164,14.989999771118164,15.010000228881836,146600,0.0,0.0
2018-09-28 00:00:00-04:00,14.979999542236328,15.25,14.359999656677246,14.520000457763672,172700,0.0,0.0
2018-10-01 00:00:00-04:00,14.550000190734863,15.399999618530273,14.550000190734863,14.899999618530273,175900,0.0,0.0
2018-10-02 00:00:00-04:00,14.920000076293945,15.0,14.520000457763672,14.859999656677246,122500,0.0,0.0
2018-10-03 00:00:00-04:00,15.010000228881836,15.979999542236328,14.989999771118164,15.399999618530273,355800,0.0,0.0
2018-10-04 00:00:00-04:00,15.34000015258789,15.420000076293945,13.800000190734863,13.8100004196167,432300,0.0,0.0
2018-10-05 00:00:00-04:00,13.800000190734863,14.154999732971191,13.020000457763672,13.5,247400,0.0,0.0
2018-10-08 00:00:00-04:00,13.569999694824219,13.720000267028809,13.029999732971191,13.260000228881836,265000,0.0,0.0
2018-10-09 00:00:00-04:00,13.210000038146973,13.59000015258789,12.84000015258789,13.09000015258789,512100,0.0,0.0
2018-10-10 00:00:00-04:00,13.020000457763672,13.380000114440918,12.920000076293945,13.15999984741211,225100,0.0,0.0
2018-10-11 00:00:00-04:00,13.15999984741211,13.609999656677246,13.149999618530273,13.300000190734863,243800,0.0,0.0
2018-10-12 00:00:00-04:00,13.449999809265137,13.729999542236328,13.25,13.579999923706055,205100,0.0,0.0
2018-10-15 00:00:00-04:00,13.529999732971191,13.645999908447266,13.25,13.40999984741211,129600,0.0,0.0
2018-10-16 00:00:00-04:00,13.25,13.270000457763672,12.369999885559082,12.460000038146973,863400,0.0,0.0
2018-10-17 00:00:00-04:00,12.449999809265137,12.449999809265137,11.468999862670898,12.170000076293945,370400,0.0,0.0
2018-10-18 00:00:00-04:00,11.199999809265137,12.25,11.0,12.170000076293945,2737100,0.0,0.0
2018-10-19 00:00:00-04:00,12.15999984741211,12.9399995803833,11.899999618530273,12.5,635700,0.0,0.0
2018-10-22 00:00:00-04:00,12.510000228881836,13.1899995803833,12.380000114440918,12.529999732971191,449100,0.0,0.0
2018-10-23 00:00:00-04:00,12.359999656677246,12.899999618530273,12.170999526977539,12.369999885559082,424800,0.0,0.0
2018-10-24 00:00:00-04:00,12.449999809265137,12.6850004196167,11.5600004196167,11.5600004196167,545500,0.0,0.0
2018-10-25 00:00:00-04:00,11.760000228881836,12.579999923706055,11.449999809265137,12.140000343322754,529700,0.0,0.0
2018-10-26 00:00:00-04:00,12.0,12.5,11.871999740600586,12.079999923706055,781200,0.0,0.0
2018-10-29 00:00:00-04:00,12.109999656677246,12.359999656677246,11.5600004196167,11.899999618530273,376500,0.0,0.0
2018-10-30 00:00:00-04:00,11.880000114440918,12.380000114440918,11.770000457763672,12.210000038146973,736100,0.0,0.0
2018-10-31 00:00:00-04:00,12.359999656677246,12.380000114440918,11.609999656677246,11.890000343322754,395500,0.0,0.0
2018-11-01 00:00:00-04:00,11.890000343322754,12.449999809265137,11.720000267028809,12.140000343322754,994200,0.0,0.0
2018-11-02 00:00:00-04:00,12.210000038146973,12.899999618530273,11.960000038146973,12.220000267028809,553300,0.0,0.0
2018-11-05 00:00:00-05:00,12.239999771118164,12.859999656677246,12.15999984741211,12.239999771118164,426100,0.0,0.0
2018-11-06 00:00:00-05:00,12.15999984741211,12.244999885559082,11.569999694824219,11.75,263100,0.0,0.0
2018-11-07 00:00:00-05:00,11.510000228881836,12.539999961853027,11.074999809265137,12.020000457763672,582200,0.0,0.0
2018-11-08 00:00:00-05:00,11.979999542236328,12.140000343322754,11.5600004196167,11.630000114440918,431900,0.0,0.0
2018-11-09 00:00:00-05:00,11.539999961853027,11.84000015258789,10.524999618530273,10.619999885559082,291800,0.0,0.0
2018-11-12 00:00:00-05:00,10.539999961853027,10.609999656677246,9.819999694824219,9.859999656677246,317400,0.0,0.0
2018-11-13 00:00:00-05:00,9.850000381469727,10.079999923706055,9.600000381469727,9.640000343322754,392200,0.0,0.0
2018-11-14 00:00:00-05:00,9.699999809265137,9.850000381469727,8.979999542236328,9.109999656677246,348600,0.0,0.0
2018-11-15 00:00:00-05:00,9.079999923706055,9.430000305175781,8.630000114440918,8.680000305175781,478700,0.0,0.0
2018-11-16 00:00:00-05:00,8.600000381469727,8.880000114440918,8.479999542236328,8.8100004196167,636900,0.0,0.0
2018-11-19 00:00:00-05:00,8.800000190734863,9.0,8.390000343322754,8.760000228881836,720300,0.0,0.0
2018-11-20 00:00:00-05:00,8.65999984741211,8.899999618530273,8.5,8.569999694824219,358100,0.0,0.0
2018-11-21 00:00:00-05:00,8.640000343322754,8.859999656677246,8.4399995803833,8.5600004196167,372500,0.0,0.0
2018-11-23 00:00:00-05:00,8.5,8.819999694824219,8.470000267028809,8.515000343322754,134600,0.0,0.0
2018-11-26 00:00:00-05:00,8.520000457763672,8.84000015258789,8.229999542236328,8.529999732971191,422800,0.0,0.0
2018-11-27 00:00:00-05:00,8.479999542236328,8.619999885559082,8.300000190734863,8.34000015258789,485600,0.0,0.0
2018-11-28 00:00:00-05:00,8.350000381469727,9.020000457763672,8.300000190734863,8.699999809265137,534000,0.0,0.0
2018-11-29 00:00:00-05:00,8.65999984741211,8.880000114440918,8.350000381469727,8.75,1489700,0.0,0.0
2018-11-30 00:00:00-05:00,8.789999961853027,9.510000228881836,8.670000076293945,9.319999694824219,822800,0.0,0.0
2018-12-03 00:00:00-05:00,9.40999984741211,9.75,9.170000076293945,9.470000267028809,883400,0.0,0.0
2018-12-04 00:00:00-05:00,9.460000038146973,9.520000457763672,8.680000305175781,8.789999961853027,509500,0.0,0.0
2018-12-06 00:00:00-05:00,8.510000228881836,8.720000267028809,8.390000343322754,8.59000015258789,633400,0.0,0.0
2018-12-07 00:00:00-05:00,8.619999885559082,8.800000190734863,8.0,8.260000228881836,286900,0.0,0.0
2018-12-10 00:00:00-05:00,8.270000457763672,8.385000228881836,7.849999904632568,8.180000305175781,288400,0.0,0.0
2018-12-11 00:00:00-05:00,8.300000190734863,8.3100004196167,7.570000171661377,8.210000038146973,451600,0.0,0.0
2018-12-12 00:00:00-05:00,8.3100004196167,8.489999771118164,8.100000381469727,8.180000305175781,205100,0.0,0.0
2018-12-13 00:00:00-05:00,8.229999542236328,8.300000190734863,7.510000228881836,7.650000095367432,568800,0.0,0.0
2018-12-14 00:00:00-05:00,7.559999942779541,7.809999942779541,6.860000133514404,7.309999942779541,1684800,0.0,0.0
2018-12-17 00:00:00-05:00,7.25,7.570000171661377,6.980000019073486,7.0,787600,0.0,0.0
2018-12-18 00:00:00-05:00,7.090000152587891,7.090000152587891,6.150000095367432,6.300000190734863,1404700,0.0,0.0
2018-12-19 00:00:00-05:00,6.349999904632568,7.130000114440918,6.324999809265137,6.900000095367432,842400,0.0,0.0
2018-12-20 00:00:00-05:00,6.849999904632568,7.0,6.699999809265137,6.860000133514404,981800,0.0,0.0
2018-12-21 00:00:00-05:00,6.920000076293945,7.090000152587891,6.599999904632568,6.980000019073486,2458000,0.0,0.0
2018-12-24 00:00:00-05:00,6.900000095367432,6.989999771118164,6.800000190734863,6.840000152587891,735000,0.0,0.0
2018-12-26 00:00:00-05:00,6.929999828338623,7.179999828338623,6.809999942779541,7.139999866485596,434000,0.0,0.0
2018-12-27 00:00:00-05:00,7.03000020980835,7.190000057220459,6.699999809265137,6.989999771118164,1168500,0.0,0.0
2018-12-28 00:00:00-05:00,6.980000019073486,7.389999866485596,6.980000019073486,7.309999942779541,520000,0.0,0.0
2018-12-31 00:00:00-05:00,7.409999847412109,7.460000038146973,7.085000038146973,7.389999866485596,501900,0.0,0.0
2019-01-02 00:00:00-05:00,7.260000228881836,7.769999980926514,7.000999927520752,7.659999847412109,431400,0.0,0.0
2019-01-03 00:00:00-05:00,7.639999866485596,7.670000076293945,7.25,7.340000152587891,626700,0.0,0.0
2019-01-04 00:00:00-05:00,7.409999847412109,7.710000038146973,7.340000152587891,7.630000114440918,284200,0.0,0.0
2019-01-07 00:00:00-05:00,7.699999809265137,7.949999809265137,7.610000133514404,7.840000152587891,528900,0.0,0.0
2019-01-08 00:00:00-05:00,7.880000114440918,8.1899995803833,7.659999847412109,7.710000038146973,357500,0.0,0.0
2019-01-09 00:00:00-05:00,7.71999979019165,7.71999979019165,7.369999885559082,7.389999866485596,354100,0.0,0.0
2019-01-10 00:00:00-05:00,7.380000114440918,7.5,7.090000152587891,7.190000057220459,532700,0.0,0.0
2019-01-11 00:00:00-05:00,7.150000095367432,7.170000076293945,7.0,7.150000095367432,357700,0.0,0.0
2019-01-14 00:00:00-05:00,7.119999885559082,7.289999961853027,6.849999904632568,6.860000133514404,315900,0.0,0.0
2019-01-15 00:00:00-05:00,6.900000095367432,7.050000190734863,6.789999961853027,6.909999847412109,515300,0.0,0.0
2019-01-16 00:00:00-05:00,6.929999828338623,6.940000057220459,6.414999961853027,6.460000038146973,673300,0.0,0.0
2019-01-17 00:00:00-05:00,6.429999828338623,6.550000190734863,6.170000076293945,6.21999979019165,388500,0.0,0.0
2019-01-18 00:00:00-05:00,6.199999809265137,6.426000118255615,5.949999809265137,6.360000133514404,1021400,0.0,0.0
2019-01-22 00:00:00-05:00,6.320000171661377,6.360000133514404,6.0,6.150000095367432,555200,0.0,0.0
2019-01-23 00:00:00-05:00,6.179999828338623,6.320000171661377,6.03000020980835,6.059999942779541,302600,0.0,0.0
2019-01-24 00:00:00-05:00,6.050000190734863,6.28000020980835,5.960000038146973,6.269999980926514,388800,0.0,0.0
2019-01-25 00:00:00-05:00,6.289999961853027,6.760000228881836,6.289999961853027,6.699999809265137,636400,0.0,0.0
2019-01-28 00:00:00-05:00,6.690000057220459,6.829999923706055,6.551000118255615,6.730000019073486,490800,0.0,0.0
2019-01-29 00:00:00-05:00,6.78000020980835,6.889999866485596,6.554999828338623,6.71999979019165,263400,0.0,0.0
2019-01-30 00:00:00-05:00,6.78000020980835,7.079999923706055,6.769999980926514,7.019999980926514,441000,0.0,0.0
2019-01-31 00:00:00-05:00,6.980000019073486,7.159999847412109,6.860000133514404,6.96999979019165,345500,0.0,0.0
2019-02-01 00:00:00-05:00,6.989999771118164,7.119999885559082,6.820000171661377,6.960000038146973,284700,0.0,0.0
2019-02-04 00:00:00-05:00,6.980000019073486,7.0,6.789999961853027,6.840000152587891,202300,0.0,0.0
2019-02-05 00:00:00-05:00,6.860000133514404,7.005000114440918,6.710000038146973,6.849999904632568,301400,0.0,0.0
2019-02-06 00:00:00-05:00,6.860000133514404,6.960000038146973,6.659999847412109,6.940000057220459,319400,0.0,0.0
2019-02-07 00:00:00-05:00,6.920000076293945,7.099999904632568,6.739999771118164,7.050000190734863,396300,0.0,0.0
2019-02-08 00:00:00-05:00,7.03000020980835,7.190000057220459,6.840000152587891,7.010000228881836,335200,0.0,0.0
2019-02-11 00:00:00-05:00,7.059999942779541,7.059999942779541,6.730000019073486,6.789999961853027,374500,0.0,0.0
2019-02-12 00:00:00-05:00,6.849999904632568,7.190000057220459,6.760000228881836,7.170000076293945,982400,0.0,0.0
2019-02-13 00:00:00-05:00,7.199999809265137,7.329999923706055,6.980000019073486,6.989999771118164,268800,0.0,0.0
2019-02-14 00:00:00-05:00,6.989999771118164,7.690000057220459,6.96999979019165,7.440000057220459,614600,0.0,0.0
2019-02-15 00:00:00-05:00,7.519999980926514,7.539999961853027,7.329999923706055,7.420000076293945,474400,0.0,0.0
2019-02-19 00:00:00-05:00,7.440000057220459,7.454999923706055,6.869999885559082,6.900000095367432,415200,0.0,0.0
2019-02-20 00:00:00-05:00,6.900000095367432,6.922999858856201,6.519999980926514,6.539999961853027,358200,0.0,0.0
2019-02-21 00:00:00-05:00,6.510000228881836,6.650000095367432,6.320000171661377,6.409999847412109,355200,0.0,0.0
2019-02-22 00:00:00-05:00,6.460000038146973,6.739999771118164,6.400000095367432,6.739999771118164,326100,0.0,0.0
2019-02-25 00:00:00-05:00,6.820000171661377,6.96999979019165,6.5,6.570000171661377,567000,0.0,0.0
2019-02-26 00:00:00-05:00,6.579999923706055,6.610000133514404,6.340000152587891,6.460000038146973,621800,0.0,0.0
2019-02-27 00:00:00-05:00,6.460000038146973,6.570000171661377,6.260000228881836,6.460000038146973,581800,0.0,0.0
2019-02-28 00:00:00-05:00,6.480000019073486,6.550000190734863,6.25,6.480000019073486,528000,0.0,0.0
2019-03-01 00:00:00-05:00,6.53000020980835,6.539999961853027,6.21999979019165,6.329999923706055,558300,0.0,0.0
2019-03-04 00:00:00-05:00,6.369999885559082,7.059999942779541,6.369999885559082,6.809999942779541,1037100,0.0,0.0
2019-03-05 00:00:00-05:00,6.829999923706055,6.900000095367432,6.599999904632568,6.630000114440918,323600,0.0,0.0
2019-03-06 00:00:00-05:00,6.639999866485596,6.668000221252441,5.909999847412109,5.980000019073486,1065600,0.0,0.0
2019-03-07 00:00:00-05:00,5.960000038146973,6.159999847412109,5.860000133514404,5.980000019073486,322500,0.0,0.0
2019-03-08 00:00:00-05:00,5.900000095367432,5.940000057220459,5.539999961853027,5.769999980926514,568300,0.0,0.0
2019-03-11 00:00:00-04:00,5.800000190734863,5.96999979019165,5.559999942779541,5.630000114440918,324500,0.0,0.0
2019-03-12 00:00:00-04:00,5.639999866485596,5.769999980926514,5.489999771118164,5.71999979019165,425200,0.0,0.0
2019-03-13 00:00:00-04:00,5.769999980926514,6.139999866485596,5.71999979019165,5.929999828338623,478300,0.0,0.0
2019-03-14 00:00:00-04:00,5.929999828338623,6.0,5.739999771118164,5.909999847412109,470200,0.0,0.0
2019-03-15 00:00:00-04:00,5.920000076293945,6.0,5.550000190734863,5.630000114440918,1116300,0.0,0.0
2019-03-18 00:00:00-04:00,5.610000133514404,7.510000228881836,5.610000133514404,6.78000020980835,1710400,0.0,0.0
2019-03-19 00:00:00-04:00,6.730000019073486,6.945000171661377,6.440000057220459,6.909999847412109,888300,0.0,0.0
2019-03-20 00:00:00-04:00,6.849999904632568,6.940000057220459,6.360000133514404,6.429999828338623,593900,0.0,0.0
2019-03-21 00:00:00-04:00,6.369999885559082,6.519999980926514,6.050000190734863,6.269999980926514,618500,0.0,0.0
2019-03-22 00:00:00-04:00,6.179999828338623,6.25,5.960000038146973,6.119999885559082,437000,0.0,0.0
2019-03-25 00:00:00-04:00,6.090000152587891,6.090000152587891,5.75,5.940000057220459,641700,0.0,0.0
2019-03-26 00:00:00-04:00,6.039999961853027,6.130000114440918,5.929999828338623,6.119999885559082,474800,0.0,0.0
2019-03-27 00:00:00-04:00,6.099999904632568,6.214000225067139,5.75,5.980000019073486,474500,0.0,0.0
2019-03-28 00:00:00-04:00,5.980000019073486,6.300000190734863,5.980000019073486,6.130000114440918,356500,0.0,0.0
2019-03-29 00:00:00-04:00,6.139999866485596,6.139999866485596,5.880000114440918,5.989999771118164,392900,0.0,0.0
2019-04-01 00:00:00-04:00,6.079999923706055,6.135000228881836,5.889999866485596,6.070000171661377,316900,0.0,0.0
2019-04-02 00:00:00-04:00,6.019999980926514,6.400000095367432,6.001999855041504,6.340000152587891,474500,0.0,0.0
2019-04-03 00:00:00-04:00,6.369999885559082,6.449999809265137,6.130000114440918,6.309999942779541,307800,0.0,0.0
2019-04-04 00:00:00-04:00,6.320000171661377,6.639999866485596,6.269999980926514,6.429999828338623,249900,0.0,0.0
2019-04-05 00:00:00-04:00,6.429999828338623,6.53000020980835,6.320000171661377,6.409999847412109,263900,0.0,0.0
2019-04-08 00:00:00-04:00,6.409999847412109,6.739999771118164,6.340000152587891,6.670000076293945,520900,0.0,0.0
2019-04-09 00:00:00-04:00,6.670000076293945,6.670000076293945,6.369999885559082,6.380000114440918,475700,0.0,0.0
2019-04-10 00:00:00-04:00,6.380000114440918,6.460000038146973,6.25,6.25,219600,0.0,0.0
2019-04-11 00:00:00-04:00,6.260000228881836,6.300000190734863,6.070000171661377,6.110000133514404,199000,0.0,0.0
2019-04-12 00:00:00-04:00,6.130000114440918,6.199999809265137,5.956999778747559,6.03000020980835,246600,0.0,0.0
2019-04-15 00:00:00-04:00,6.0,6.0,5.389999866485596,5.510000228881836,821300,0.0,0.0
2019-04-16 00:00:00-04:00,5.519999980926514,5.630000114440918,5.409999847412109,5.5,411400,0.0,0.0
2019-04-17 00:00:00-04:00,5.480000019073486,5.579999923706055,5.09499979019165,5.190000057220459,679400,0.0,0.0
2019-04-18 00:00:00-04:00,5.199999809265137,5.550000190734863,5.039999961853027,5.519999980926514,693600,0.0,0.0
2019-04-22 00:00:00-04:00,5.53000020980835,5.889999866485596,5.389999866485596,5.880000114440918,570900,0.0,0.0
2019-04-23 00:00:00-04:00,5.940000057220459,6.369999885559082,5.829999923706055,6.239999771118164,395400,0.0,0.0
2019-04-24 00:00:00-04:00,6.449999809265137,6.570000171661377,6.099999904632568,6.389999866485596,750000,0.0,0.0
2019-04-25 00:00:00-04:00,6.380000114440918,6.920000076293945,6.260000228881836,6.829999923706055,828600,0.0,0.0
2019-04-26 00:00:00-04:00,6.849999904632568,7.079999923706055,6.519999980926514,7.059999942779541,668900,0.0,0.0
2019-04-29 00:00:00-04:00,7.079999923706055,7.1529998779296875,6.75,6.820000171661377,600700,0.0,0.0
2019-04-30 00:00:00-04:00,6.849999904632568,6.849999904632568,6.235000133514404,6.300000190734863,595900,0.0,0.0
2019-05-01 00:00:00-04:00,6.320000171661377,6.320000171661377,6.050000190734863,6.130000114440918,447600,0.0,0.0
2019-05-02 00:00:00-04:00,6.070000171661377,6.21999979019165,5.960000038146973,6.059999942779541,657000,0.0,0.0
2019-05-03 00:00:00-04:00,6.059999942779541,6.375,6.010000228881836,6.340000152587891,495300,0.0,0.0
2019-05-06 00:00:00-04:00,6.28000020980835,6.769999980926514,6.0,6.599999904632568,922400,0.0,0.0
2019-05-07 00:00:00-04:00,6.539999961853027,6.949999809265137,6.519999980926514,6.679999828338623,682900,0.0,0.0
2019-05-08 00:00:00-04:00,6.679999828338623,6.828999996185303,6.409999847412109,6.570000171661377,357200,0.0,0.0
2019-05-09 00:00:00-04:00,6.239999771118164,6.650000095367432,5.909999847412109,5.925000190734863,1299700,0.0,0.0
2019-05-10 00:00:00-04:00,5.860000133514404,6.119999885559082,5.668000221252441,5.989999771118164,1117000,0.0,0.0
2019-05-13 00:00:00-04:00,5.949999809265137,5.955999851226807,5.630000114440918,5.699999809265137,605700,0.0,0.0
2019-05-14 00:00:00-04:00,5.699999809265137,5.815000057220459,5.539999961853027,5.730000019073486,439700,0.0,0.0
2019-05-15 00:00:00-04:00,5.679999828338623,5.840000152587891,5.565000057220459,5.800000190734863,292100,0.0,0.0
2019-05-16 00:00:00-04:00,5.840000152587891,5.949999809265137,5.684999942779541,5.760000228881836,392500,0.0,0.0
2019-05-17 00:00:00-04:00,5.710000038146973,5.769999980926514,5.620999813079834,5.639999866485596,316900,0.0,0.0
2019-05-20 00:00:00-04:00,5.610000133514404,5.610000133514404,5.210000038146973,5.28000020980835,362000,0.0,0.0
2019-05-21 00:00:00-04:00,5.369999885559082,5.570000171661377,5.260000228881836,5.329999923706055,562700,0.0,0.0
2019-05-22 00:00:00-04:00,5.320000171661377,5.389999866485596,4.730000019073486,5.070000171661377,1107900,0.0,0.0
2019-05-23 00:00:00-04:00,4.980000019073486,5.090000152587891,4.840000152587891,5.03000020980835,473700,0.0,0.0
2019-05-24 00:00:00-04:00,5.079999923706055,5.130000114440918,4.849999904632568,5.119999885559082,745100,0.0,0.0
2019-05-28 00:00:00-04:00,5.150000095367432,5.235000133514404,4.849999904632568,4.860000133514404,663000,0.0,0.0
2019-05-29 00:00:00-04:00,4.860000133514404,5.079999923706055,4.659999847412109,5.019999980926514,416600,0.0,0.0
2019-05-30 00:00:00-04:00,5.010000228881836,5.070000171661377,4.820000171661377,4.869999885559082,474500,0.0,0.0
2019-05-31 00:00:00-04:00,4.800000190734863,4.809999942779541,4.610000133514404,4.679999828338623,247500,0.0,0.0
2019-06-03 00:00:00-04:00,4.670000076293945,4.789999961853027,4.610000133514404,4.630000114440918,380600,0.0,0.0
2019-06-04 00:00:00-04:00,4.690000057220459,4.820000171661377,4.570000171661377,4.75,226700,0.0,0.0
2019-06-05 00:00:00-04:00,4.78000020980835,4.809999942779541,4.429999828338623,4.449999809265137,283600,0.0,0.0
2019-06-06 00:00:00-04:00,4.460000038146973,4.570000171661377,4.269000053405762,4.5,486700,0.0,0.0
2019-06-07 00:00:00-04:00,4.480000019073486,4.849999904632568,4.340000152587891,4.739999771118164,332300,0.0,0.0
2019-06-10 00:00:00-04:00,4.75,4.980000019073486,4.715000152587891,4.849999904632568,364100,0.0,0.0
2019-06-11 00:00:00-04:00,4.889999866485596,4.940000057220459,4.670000076293945,4.809999942779541,421600,0.0,0.0
2019-06-12 00:00:00-04:00,4.789999961853027,4.840000152587891,4.480000019073486,4.650000095367432,418600,0.0,0.0
2019-06-13 00:00:00-04:00,4.679999828338623,4.869999885559082,4.550000190734863,4.869999885559082,312100,0.0,0.0
2019-06-14 00:00:00-04:00,4.849999904632568,4.860000133514404,4.590000152587891,4.670000076293945,345500,0.0,0.0
2019-06-17 00:00:00-04:00,4.800000190734863,5.10099983215332,4.630000114440918,4.889999866485596,604600,0.0,0.0
2019-06-18 00:00:00-04:00,4.909999847412109,5.079999923706055,4.800000190734863,4.889999866485596,438800,0.0,0.0
2019-06-19 00:00:00-04:00,4.940000057220459,5.190000057220459,4.849999904632568,5.110000133514404,261200,0.0,0.0
2019-06-20 00:00:00-04:00,5.130000114440918,5.369999885559082,4.929999828338623,4.989999771118164,485500,0.0,0.0
2019-06-21 00:00:00-04:00,4.96999979019165,4.96999979019165,4.489999771118164,4.539999961853027,746000,0.0,0.0
2019-06-24 00:00:00-04:00,4.550000190734863,4.670000076293945,4.349999904632568,4.449999809265137,344700,0.0,0.0
2019-06-25 00:00:00-04:00,4.460000038146973,4.590000152587891,4.349999904632568,4.400000095367432,288700,0.0,0.0
2019-06-26 00:00:00-04:00,4.449999809265137,4.599999904632568,4.320000171661377,4.449999809265137,308500,0.0,0.0
2019-06-27 00:00:00-04:00,2.880000114440918,3.0,2.0199999809265137,2.130000114440918,7967600,0.0,0.0
2019-06-28 00:00:00-04:00,2.0999999046325684,2.190000057220459,1.9299999475479126,2.190000057220459,4618600,0.0,0.0
2019-07-01 00:00:00-04:00,2.2799999713897705,2.430000066757202,2.2100000381469727,2.430000066757202,2103300,0.0,0.0
2019-07-02 00:00:00-04:00,2.4100000858306885,2.4800000190734863,2.2850000858306885,2.3399999141693115,923600,0.0,0.0
2019-07-03 00:00:00-04:00,2.3499999046325684,2.5,2.315999984741211,2.4700000286102295,384600,0.0,0.0
2019-07-05 00:00:00-04:00,2.4800000190734863,2.490000009536743,2.299999952316284,2.359999895095825,673600,0.0,0.0
2019-07-08 00:00:00-04:00,2.3499999046325684,2.4200000762939453,2.119999885559082,2.1500000953674316,740100,0.0,0.0
2019-07-09 00:00:00-04:00,2.190000057220459,2.450000047683716,2.1700000762939453,2.3450000286102295,1209800,0.0,0.0
2019-07-10 00:00:00-04:00,2.3299999237060547,2.359999895095825,2.2100000381469727,2.3299999237060547,563500,0.0,0.0
2019-07-11 00:00:00-04:00,2.3299999237060547,2.3399999141693115,2.180000066757202,2.200000047683716,371200,0.0,0.0
2019-07-12 00:00:00-04:00,2.2100000381469727,2.2100000381469727,2.049999952316284,2.180000066757202,473100,0.0,0.0
2019-07-15 00:00:00-04:00,2.200000047683716,2.2899999618530273,2.119999885559082,2.2300000190734863,359300,0.0,0.0
2019-07-16 00:00:00-04:00,2.2100000381469727,2.25,2.1700000762939453,2.2100000381469727,437700,0.0,0.0
2019-07-17 00:00:00-04:00,2.2100000381469727,2.2100000381469727,2.0999999046325684,2.109999895095825,250500,0.0,0.0
2019-07-18 00:00:00-04:00,2.0999999046325684,2.134999990463257,2.009999990463257,2.0999999046325684,280400,0.0,0.0
2019-07-19 00:00:00-04:00,2.0899999141693115,2.0999999046325684,1.9800000190734863,1.9900000095367432,426600,0.0,0.0
2019-07-22 00:00:00-04:00,2.0,2.059999942779541,1.899999976158142,1.9800000190734863,375300,0.0,0.0
2019-07-23 00:00:00-04:00,1.9700000286102295,2.009999990463257,1.8799999952316284,1.9199999570846558,448800,0.0,0.0
2019-07-24 00:00:00-04:00,1.9299999475479126,1.9500000476837158,1.8899999856948853,1.899999976158142,595700,0.0,0.0
2019-07-25 00:00:00-04:00,1.8899999856948853,1.909999966621399,1.7100000381469727,1.75,415400,0.0,0.0
2019-07-26 00:00:00-04:00,1.75,1.7899999618530273,1.7400000095367432,1.75,568600,0.0,0.0
2019-07-29 00:00:00-04:00,1.7599999904632568,1.7599999904632568,1.649999976158142,1.7300000190734863,358200,0.0,0.0
2019-07-30 00:00:00-04:00,1.8220000267028809,1.8220000267028809,1.659999966621399,1.7400000095367432,1493400,0.0,0.0
2019-07-31 00:00:00-04:00,1.5299999713897705,1.5399999618530273,1.25,1.2799999713897705,3250100,0.0,0.0
2019-08-01 00:00:00-04:00,1.2799999713897705,1.2899999618530273,1.1100000143051147,1.2100000381469727,1888500,0.0,0.0
2019-08-02 00:00:00-04:00,1.190000057220459,1.190000057220459,1.0800000429153442,1.1100000143051147,1520000,0.0,0.0
2019-08-05 00:00:00-04:00,1.1200000047683716,1.149999976158142,1.0499999523162842,1.0700000524520874,467500,0.0,0.0
2019-08-06 00:00:00-04:00,1.0700000524520874,1.100000023841858,1.0199999809265137,1.0700000524520874,1114800,0.0,0.0
2019-08-07 00:00:00-04:00,1.0700000524520874,1.100000023841858,1.0199999809265137,1.0199999809265137,1376900,0.0,0.0
2019-08-08 00:00:00-04:00,1.0399999618530273,1.059999942779541,0.9900000095367432,0.9900000095367432,1157600,0.0,0.0
2019-08-09 00:00:00-04:00,0.949999988079071,0.9700000286102295,0.890999972820282,0.8999999761581421,2410700,0.0,0.0
2019-08-12 00:00:00-04:00,0.8899999856948853,0.9100000262260437,0.8420000076293945,0.8489999771118164,2751100,0.0,0.0
2019-08-13 00:00:00-04:00,0.8500000238418579,0.8600000143051147,0.781000018119812,0.828000009059906,4865800,0.0,0.0
2019-08-14 00:00:00-04:00,0.8399999737739563,0.8679999709129333,0.7850000262260437,0.7860000133514404,2879100,0.0,0.0
2019-08-15 00:00:00-04:00,0.800000011920929,0.8500000238418579,0.7400000095367432,0.800000011920929,2062800,0.0,0.0
2019-08-16 00:00:00-04:00,0.800000011920929,0.949999988079071,0.7699999809265137,0.8730000257492065,2729000,0.0,0.0
2019-08-19 00:00:00-04:00,0.8700000047683716,0.9449999928474426,0.8539999723434448,0.9300000071525574,1251000,0.0,0.0
2019-08-20 00:00:00-04:00,0.9340000152587891,0.968999981880188,0.9100000262260437,0.9549999833106995,468700,0.0,0.0
2019-08-21 00:00:00-04:00,0.9549999833106995,0.9900000095367432,0.9399999976158142,0.9599999785423279,598300,0.0,0.0
2019-08-22 00:00:00-04:00,0.968999981880188,1.1200000047683716,0.9599999785423279,1.090000033378601,1446700,0.0,0.0
2019-08-23 00:00:00-04:00,1.1200000047683716,1.1230000257492065,0.9800000190734863,1.059999942779541,894800,0.0,0.0
2019-08-26 00:00:00-04:00,1.059999942779541,1.1200000047683716,0.949999988079071,1.0099999904632568,631400,0.0,0.0
2019-08-27 00:00:00-04:00,1.0099999904632568,1.031000018119812,0.949999988079071,0.9509999752044678,439500,0.0,0.0
2019-08-28 00:00:00-04:00,0.9520000219345093,0.9879999756813049,0.949999988079071,0.9639999866485596,265300,0.0,0.0
2019-08-29 00:00:00-04:00,1.0099999904632568,1.0199999809265137,0.9430000185966492,1.0099999904632568,471200,0.0,0.0
2019-08-30 00:00:00-04:00,1.0099999904632568,1.0199999809265137,0.9760000109672546,1.0099999904632568,295100,0.0,0.0
2019-09-03 00:00:00-04:00,1.0,1.0199999809265137,0.949999988079071,0.949999988079071,366700,0.0,0.0
2019-09-04 00:00:00-04:00,0.9570000171661377,1.0,0.9100000262260437,0.9200000166893005,274200,0.0,0.0
2019-09-05 00:00:00-04:00,1.0499999523162842,1.0700000524520874,0.859000027179718,0.9210000038146973,1083000,0.0,0.0
2019-09-06 00:00:00-04:00,0.8799999952316284,1.059999942779541,0.8529999852180481,1.0099999904632568,1840100,0.0,0.0
2019-09-09 00:00:00-04:00,0.9900000095367432,1.059999942779541,0.949999988079071,1.0399999618530273,363700,0.0,0.0
2019-09-10 00:00:00-04:00,1.0299999713897705,1.1799999475479126,1.0149999856948853,1.1200000047683716,482500,0.0,0.0
2019-09-11 00:00:00-04:00,1.1399999856948853,1.1399999856948853,1.059999942779541,1.1100000143051147,312600,0.0,0.0
2019-09-12 00:00:00-04:00,1.100000023841858,1.1100000143051147,1.0399999618530273,1.0800000429153442,223600,0.0,0.0
2019-09-13 00:00:00-04:00,1.1100000143051147,1.1299999952316284,1.0,1.0299999713897705,708700,0.0,0.0
2019-09-16 00:00:00-04:00,1.0299999713897705,1.1200000047683716,1.0299999713897705,1.100000023841858,1806400,0.0,0.0
2019-09-17 00:00:00-04:00,1.899999976158142,2.0799999237060547,1.6100000143051147,1.7999999523162842,33482800,0.0,0.0
2019-09-18 00:00:00-04:00,1.7699999809265137,1.8700000047683716,1.5700000524520874,1.6299999952316284,6751200,0.0,0.0
2019-09-19 00:00:00-04:00,1.6299999952316284,1.6299999952316284,1.3550000190734863,1.3899999856948853,2496700,0.0,0.0
2019-09-20 00:00:00-04:00,1.4299999475479126,1.5399999618530273,1.3700000047683716,1.4199999570846558,1758500,0.0,0.0
2019-09-23 00:00:00-04:00,1.3899999856948853,1.4500000476837158,1.2569999694824219,1.284999966621399,1357000,0.0,0.0
2019-09-24 00:00:00-04:00,1.2799999713897705,1.309999942779541,1.2100000381469727,1.2450000047683716,717000,0.0,0.0
2019-09-25 00:00:00-04:00,1.25,1.3700000047683716,1.2100000381469727,1.3300000429153442,1266800,0.0,0.0
2019-09-26 00:00:00-04:00,1.350000023841858,1.350000023841858,1.1699999570846558,1.1749999523162842,1216500,0.0,0.0
2019-09-27 00:00:00-04:00,1.190000057220459,1.2200000286102295,1.149999976158142,1.190000057220459,643900,0.0,0.0
2019-09-30 00:00:00-04:00,1.1699999570846558,1.190000057220459,1.059999942779541,1.0800000429153442,1311600,0.0,0.0
2019-10-01 00:00:00-04:00,1.059999942779541,1.100000023841858,1.0199999809265137,1.059999942779541,481000,0.0,0.0
2019-10-02 00:00:00-04:00,1.0399999618530273,1.0700000524520874,1.0099999904632568,1.0199999809265137,1184100,0.0,0.0
2019-10-03 00:00:00-04:00,1.0299999713897705,1.059999942779541,1.0,1.0499999523162842,2123700,0.0,0.0
2019-10-04 00:00:00-04:00,1.059999942779541,1.149999976158142,1.059999942779541,1.1299999952316284,779500,0.0,0.0
2019-10-07 00:00:00-04:00,1.1399999856948853,1.2400000095367432,1.1100000143051147,1.159999966621399,4008000,0.0,0.0
2019-10-08 00:00:00-04:00,1.1799999475479126,1.1799999475479126,1.1200000047683716,1.159999966621399,522900,0.0,0.0
2019-10-09 00:00:00-04:00,1.190000057220459,1.2200000286102295,1.13100004196167,1.159999966621399,871400,0.0,0.0
2019-10-10 00:00:00-04:00,1.149999976158142,1.2000000476837158,1.1399999856948853,1.190000057220459,1446000,0.0,0.0
2019-10-11 00:00:00-04:00,1.3899999856948853,1.4700000286102295,1.2599999904632568,1.4199999570846558,5003200,0.0,0.0
2019-10-14 00:00:00-04:00,1.440000057220459,1.5,1.3799999952316284,1.409999966621399,1315200,0.0,0.0
2019-10-15 00:00:00-04:00,1.4199999570846558,1.5,1.3899999856948853,1.4700000286102295,982900,0.0,0.0
2019-10-16 00:00:00-04:00,1.6200000047683716,1.6299999952316284,1.4700000286102295,1.559999942779541,1156600,0.0,0.0
2019-10-17 00:00:00-04:00,1.5700000524520874,1.6799999475479126,1.5,1.659999966621399,925100,0.0,0.0
2019-10-18 00:00:00-04:00,1.659999966621399,1.7200000286102295,1.5800000429153442,1.6100000143051147,809200,0.0,0.0
2019-10-21 00:00:00-04:00,1.6100000143051147,1.6200000047683716,1.3899999856948853,1.409999966621399,827700,0.0,0.0
2019-10-22 00:00:00-04:00,1.559999942779541,1.690000057220459,1.4900000095367432,1.6100000143051147,1674400,0.0,0.0
2019-10-23 00:00:00-04:00,1.6200000047683716,1.649999976158142,1.5499999523162842,1.649999976158142,782300,0.0,0.0
2019-10-24 00:00:00-04:00,1.649999976158142,1.7000000476837158,1.590000033378601,1.6799999475479126,1024500,0.0,0.0
2019-10-25 00:00:00-04:00,1.8600000143051147,2.0,1.75,1.7799999713897705,7886800,0.0,0.0
2019-10-28 00:00:00-04:00,1.7400000095367432,1.7400000095367432,1.559999942779541,1.659999966621399,1205500,0.0,0.0
2019-10-29 00:00:00-04:00,1.659999966621399,1.9500000476837158,1.63100004196167,1.899999976158142,1689500,0.0,0.0
2019-10-30 00:00:00-04:00,1.8700000047683716,1.899999976158142,1.7599999904632568,1.840000033378601,1045000,0.0,0.0
2019-10-31 00:00:00-04:00,1.8200000524520874,1.9299999475479126,1.6799999475479126,1.75,1117800,0.0,0.0
2019-11-01 00:00:00-04:00,1.7999999523162842,1.9229999780654907,1.7899999618530273,1.8899999856948853,981700,0.0,0.0
2019-11-04 00:00:00-05:00,1.899999976158142,1.9600000381469727,1.7899999618530273,1.809999942779541,857200,0.0,0.0
2019-11-05 00:00:00-05:00,1.7799999713897705,1.7899999618530273,1.659999966621399,1.7000000476837158,582600,0.0,0.0
2019-11-06 00:00:00-05:00,1.6799999475479126,1.715000033378601,1.6100000143051147,1.6200000047683716,445700,0.0,0.0
2019-11-07 00:00:00-05:00,1.649999976158142,1.7300000190734863,1.6200000047683716,1.690000057220459,494400,0.0,0.0
2019-11-08 00:00:00-05:00,1.5,1.9500000476837158,1.4800000190734863,1.9500000476837158,1640800,0.0,0.0
2019-11-11 00:00:00-05:00,1.9299999475479126,1.9500000476837158,1.8300000429153442,1.8899999856948853,358200,0.0,0.0
2019-11-12 00:00:00-05:00,1.899999976158142,1.9199999570846558,1.7699999809265137,1.809999942779541,539200,0.0,0.0
2019-11-13 00:00:00-05:00,1.7699999809265137,1.809999942779541,1.7200000286102295,1.7799999713897705,289900,0.0,0.0
2019-11-14 00:00:00-05:00,1.7699999809265137,1.7899999618530273,1.659999966621399,1.7899999618530273,334400,0.0,0.0
2019-11-15 00:00:00-05:00,1.7999999523162842,1.8600000143051147,1.7200000286102295,1.8300000429153442,599600,0.0,0.0
2019-11-18 00:00:00-05:00,1.8600000143051147,1.8700000047683716,1.7300000190734863,1.7999999523162842,198400,0.0,0.0
2019-11-19 00:00:00-05:00,1.8200000524520874,1.8799999952316284,1.7699999809265137,1.7699999809265137,518500,0.0,0.0
2019-11-20 00:00:00-05:00,1.7899999618530273,1.809999942779541,1.7300000190734863,1.7799999713897705,410600,0.0,0.0
2019-11-21 00:00:00-05:00,1.7699999809265137,1.7699999809265137,1.4800000190734863,1.5800000429153442,803400,0.0,0.0
2019-11-22 00:00:00-05:00,1.590000033378601,1.690000057220459,1.5750000476837158,1.649999976158142,356700,0.0,0.0
2019-11-25 00:00:00-05:00,1.6299999952316284,1.7000000476837158,1.600000023841858,1.6699999570846558,288400,0.0,0.0
2019-11-26 00:00:00-05:00,1.6399999856948853,1.7400000095367432,1.6399999856948853,1.659999966621399,295200,0.0,0.0
2019-11-27 00:00:00-05:00,1.649999976158142,1.7200000286102295,1.6200000047683716,1.6399999856948853,282700,0.0,0.0
2019-11-29 00:00:00-05:00,1.6299999952316284,1.659999966621399,1.5520000457763672,1.6399999856948853,238700,0.0,0.0
2019-12-02 00:00:00-05:00,1.649999976158142,1.6950000524520874,1.5700000524520874,1.659999966621399,369600,0.0,0.0
2019-12-03 00:00:00-05:00,1.6399999856948853,1.8200000524520874,1.600000023841858,1.7300000190734863,599000,0.0,0.0
2019-12-04 00:00:00-05:00,1.7300000190734863,1.7899999618530273,1.6799999475479126,1.7000000476837158,324900,0.0,0.0
2019-12-05 00:00:00-05:00,1.690000057220459,1.7200000286102295,1.6100000143051147,1.6200000047683716,285500,0.0,0.0
2019-12-06 00:00:00-05:00,1.6299999952316284,1.690000057220459,1.6100000143051147,1.659999966621399,182900,0.0,0.0
2019-12-09 00:00:00-05:00,1.659999966621399,1.8799999952316284,1.659999966621399,1.7899999618530273,653300,0.0,0.0
2019-12-10 00:00:00-05:00,1.7899999618530273,1.8799999952316284,1.7400000095367432,1.7699999809265137,301900,0.0,0.0
2019-12-11 00:00:00-05:00,1.7400000095367432,1.8600000143051147,1.7400000095367432,1.809999942779541,439500,0.0,0.0
2019-12-12 00:00:00-05:00,1.7999999523162842,1.7999999523162842,1.7100000381469727,1.7300000190734863,491100,0.0,0.0
2019-12-13 00:00:00-05:00,1.7300000190734863,1.909999966621399,1.7000000476837158,1.8799999952316284,377000,0.0,0.0
2019-12-16 00:00:00-05:00,1.9199999570846558,1.940000057220459,1.7899999618530273,1.7999999523162842,408200,0.0,0.0
2019-12-17 00:00:00-05:00,1.8700000047683716,1.8799999952316284,1.7940000295639038,1.850000023841858,434600,0.0,0.0
2019-12-18 00:00:00-05:00,1.8300000429153442,1.8600000143051147,1.75,1.809999942779541,409400,0.0,0.0
2019-12-19 00:00:00-05:00,1.8600000143051147,1.8600000143051147,1.7799999713897705,1.809999942779541,340000,0.0,0.0
2019-12-20 00:00:00-05:00,1.7699999809265137,2.049999952316284,1.7699999809265137,1.9700000286102295,1295400,0.0,0.0
2019-12-23 00:00:00-05:00,2.0399999618530273,2.0399999618530273,1.809999942779541,1.8200000524520874,580400,0.0,0.0
2019-12-24 00:00:00-05:00,1.8200000524520874,1.850000023841858,1.809999942779541,1.8300000429153442,177900,0.0,0.0
2019-12-26 00:00:00-05:00,1.850000023841858,1.899999976158142,1.8459999561309814,1.8600000143051147,580300,0.0,0.0
2019-12-27 00:00:00-05:00,1.840000033378601,1.9299999475479126,1.8300000429153442,1.9199999570846558,334700,0.0,0.0
2019-12-30 00:00:00-05:00,1.9299999475479126,1.9900000095367432,1.850000023841858,1.8700000047683716,405100,0.0,0.0
2019-12-31 00:00:00-05:00,1.8700000047683716,1.940000057220459,1.8300000429153442,1.8899999856948853,443200,0.0,0.0
2020-01-02 00:00:00-05:00,1.9199999570846558,1.9299999475479126,1.8300000429153442,1.8700000047683716,469800,0.0,0.0
2020-01-03 00:00:00-05:00,1.840000033378601,1.8559999465942383,1.75,1.840000033378601,452400,0.0,0.0
2020-01-06 00:00:00-05:00,1.840000033378601,1.899999976158142,1.7599999904632568,1.8700000047683716,466400,0.0,0.0
2020-01-07 00:00:00-05:00,1.8700000047683716,1.8899999856948853,1.809999942779541,1.850000023841858,271800,0.0,0.0
2020-01-08 00:00:00-05:00,1.850000023841858,1.8700000047683716,1.7799999713897705,1.8600000143051147,389800,0.0,0.0
2020-01-09 00:00:00-05:00,1.850000023841858,1.9299999475479126,1.8300000429153442,1.8600000143051147,1180900,0.0,0.0
2020-01-10 00:00:00-05:00,2.2699999809265137,2.380000114440918,1.9700000286102295,2.180000066757202,7599800,0.0,0.0
2020-01-13 00:00:00-05:00,2.200000047683716,2.2300000190734863,2.0299999713897705,2.109999895095825,1096500,0.0,0.0
2020-01-14 00:00:00-05:00,2.119999885559082,2.130000114440918,1.940000057220459,1.9900000095367432,1059900,0.0,0.0
2020-01-15 00:00:00-05:00,1.9900000095367432,2.069999933242798,1.909999966621399,1.9800000190734863,617700,0.0,0.0
2020-01-16 00:00:00-05:00,1.9800000190734863,2.0299999713897705,1.9299999475479126,1.9700000286102295,554100,0.0,0.0
2020-01-17 00:00:00-05:00,1.9700000286102295,2.0,1.7999999523162842,1.840000033378601,546800,0.0,0.0
2020-01-21 00:00:00-05:00,1.7899999618530273,1.8700000047683716,1.7200000286102295,1.7300000190734863,539000,0.0,0.0
2020-01-22 00:00:00-05:00,1.6699999570846558,1.7300000190734863,1.5499999523162842,1.7200000286102295,672600,0.0,0.0
2020-01-23 00:00:00-05:00,1.7300000190734863,1.7400000095367432,1.5800000429153442,1.600000023841858,536600,0.0,0.0
2020-01-24 00:00:00-05:00,1.6100000143051147,1.6200000047683716,1.5199999809265137,1.5700000524520874,1010200,0.0,0.0
2020-01-27 00:00:00-05:00,1.5199999809265137,1.5499999523162842,1.430999994277954,1.4700000286102295,329600,0.0,0.0
2020-01-28 00:00:00-05:00,1.5,1.5,1.409999966621399,1.4299999475479126,751000,0.0,0.0
2020-01-29 00:00:00-05:00,1.440000057220459,1.4800000190734863,1.3300000429153442,1.3600000143051147,523800,0.0,0.0
2020-01-30 00:00:00-05:00,1.350000023841858,1.399999976158142,1.2799999713897705,1.3200000524520874,543400,0.0,0.0
2020-01-31 00:00:00-05:00,1.309999942779541,1.3200000524520874,1.2100000381469727,1.2400000095367432,499800,0.0,0.0
2020-02-03 00:00:00-05:00,1.25,1.2999999523162842,1.2400000095367432,1.2799999713897705,382900,0.0,0.0
2020-02-04 00:00:00-05:00,1.2899999618530273,1.399999976158142,1.2799999713897705,1.3700000047683716,727300,0.0,0.0
2020-02-05 00:00:00-05:00,1.409999966621399,1.4500000476837158,1.3600000143051147,1.3899999856948853,816300,0.0,0.0
2020-02-06 00:00:00-05:00,1.3899999856948853,1.4600000381469727,1.340000033378601,1.3600000143051147,2152300,0.0,0.0
2020-02-07 00:00:00-05:00,1.3300000429153442,1.3700000047683716,1.25,1.2799999713897705,327900,0.0,0.0
2020-02-10 00:00:00-05:00,1.2799999713897705,1.2899999618530273,1.2000000476837158,1.2699999809265137,192900,0.0,0.0
2020-02-11 00:00:00-05:00,1.2599999904632568,1.399999976158142,1.2400000095367432,1.3700000047683716,444700,0.0,0.0
2020-02-12 00:00:00-05:00,1.4600000381469727,1.5,1.3700000047683716,1.3799999952316284,482000,0.0,0.0
2020-02-13 00:00:00-05:00,1.3799999952316284,1.4299999475479126,1.3359999656677246,1.3799999952316284,237600,0.0,0.0
2020-02-14 00:00:00-05:00,1.3899999856948853,1.4600000381469727,1.350000023841858,1.350000023841858,290900,0.0,0.0
2020-02-18 00:00:00-05:00,1.3300000429153442,1.3600000143051147,1.2999999523162842,1.3300000429153442,2033100,0.0,0.0
2020-02-19 00:00:00-05:00,1.340000033378601,1.3600000143051147,1.2799999713897705,1.2899999618530273,272800,0.0,0.0
2020-02-20 00:00:00-05:00,1.2899999618530273,1.399999976158142,1.2899999618530273,1.340000033378601,2900000,0.0,0.0
2020-02-21 00:00:00-05:00,1.3600000143051147,1.4600000381469727,1.350000023841858,1.4500000476837158,399300,0.0,0.0
2020-02-24 00:00:00-05:00,1.4199999570846558,1.4600000381469727,1.3600000143051147,1.4299999475479126,461300,0.0,0.0
2020-02-25 00:00:00-05:00,1.4199999570846558,1.468000054359436,1.309999942779541,1.3700000047683716,1484100,0.0,0.0
2020-02-26 00:00:00-05:00,1.399999976158142,1.440000057220459,1.2100000381469727,1.2300000190734863,767100,0.0,0.0
2020-02-27 00:00:00-05:00,1.2300000190734863,1.2400000095367432,1.0299999713897705,1.1399999856948853,1316400,0.0,0.0
2020-02-28 00:00:00-05:00,1.0800000429153442,1.2899999618530273,1.0800000429153442,1.1399999856948853,845700,0.0,0.0
2020-03-02 00:00:00-05:00,1.1699999570846558,1.2899999618530273,1.1299999952316284,1.2599999904632568,386500,0.0,0.0
2020-03-03 00:00:00-05:00,1.25,1.2799999713897705,1.149999976158142,1.149999976158142,289900,0.0,0.0
2020-03-04 00:00:00-05:00,1.159999966621399,1.25,1.1299999952316284,1.2400000095367432,280500,0.0,0.0
2020-03-05 00:00:00-05:00,1.2000000476837158,1.25,1.1299999952316284,1.149999976158142,243000,0.0,0.0
2020-03-06 00:00:00-05:00,1.1299999952316284,1.190000057220459,1.100000023841858,1.1100000143051147,196700,0.0,0.0
2020-03-09 00:00:00-04:00,1.0399999618530273,1.0920000076293945,0.9800000190734863,0.9900000095367432,355600,0.0,0.0
2020-03-10 00:00:00-04:00,1.0,1.062999963760376,0.9599999785423279,1.0299999713897705,377100,0.0,0.0
2020-03-11 00:00:00-04:00,1.0099999904632568,1.0700000524520874,0.949999988079071,1.059999942779541,558500,0.0,0.0
2020-03-12 00:00:00-04:00,0.9700000286102295,1.0499999523162842,0.9049999713897705,1.0399999618530273,768700,0.0,0.0
2020-03-13 00:00:00-04:00,1.0800000429153442,1.0800000429153442,0.8999999761581421,0.9279999732971191,337500,0.0,0.0
2020-03-16 00:00:00-04:00,0.8799999952316284,0.8999999761581421,0.8209999799728394,0.875,272900,0.0,0.0
2020-03-17 00:00:00-04:00,0.8999999761581421,0.9700000286102295,0.8330000042915344,0.9150000214576721,315100,0.0,0.0
2020-03-18 00:00:00-04:00,0.8980000019073486,0.9089999794960022,0.7200000286102295,0.75,258400,0.0,0.0
2020-03-19 00:00:00-04:00,0.7519999742507935,0.8500000238418579,0.699999988079071,0.824999988079071,325100,0.0,0.0
2020-03-20 00:00:00-04:00,0.843999981880188,0.9670000076293945,0.8209999799728394,0.8999999761581421,959700,0.0,0.0
2020-03-23 00:00:00-04:00,0.902999997138977,0.9300000071525574,0.8500000238418579,0.9129999876022339,210300,0.0,0.0
2020-03-24 00:00:00-04:00,0.949999988079071,1.0,0.9200000166893005,1.0,193700,0.0,0.0
2020-03-25 00:00:00-04:00,1.0,1.100000023841858,0.9570000171661377,1.090000033378601,333800,0.0,0.0
2020-03-26 00:00:00-04:00,1.1200000047683716,1.1699999570846558,1.0609999895095825,1.1699999570846558,225500,0.0,0.0
2020-03-27 00:00:00-04:00,1.149999976158142,1.149999976158142,1.100000023841858,1.1299999952316284,114200,0.0,0.0
2020-03-30 00:00:00-04:00,1.1200000047683716,1.1200000047683716,1.0,1.0199999809265137,233800,0.0,0.0
2020-03-31 00:00:00-04:00,1.0,1.1699999570846558,1.0,1.0399999618530273,249600,0.0,0.0
2020-04-01 00:00:00-04:00,1.0299999713897705,1.0800000429153442,0.9599999785423279,1.0399999618530273,216100,0.0,0.0
2020-04-02 00:00:00-04:00,1.0499999523162842,1.1399999856948853,1.0,1.1100000143051147,203400,0.0,0.0
2020-04-03 00:00:00-04:00,1.1100000143051147,1.190000057220459,1.0800000429153442,1.100000023841858,568000,0.0,0.0
2020-04-06 00:00:00-04:00,1.1399999856948853,1.1799999475479126,1.090000033378601,1.149999976158142,232500,0.0,0.0
2020-04-07 00:00:00-04:00,1.1699999570846558,1.190000057220459,1.1100000143051147,1.1200000047683716,174900,0.0,0.0
2020-04-08 00:00:00-04:00,1.1399999856948853,1.1699999570846558,1.0800000429153442,1.149999976158142,302400,0.0,0.0
2020-04-09 00:00:00-04:00,1.159999966621399,1.2400000095367432,1.1100000143051147,1.149999976158142,282500,0.0,0.0
2020-04-13 00:00:00-04:00,1.1399999856948853,1.2999999523162842,1.1130000352859497,1.2899999618530273,148100,0.0,0.0
2020-04-14 00:00:00-04:00,1.2599999904632568,1.4199999570846558,1.2000000476837158,1.2699999809265137,403200,0.0,0.0
2020-04-15 00:00:00-04:00,1.2400000095367432,1.2699999809265137,1.159999966621399,1.25,117000,0.0,0.0
2020-04-16 00:00:00-04:00,1.2799999713897705,1.3200000524520874,1.1549999713897705,1.2200000286102295,286700,0.0,0.0
2020-04-17 00:00:00-04:00,1.2200000286102295,1.2599999904632568,1.1699999570846558,1.2000000476837158,202100,0.0,0.0
2020-04-20 00:00:00-04:00,1.190000057220459,1.2599999904632568,1.1050000190734863,1.1399999856948853,255900,0.0,0.0
2020-04-21 00:00:00-04:00,1.1399999856948853,1.1399999856948853,1.0199999809265137,1.100000023841858,183800,0.0,0.0
2020-04-22 00:00:00-04:00,1.1299999952316284,1.1399999856948853,1.090000033378601,1.100000023841858,100400,0.0,0.0
2020-04-23 00:00:00-04:00,1.1100000143051147,1.1100000143051147,1.0199999809265137,1.0399999618530273,200100,0.0,0.0
2020-04-24 00:00:00-04:00,1.059999942779541,1.090000033378601,1.0240000486373901,1.0800000429153442,232800,0.0,0.0
2020-04-27 00:00:00-04:00,1.0700000524520874,1.2200000286102295,1.059999942779541,1.2100000381469727,207800,0.0,0.0
2020-04-28 00:00:00-04:00,1.2400000095367432,1.2899999618530273,1.2100000381469727,1.2400000095367432,217800,0.0,0.0
2020-04-29 00:00:00-04:00,1.2699999809265137,1.399999976158142,1.2599999904632568,1.3799999952316284,339400,0.0,0.0
2020-04-30 00:00:00-04:00,1.3700000047683716,1.399999976158142,1.2400000095367432,1.3300000429153442,259200,0.0,0.0
2020-05-01 00:00:00-04:00,1.2999999523162842,1.2999999523162842,1.2100000381469727,1.2400000095367432,185300,0.0,0.0
2020-05-04 00:00:00-04:00,1.2400000095367432,1.2699999809265137,1.100000023841858,1.25,248800,0.0,0.0
2020-05-05 00:00:00-04:00,1.2699999809265137,1.2999999523162842,1.2549999952316284,1.2999999523162842,135200,0.0,0.0
2020-05-06 00:00:00-04:00,1.309999942779541,1.3700000047683716,1.2389999628067017,1.2599999904632568,113600,0.0,0.0
2020-05-07 00:00:00-04:00,1.309999942779541,1.3700000047683716,1.25,1.3700000047683716,157400,0.0,0.0
2020-05-08 00:00:00-04:00,1.3899999856948853,1.4299999475479126,1.340000033378601,1.4199999570846558,246800,0.0,0.0
2020-05-11 00:00:00-04:00,1.4299999475479126,1.4900000095367432,1.350000023841858,1.440000057220459,279100,0.0,0.0
2020-05-12 00:00:00-04:00,1.4700000286102295,1.5,1.3799999952316284,1.3899999856948853,205000,0.0,0.0
2020-05-13 00:00:00-04:00,1.3899999856948853,1.3899999856948853,1.190000057220459,1.309999942779541,218100,0.0,0.0
2020-05-14 00:00:00-04:00,1.2699999809265137,1.2999999523162842,1.159999966621399,1.2999999523162842,173400,0.0,0.0
2020-05-15 00:00:00-04:00,1.309999942779541,1.4199999570846558,1.2400000095367432,1.2899999618530273,166600,0.0,0.0
2020-05-18 00:00:00-04:00,1.3200000524520874,1.3600000143051147,1.2699999809265137,1.2999999523162842,215600,0.0,0.0
2020-05-19 00:00:00-04:00,1.2899999618530273,1.340000033378601,1.2599999904632568,1.2799999713897705,366000,0.0,0.0
2020-05-20 00:00:00-04:00,1.2799999713897705,1.340000033378601,1.25,1.2799999713897705,236700,0.0,0.0
2020-05-21 00:00:00-04:00,1.2899999618530273,1.3200000524520874,1.2200000286102295,1.2400000095367432,174700,0.0,0.0
2020-05-22 00:00:00-04:00,1.2400000095367432,1.2799999713897705,1.2000000476837158,1.2300000190734863,149500,0.0,0.0
2020-05-26 00:00:00-04:00,1.2699999809265137,1.340000033378601,1.2599999904632568,1.3200000524520874,202800,0.0,0.0
2020-05-27 00:00:00-04:00,1.350000023841858,1.3799999952316284,1.2999999523162842,1.340000033378601,151700,0.0,0.0
2020-05-28 00:00:00-04:00,1.3600000143051147,1.3700000047683716,1.3200000524520874,1.340000033378601,179900,0.0,0.0
2020-05-29 00:00:00-04:00,1.409999966621399,1.409999966621399,1.309999942779541,1.409999966621399,245300,0.0,0.0
2020-06-01 00:00:00-04:00,1.399999976158142,1.399999976158142,1.2999999523162842,1.3200000524520874,174100,0.0,0.0
2020-06-02 00:00:00-04:00,1.3300000429153442,1.465999960899353,1.3200000524520874,1.4600000381469727,1063000,0.0,0.0
2020-06-03 00:00:00-04:00,1.4900000095367432,1.5700000524520874,1.399999976158142,1.434999942779541,790800,0.0,0.0
2020-06-04 00:00:00-04:00,1.409999966621399,1.4600000381469727,1.350000023841858,1.409999966621399,250500,0.0,0.0
2020-06-05 00:00:00-04:00,1.4199999570846558,1.4700000286102295,1.3700000047683716,1.4299999475479126,407400,0.0,0.0
2020-06-08 00:00:00-04:00,1.440000057220459,1.5199999809265137,1.4199999570846558,1.4500000476837158,271500,0.0,0.0
2020-06-09 00:00:00-04:00,1.4500000476837158,1.590000033378601,1.409999966621399,1.5850000381469727,338500,0.0,0.0
2020-06-10 00:00:00-04:00,1.5800000429153442,1.600000023841858,1.5,1.5800000429153442,281600,0.0,0.0
2020-06-11 00:00:00-04:00,1.559999942779541,1.559999942779541,1.3700000047683716,1.409999966621399,441500,0.0,0.0
2020-06-12 00:00:00-04:00,1.440000057220459,1.5099999904632568,1.3550000190734863,1.399999976158142,235700,0.0,0.0
2020-06-15 00:00:00-04:00,1.3700000047683716,1.4500000476837158,1.2599999904632568,1.4500000476837158,170700,0.0,0.0
2020-06-16 00:00:00-04:00,1.4600000381469727,1.4900000095367432,1.4500000476837158,1.4800000190734863,103000,0.0,0.0
2020-06-17 00:00:00-04:00,2.1500000953674316,2.2200000286102295,1.6100000143051147,1.725000023841858,8767700,0.0,0.0
2020-06-18 00:00:00-04:00,1.649999976158142,1.7200000286102295,1.5499999523162842,1.6399999856948853,1058400,0.0,0.0
2020-06-19 00:00:00-04:00,1.6100000143051147,1.6799999475479126,1.559999942779541,1.6200000047683716,625900,0.0,0.0
2020-06-22 00:00:00-04:00,1.6100000143051147,1.6100000143051147,1.4500000476837158,1.5299999713897705,852800,0.0,0.0
2020-06-23 00:00:00-04:00,1.4700000286102295,1.7100000381469727,1.4500000476837158,1.7000000476837158,717500,0.0,0.0
2020-06-24 00:00:00-04:00,1.6699999570846558,1.6699999570846558,1.4950000047683716,1.5700000524520874,598400,0.0,0.0
2020-06-25 00:00:00-04:00,1.5800000429153442,1.6039999723434448,1.440000057220459,1.5199999809265137,522500,0.0,0.0
2020-06-26 00:00:00-04:00,1.5199999809265137,1.5520000457763672,1.409999966621399,1.4800000190734863,3496900,0.0,0.0
2020-06-29 00:00:00-04:00,1.4800000190734863,1.649999976158142,1.4450000524520874,1.600000023841858,391600,0.0,0.0
2020-06-30 00:00:00-04:00,1.5800000429153442,1.6399999856948853,1.5499999523162842,1.6200000047683716,256600,0.0,0.0
2020-07-01 00:00:00-04:00,1.6200000047683716,1.690000057220459,1.5750000476837158,1.649999976158142,223200,0.0,0.0
2020-07-02 00:00:00-04:00,1.649999976158142,1.6699999570846558,1.4800000190734863,1.5,396600,0.0,0.0
2020-07-06 00:00:00-04:00,1.5399999618530273,1.6820000410079956,1.5299999713897705,1.6799999475479126,509700,0.0,0.0
2020-07-07 00:00:00-04:00,1.659999966621399,1.850000023841858,1.649999976158142,1.7699999809265137,1291200,0.0,0.0
2020-07-08 00:00:00-04:00,1.8200000524520874,1.850000023841858,1.7050000429153442,1.7400000095367432,541300,0.0,0.0
2020-07-09 00:00:00-04:00,1.7400000095367432,1.8200000524520874,1.6699999570846558,1.7999999523162842,447800,0.0,0.0
2020-07-10 00:00:00-04:00,1.8799999952316284,2.0999999046325684,1.850000023841858,1.9800000190734863,1267600,0.0,0.0
2020-07-13 00:00:00-04:00,2.0299999713897705,2.0799999237060547,1.909999966621399,1.9900000095367432,758500,0.0,0.0
2020-07-14 00:00:00-04:00,2.0,2.0199999809265137,1.9199999570846558,2.0,404900,0.0,0.0
2020-07-15 00:00:00-04:00,2.0199999809265137,2.140000104904175,1.9700000286102295,2.0299999713897705,418900,0.0,0.0
2020-07-16 00:00:00-04:00,2.0299999713897705,2.140000104904175,1.9600000381469727,2.0,343600,0.0,0.0
2020-07-17 00:00:00-04:00,2.0399999618530273,2.2200000286102295,2.0399999618530273,2.2100000381469727,1093200,0.0,0.0
2020-07-20 00:00:00-04:00,2.240000009536743,3.3399999141693115,2.240000009536743,2.450000047683716,6899300,0.0,0.0
2020-07-21 00:00:00-04:00,2.628000020980835,2.628000020980835,2.25,2.299999952316284,1012300,0.0,0.0
2020-07-22 00:00:00-04:00,2.2799999713897705,2.5,2.25,2.319999933242798,778700,0.0,0.0
2020-07-23 00:00:00-04:00,2.3499999046325684,2.390000104904175,2.2049999237060547,2.240000009536743,538600,0.0,0.0
2020-07-24 00:00:00-04:00,2.190000057220459,2.2699999809265137,2.0799999237060547,2.1500000953674316,645000,0.0,0.0
2020-07-27 00:00:00-04:00,2.190000057220459,2.2699999809265137,2.109999895095825,2.200000047683716,538100,0.0,0.0
2020-07-28 00:00:00-04:00,2.25,2.250999927520752,2.109999895095825,2.119999885559082,574900,0.0,0.0
2020-07-29 00:00:00-04:00,2.109999895095825,2.200000047683716,2.059999942779541,2.1700000762939453,627300,0.0,0.0
2020-07-30 00:00:00-04:00,2.130000114440918,2.2799999713897705,2.0999999046325684,2.259999990463257,586300,0.0,0.0
2020-07-31 00:00:00-04:00,2.2799999713897705,2.3399999141693115,2.109999895095825,2.1500000953674316,385700,0.0,0.0
2020-08-03 00:00:00-04:00,2.180000066757202,2.190000057220459,2.0999999046325684,2.130000114440918,418200,0.0,0.0
2020-08-04 00:00:00-04:00,2.1600000858306885,2.200000047683716,2.130000114440918,2.200000047683716,257000,0.0,0.0
2020-08-05 00:00:00-04:00,2.200000047683716,2.2209999561309814,2.140000104904175,2.1500000953674316,272400,0.0,0.0
2020-08-06 00:00:00-04:00,2.1500000953674316,2.2360000610351562,1.9199999570846558,1.9500000476837158,621600,0.0,0.0
2020-08-07 00:00:00-04:00,1.899999976158142,2.140000104904175,1.8200000524520874,2.0999999046325684,469200,0.0,0.0
2020-08-10 00:00:00-04:00,2.0999999046325684,2.2300000190734863,2.069999933242798,2.1700000762939453,522600,0.0,0.0
2020-08-11 00:00:00-04:00,2.25,2.700000047683716,2.1410000324249268,2.2799999713897705,2498500,0.0,0.0
2020-08-12 00:00:00-04:00,2.3299999237060547,2.4600000381469727,2.200000047683716,2.200000047683716,523800,0.0,0.0
2020-08-13 00:00:00-04:00,2.1610000133514404,2.2230000495910645,2.049999952316284,2.1600000858306885,431200,0.0,0.0
2020-08-14 00:00:00-04:00,2.1700000762939453,2.4600000381469727,2.0999999046325684,2.4600000381469727,594900,0.0,0.0
2020-08-17 00:00:00-04:00,2.5,2.5199999809265137,2.299999952316284,2.369999885559082,405600,0.0,0.0
2020-08-18 00:00:00-04:00,2.4000000953674316,2.437000036239624,2.2799999713897705,2.4000000953674316,257200,0.0,0.0
2020-08-19 00:00:00-04:00,2.450000047683716,2.569999933242798,2.380000114440918,2.4700000286102295,554400,0.0,0.0
2020-08-20 00:00:00-04:00,2.450000047683716,2.7899999618530273,2.4200000762939453,2.7100000381469727,899100,0.0,0.0
2020-08-21 00:00:00-04:00,2.680000066757202,2.740000009536743,2.4600000381469727,2.549999952316284,567300,0.0,0.0
2020-08-24 00:00:00-04:00,2.5399999618530273,2.549999952316284,2.3499999046325684,2.4700000286102295,455000,0.0,0.0
2020-08-25 00:00:00-04:00,2.4600000381469727,2.4700000286102295,2.2899999618530273,2.4000000953674316,247600,0.0,0.0
2020-08-26 00:00:00-04:00,2.4000000953674316,2.450000047683716,2.299999952316284,2.4000000953674316,359800,0.0,0.0
2020-08-27 00:00:00-04:00,2.369999885559082,2.4100000858306885,2.2699999809265137,2.4000000953674316,272000,0.0,0.0
2020-08-28 00:00:00-04:00,2.4000000953674316,2.619999885559082,2.369999885559082,2.549999952316284,310800,0.0,0.0
2020-08-31 00:00:00-04:00,2.5999999046325684,2.619999885559082,2.430000066757202,2.4600000381469727,362800,0.0,0.0
2020-09-01 00:00:00-04:00,2.4600000381469727,2.494999885559082,2.2899999618530273,2.3299999237060547,355800,0.0,0.0
2020-09-02 00:00:00-04:00,2.319999933242798,2.4100000858306885,2.1600000858306885,2.3499999046325684,426400,0.0,0.0
2020-09-03 00:00:00-04:00,2.3499999046325684,2.369999885559082,2.2100000381469727,2.2200000286102295,185500,0.0,0.0
2020-09-04 00:00:00-04:00,2.3299999237060547,2.3299999237060547,1.9800000190734863,2.140000104904175,427100,0.0,0.0
2020-09-08 00:00:00-04:00,2.0999999046325684,2.0999999046325684,2.0,2.0299999713897705,218300,0.0,0.0
2020-09-09 00:00:00-04:00,2.0,2.1600000858306885,1.9900000095367432,2.1500000953674316,191700,0.0,0.0
2020-09-10 00:00:00-04:00,2.1700000762939453,2.2799999713897705,2.0999999046325684,2.190000057220459,95300,0.0,0.0
2020-09-11 00:00:00-04:00,2.2100000381469727,2.234999895095825,2.0799999237060547,2.1600000858306885,196000,0.0,0.0
2020-09-14 00:00:00-04:00,2.180000066757202,2.309999942779541,2.119999885559082,2.2300000190734863,99400,0.0,0.0
2020-09-15 00:00:00-04:00,2.2300000190734863,2.4000000953674316,2.2269999980926514,2.3499999046325684,255800,0.0,0.0
2020-09-16 00:00:00-04:00,2.359999895095825,2.490000009536743,2.319999933242798,2.390000104904175,187500,0.0,0.0
2020-09-17 00:00:00-04:00,2.369999885559082,2.619999885559082,2.321000099182129,2.5399999618530273,278500,0.0,0.0
2020-09-18 00:00:00-04:00,2.559999942779541,2.7899999618530273,2.390000104904175,2.5299999713897705,710000,0.0,0.0
2020-09-21 00:00:00-04:00,2.430000066757202,2.5199999809265137,2.3959999084472656,2.490000009536743,97700,0.0,0.0
2020-09-22 00:00:00-04:00,2.5,2.5799999237060547,2.430000066757202,2.5,105600,0.0,0.0
2020-09-23 00:00:00-04:00,2.5,2.549999952316284,2.3399999141693115,2.359999895095825,151000,0.0,0.0
2020-09-24 00:00:00-04:00,2.3399999141693115,2.430000066757202,2.25,2.4000000953674316,167800,0.0,0.0
2020-09-25 00:00:00-04:00,2.4200000762939453,2.509999990463257,2.322999954223633,2.4600000381469727,195600,0.0,0.0
2020-09-28 00:00:00-04:00,2.4800000190734863,2.630000114440918,2.430000066757202,2.569999933242798,201500,0.0,0.0
2020-09-29 00:00:00-04:00,2.5899999141693115,2.630000114440918,2.440000057220459,2.559999942779541,260000,0.0,0.0
2020-09-30 00:00:00-04:00,2.559999942779541,2.5999999046325684,2.5199999809265137,2.569999933242798,153300,0.0,0.0
2020-10-01 00:00:00-04:00,2.609999895095825,2.6600000858306885,2.5399999618530273,2.6500000953674316,208300,0.0,0.0
2020-10-02 00:00:00-04:00,2.5999999046325684,3.140000104904175,2.5799999237060547,2.9600000381469727,1267400,0.0,0.0
2020-10-05 00:00:00-04:00,2.9600000381469727,3.4000000953674316,2.950000047683716,3.3499999046325684,907300,0.0,0.0
2020-10-06 00:00:00-04:00,3.4000000953674316,3.490000009536743,3.0199999809265137,3.319999933242798,640800,0.0,0.0
2020-10-07 00:00:00-04:00,3.390000104904175,3.799999952316284,3.309999942779541,3.75,789400,0.0,0.0
2020-10-08 00:00:00-04:00,3.859999895095825,4.28000020980835,3.8299999237060547,4.150000095367432,1281100,0.0,0.0
2020-10-09 00:00:00-04:00,4.349999904632568,5.039999961853027,3.7799999713897705,4.75,4151600,0.0,0.0
2020-10-12 00:00:00-04:00,4.53000020980835,4.590000152587891,4.0,4.050000190734863,1226800,0.0,0.0
2020-10-13 00:00:00-04:00,4.050000190734863,4.269999980926514,3.8299999237060547,4.150000095367432,396200,0.0,0.0
2020-10-14 00:00:00-04:00,4.119999885559082,4.150000095367432,3.950000047683716,4.0,317300,0.0,0.0
2020-10-15 00:00:00-04:00,3.9600000381469727,3.990000009536743,3.880000114440918,3.9600000381469727,143000,0.0,0.0
2020-10-16 00:00:00-04:00,3.9800000190734863,4.400000095367432,3.930000066757202,4.309999942779541,448600,0.0,0.0
2020-10-19 00:00:00-04:00,4.380000114440918,4.690000057220459,4.28000020980835,4.510000228881836,510400,0.0,0.0
2020-10-20 00:00:00-04:00,4.650000095367432,4.699999809265137,4.320000171661377,4.519999980926514,463000,0.0,0.0
2020-10-21 00:00:00-04:00,4.519999980926514,4.659999847412109,4.039999961853027,4.25,420100,0.0,0.0
2020-10-22 00:00:00-04:00,4.199999809265137,4.389999866485596,4.199999809265137,4.25,138200,0.0,0.0
2020-10-23 00:00:00-04:00,4.300000190734863,4.360000133514404,4.165999889373779,4.300000190734863,101100,0.0,0.0
2020-10-26 00:00:00-04:00,4.300000190734863,4.340000152587891,3.859999895095825,4.099999904632568,280500,0.0,0.0
2020-10-27 00:00:00-04:00,4.099999904632568,4.139999866485596,3.9700000286102295,4.019999980926514,101400,0.0,0.0
2020-10-28 00:00:00-04:00,3.930000066757202,3.990000009536743,3.609999895095825,3.819999933242798,304400,0.0,0.0
2020-10-29 00:00:00-04:00,3.8399999141693115,3.859999895095825,3.759999990463257,3.8299999237060547,117300,0.0,0.0
2020-10-30 00:00:00-04:00,3.740000009536743,3.8499999046325684,3.609999895095825,3.8399999141693115,236400,0.0,0.0
2020-11-02 00:00:00-05:00,3.890000104904175,3.9719998836517334,3.7200000286102295,3.75,181000,0.0,0.0
2020-11-03 00:00:00-05:00,3.7899999618530273,3.8010001182556152,3.6500000953674316,3.7100000381469727,152700,0.0,0.0
2020-11-04 00:00:00-05:00,3.640000104904175,4.230000019073486,3.640000104904175,3.950000047683716,336200,0.0,0.0
2020-11-05 00:00:00-05:00,4.079999923706055,4.079999923706055,3.819999933242798,3.9700000286102295,196900,0.0,0.0
2020-11-06 00:00:00-05:00,3.940000057220459,4.199999809265137,3.7200000286102295,4.119999885559082,222200,0.0,0.0
2020-11-09 00:00:00-05:00,3.880000114440918,4.119999885559082,3.859999895095825,3.990000009536743,541800,0.0,0.0
2020-11-10 00:00:00-05:00,3.950000047683716,3.950000047683716,3.7200000286102295,3.75,239000,0.0,0.0
2020-11-11 00:00:00-05:00,3.7899999618530273,3.9100000858306885,3.6700000762939453,3.6700000762939453,146500,0.0,0.0
2020-11-12 00:00:00-05:00,3.559999942779541,3.869999885559082,3.2699999809265137,3.7699999809265137,247800,0.0,0.0
2020-11-13 00:00:00-05:00,3.819999933242798,3.819999933242798,3.559999942779541,3.640000104904175,251300,0.0,0.0
2020-11-16 00:00:00-05:00,3.6600000858306885,3.6600000858306885,3.059999942779541,3.190000057220459,723500,0.0,0.0
2020-11-17 00:00:00-05:00,3.1500000953674316,3.2899999618530273,3.119999885559082,3.259999990463257,172600,0.0,0.0
2020-11-18 00:00:00-05:00,3.2300000190734863,3.299999952316284,3.1500000953674316,3.200000047683716,172100,0.0,0.0
2020-11-19 00:00:00-05:00,3.200000047683716,3.2100000381469727,3.0399999618530273,3.0899999141693115,250300,0.0,0.0
2020-11-20 00:00:00-05:00,3.0999999046325684,3.2799999713897705,3.059999942779541,3.0899999141693115,266100,0.0,0.0
2020-11-23 00:00:00-05:00,3.130000114440918,3.200000047683716,3.069999933242798,3.119999885559082,560100,0.0,0.0
2020-11-24 00:00:00-05:00,3.180000066757202,3.3299999237060547,3.130000114440918,3.3299999237060547,570700,0.0,0.0
2020-11-25 00:00:00-05:00,3.3299999237060547,3.369999885559082,3.1549999713897705,3.309999942779541,338600,0.0,0.0
2020-11-27 00:00:00-05:00,3.319999933242798,3.4200000762939453,3.2200000286102295,3.319999933242798,195000,0.0,0.0
2020-11-30 00:00:00-05:00,3.3499999046325684,3.4200000762939453,3.200000047683716,3.3399999141693115,210500,0.0,0.0
2020-12-01 00:00:00-05:00,3.369999885559082,3.5199999809265137,3.2699999809265137,3.5199999809265137,560000,0.0,0.0
2020-12-02 00:00:00-05:00,3.5299999713897705,3.5999999046325684,3.4000000953674316,3.4700000286102295,319900,0.0,0.0
2020-12-03 00:00:00-05:00,3.509999990463257,3.5799999237060547,3.4700000286102295,3.569999933242798,181800,0.0,0.0
2020-12-04 00:00:00-05:00,3.5999999046325684,3.880000114440918,3.5899999141693115,3.740000009536743,565000,0.0,0.0
2020-12-07 00:00:00-05:00,3.7699999809265137,4.099999904632568,3.7100000381469727,4.099999904632568,503500,0.0,0.0
2020-12-08 00:00:00-05:00,4.090000152587891,4.179999828338623,3.819999933242798,3.880000114440918,319000,0.0,0.0
2020-12-09 00:00:00-05:00,3.9000000953674316,3.930999994277954,3.4700000286102295,3.690000057220459,301500,0.0,0.0
2020-12-10 00:00:00-05:00,3.6500000953674316,3.809999942779541,3.4800000190734863,3.7899999618530273,137600,0.0,0.0
2020-12-11 00:00:00-05:00,3.7300000190734863,3.930000066757202,3.5999999046325684,3.930000066757202,303000,0.0,0.0
2020-12-14 00:00:00-05:00,3.9600000381469727,3.9800000190734863,3.759999990463257,3.930000066757202,237700,0.0,0.0
2020-12-15 00:00:00-05:00,3.940000057220459,4.75,3.8499999046325684,4.590000152587891,851000,0.0,0.0
2020-12-16 00:00:00-05:00,4.670000076293945,6.690000057220459,4.650000095367432,5.010000228881836,11245400,0.0,0.0
2020-12-17 00:00:00-05:00,5.059999942779541,5.28000020980835,4.599999904632568,5.239999771118164,973200,0.0,0.0
2020-12-18 00:00:00-05:00,5.400000095367432,5.809999942779541,5.0970001220703125,5.519999980926514,702700,0.0,0.0
2020-12-21 00:00:00-05:00,5.369999885559082,6.328000068664551,5.329999923706055,6.039999961853027,1017900,0.0,0.0
2020-12-22 00:00:00-05:00,6.210000038146973,7.090000152587891,6.199999809265137,7.010000228881836,1805200,0.0,0.0
2020-12-23 00:00:00-05:00,6.940000057220459,7.789999961853027,6.599999904632568,7.579999923706055,1133600,0.0,0.0
2020-12-24 00:00:00-05:00,7.590000152587891,7.699999809265137,7.0,7.610000133514404,586100,0.0,0.0
2020-12-28 00:00:00-05:00,7.739999771118164,7.949999809265137,6.610000133514404,6.71999979019165,866800,0.0,0.0
2020-12-29 00:00:00-05:00,6.460000038146973,6.829999923706055,6.059999942779541,6.539999961853027,507300,0.0,0.0
2020-12-30 00:00:00-05:00,6.5,7.13100004196167,6.5,6.619999885559082,408900,0.0,0.0
2020-12-31 00:00:00-05:00,6.630000114440918,6.7220001220703125,6.300000190734863,6.46999979019165,373900,0.0,0.0
2021-01-04 00:00:00-05:00,6.46999979019165,6.75,6.400000095367432,6.480000019073486,421400,0.0,0.0
2021-01-05 00:00:00-05:00,6.480000019073486,6.849999904632568,6.420000076293945,6.550000190734863,376200,0.0,0.0
2021-01-06 00:00:00-05:00,6.610000133514404,6.730000019073486,6.144999980926514,6.409999847412109,564300,0.0,0.0
2021-01-07 00:00:00-05:00,6.5,6.849999904632568,6.340000152587891,6.489999771118164,626100,0.0,0.0
2021-01-08 00:00:00-05:00,6.5,6.599999904632568,6.099999904632568,6.190000057220459,346600,0.0,0.0
2021-01-11 00:00:00-05:00,6.199999809265137,6.53000020980835,6.170000076293945,6.320000171661377,220900,0.0,0.0
2021-01-12 00:00:00-05:00,6.360000133514404,6.438000202178955,6.059999942779541,6.079999923706055,466400,0.0,0.0
2021-01-13 00:00:00-05:00,6.099999904632568,6.150000095367432,5.650000095367432,5.860000133514404,441300,0.0,0.0
2021-01-14 00:00:00-05:00,5.840000152587891,6.114999771118164,5.730000019073486,6.099999904632568,241900,0.0,0.0
2021-01-15 00:00:00-05:00,6.110000133514404,6.489999771118164,5.820000171661377,5.880000114440918,295200,0.0,0.0
2021-01-19 00:00:00-05:00,14.050000190734863,19.950000762939453,13.289999961853027,18.829999923706055,114362200,0.0,0.0
2021-01-20 00:00:00-05:00,19.950000762939453,24.280000686645508,17.709999084472656,17.969999313354492,20419600,0.0,0.0
2021-01-21 00:00:00-05:00,18.15999984741211,19.5,17.149999618530273,18.040000915527344,3061700,0.0,0.0
2021-01-22 00:00:00-05:00,17.540000915527344,18.59000015258789,17.15999984741211,18.219999313354492,1394700,0.0,0.0
2021-01-25 00:00:00-05:00,18.700000762939453,18.979999542236328,16.309999465942383,17.639999389648438,1514200,0.0,0.0
2021-01-26 00:00:00-05:00,17.600000381469727,18.209999084472656,17.200000762939453,17.479999542236328,806900,0.0,0.0
2021-01-27 00:00:00-05:00,17.059999465942383,18.440000534057617,16.051000595092773,18.440000534057617,1536000,0.0,0.0
2021-01-28 00:00:00-05:00,18.959999084472656,21.975000381469727,17.982999801635742,19.520000457763672,2446900,0.0,0.0
2021-01-29 00:00:00-05:00,20.0,21.429000854492188,19.489999771118164,20.75,801200,0.0,0.0
2021-02-01 00:00:00-05:00,21.059999465942383,21.75,20.25,21.350000381469727,1066300,0.0,0.0
2021-02-02 00:00:00-05:00,21.65999984741211,22.200000762939453,20.639999389648438,20.729999542236328,974400,0.0,0.0
2021-02-03 00:00:00-05:00,20.729999542236328,21.639999389648438,20.540000915527344,21.5,728700,0.0,0.0
2021-02-04 00:00:00-05:00,21.5,23.299999237060547,21.260000228881836,21.559999465942383,1462400,0.0,0.0
2021-02-05 00:00:00-05:00,21.5,21.6200008392334,20.260000228881836,20.770000457763672,2716600,0.0,0.0
2021-02-08 00:00:00-05:00,20.260000228881836,21.729999542236328,20.010000228881836,20.950000762939453,563700,0.0,0.0
2021-02-09 00:00:00-05:00,20.940000534057617,23.850000381469727,20.940000534057617,21.5,1093600,0.0,0.0
2021-02-10 00:00:00-05:00,21.399999618530273,22.969999313354492,21.309999465942383,22.93000030517578,797400,0.0,0.0
2021-02-11 00:00:00-05:00,23.299999237060547,23.969999313354492,22.549999237060547,23.270000457763672,592700,0.0,0.0
2021-02-12 00:00:00-05:00,22.81999969482422,25.479999542236328,22.540000915527344,24.209999084472656,639900,0.0,0.0
2021-02-16 00:00:00-05:00,24.260000228881836,24.43000030517578,23.510000228881836,23.93000030517578,590500,0.0,0.0
2021-02-17 00:00:00-05:00,24.190000534057617,24.30500030517578,22.8700008392334,23.860000610351562,490800,0.0,0.0
2021-02-18 00:00:00-05:00,23.440000534057617,23.84000015258789,22.059999465942383,22.600000381469727,580300,0.0,0.0
2021-02-19 00:00:00-05:00,22.899999618530273,23.600000381469727,21.18000030517578,21.200000762939453,766200,0.0,0.0
2021-02-22 00:00:00-05:00,20.510000228881836,25.0,19.510000228881836,23.030000686645508,3126200,0.0,0.0
2021-02-23 00:00:00-05:00,21.549999237060547,21.829999923706055,20.0,21.020000457763672,982100,0.0,0.0
2021-02-24 00:00:00-05:00,20.959999084472656,21.57699966430664,20.30500030517578,20.670000076293945,580500,0.0,0.0
2021-02-25 00:00:00-05:00,20.799999237060547,21.56999969482422,20.360000610351562,21.219999313354492,507200,0.0,0.0
2021-02-26 00:00:00-05:00,21.209999084472656,23.170000076293945,20.200000762939453,22.280000686645508,542400,0.0,0.0
2021-03-01 00:00:00-05:00,22.6200008392334,24.329999923706055,22.530000686645508,24.059999465942383,443100,0.0,0.0
2021-03-02 00:00:00-05:00,24.1200008392334,24.190000534057617,22.809999465942383,23.25,214400,0.0,0.0
2021-03-03 00:00:00-05:00,23.450000762939453,23.540000915527344,21.899999618530273,21.979999542236328,359400,0.0,0.0
2021-03-04 00:00:00-05:00,21.760000228881836,22.360000610351562,19.93000030517578,21.139999389648438,549000,0.0,0.0
2021-03-05 00:00:00-05:00,21.360000610351562,21.899999618530273,19.850000381469727,21.309999465942383,605900,0.0,0.0
2021-03-08 00:00:00-05:00,21.799999237060547,22.280000686645508,20.6299991607666,21.239999771118164,349500,0.0,0.0
2021-03-09 00:00:00-05:00,21.469999313354492,23.1200008392334,21.469999313354492,22.469999313354492,400100,0.0,0.0
2021-03-10 00:00:00-05:00,23.100000381469727,23.81999969482422,22.56999969482422,22.81999969482422,362000,0.0,0.0
2021-03-11 00:00:00-05:00,23.8799991607666,25.0,23.219999313354492,24.399999618530273,497500,0.0,0.0
2021-03-12 00:00:00-05:00,24.149999618530273,25.280000686645508,23.670000076293945,25.209999084472656,492100,0.0,0.0
2021-03-15 00:00:00-04:00,25.59000015258789,26.496000289916992,23.690000534057617,23.940000534057617,744600,0.0,0.0
2021-03-16 00:00:00-04:00,23.591999053955078,24.920000076293945,23.23900032043457,23.760000228881836,395100,0.0,0.0
2021-03-17 00:00:00-04:00,23.280000686645508,24.299999237060547,22.610000610351562,23.920000076293945,499100,0.0,0.0
2021-03-18 00:00:00-04:00,24.0,25.209999084472656,23.729999542236328,24.940000534057617,500700,0.0,0.0
2021-03-19 00:00:00-04:00,24.90999984741211,27.31999969482422,24.575000762939453,26.790000915527344,1329600,0.0,0.0
2021-03-22 00:00:00-04:00,27.934999465942383,27.934999465942383,26.049999237060547,27.729999542236328,618000,0.0,0.0
2021-03-23 00:00:00-04:00,27.469999313354492,27.489999771118164,25.25,25.329999923706055,738900,0.0,0.0
2021-03-24 00:00:00-04:00,25.3700008392334,26.110000610351562,22.5,22.520000457763672,782000,0.0,0.0
2021-03-25 00:00:00-04:00,21.670000076293945,24.329999923706055,21.570999145507812,23.969999313354492,883100,0.0,0.0
2021-03-26 00:00:00-04:00,24.200000762939453,24.540000915527344,22.450000762939453,23.020000457763672,662700,0.0,0.0
2021-03-29 00:00:00-04:00,22.770000457763672,23.469999313354492,21.9950008392334,22.520000457763672,622400,0.0,0.0
2021-03-30 00:00:00-04:00,22.459999084472656,24.459999084472656,22.459999084472656,23.579999923706055,561500,0.0,0.0
2021-03-31 00:00:00-04:00,23.790000915527344,25.690000534057617,23.479999542236328,25.200000762939453,1685200,0.0,0.0
2021-04-01 00:00:00-04:00,26.399999618530273,27.760000228881836,26.299999237060547,26.5,1475500,0.0,0.0
2021-04-05 00:00:00-04:00,26.729999542236328,29.270000457763672,25.959999084472656,28.049999237060547,1082000,0.0,0.0
2021-04-06 00:00:00-04:00,28.0,29.25,26.829999923706055,28.979999542236328,569000,0.0,0.0
2021-04-07 00:00:00-04:00,28.84000015258789,29.850000381469727,28.329999923706055,29.600000381469727,510700,0.0,0.0
2021-04-08 00:00:00-04:00,29.780000686645508,30.375,28.760000228881836,29.09000015258789,536400,0.0,0.0
2021-04-09 00:00:00-04:00,29.059999465942383,29.639999389648438,28.600000381469727,28.959999084472656,416100,0.0,0.0
2021-04-12 00:00:00-04:00,28.75,28.788000106811523,27.100000381469727,27.459999084472656,570600,0.0,0.0
2021-04-13 00:00:00-04:00,27.420000076293945,27.770000457763672,25.65999984741211,26.459999084472656,714600,0.0,0.0
2021-04-14 00:00:00-04:00,26.299999237060547,28.06999969482422,25.889999389648438,27.81999969482422,487400,0.0,0.0
2021-04-15 00:00:00-04:00,27.93000030517578,28.0,24.84000015258789,27.030000686645508,834500,0.0,0.0
2021-04-16 00:00:00-04:00,27.360000610351562,27.3700008392334,25.729999542236328,26.68000030517578,495500,0.0,0.0
2021-04-19 00:00:00-04:00,26.34000015258789,26.780000686645508,25.3700008392334,26.020000457763672,590800,0.0,0.0
2021-04-20 00:00:00-04:00,26.15999984741211,26.540000915527344,25.270000457763672,26.459999084472656,328200,0.0,0.0
2021-04-21 00:00:00-04:00,27.149999618530273,28.25,26.6200008392334,27.200000762939453,509900,0.0,0.0
2021-04-22 00:00:00-04:00,27.3700008392334,27.40999984741211,26.510000228881836,26.770000457763672,516300,0.0,0.0
2021-04-23 00:00:00-04:00,26.81999969482422,27.5,26.219999313354492,26.709999084472656,345900,0.0,0.0
2021-04-26 00:00:00-04:00,25.780000686645508,26.5,25.25,26.059999465942383,611300,0.0,0.0
2021-04-27 00:00:00-04:00,25.940000534057617,26.1200008392334,24.440000534057617,24.6200008392334,613900,0.0,0.0
2021-04-28 00:00:00-04:00,24.610000610351562,25.350000381469727,24.155000686645508,25.139999389648438,447500,0.0,0.0
2021-04-29 00:00:00-04:00,24.959999084472656,25.329999923706055,24.350000381469727,24.940000534057617,375200,0.0,0.0
2021-04-30 00:00:00-04:00,24.6299991607666,25.64699935913086,23.549999237060547,23.850000381469727,690000,0.0,0.0
2021-05-03 00:00:00-04:00,23.670000076293945,25.0,23.559999465942383,24.920000076293945,782600,0.0,0.0
2021-05-04 00:00:00-04:00,24.780000686645508,24.94499969482422,23.100000381469727,23.670000076293945,631000,0.0,0.0
2021-05-05 00:00:00-04:00,23.459999084472656,24.420000076293945,23.239999771118164,24.139999389648438,412000,0.0,0.0
2021-05-06 00:00:00-04:00,23.829999923706055,23.959999084472656,22.719999313354492,23.829999923706055,505100,0.0,0.0
2021-05-07 00:00:00-04:00,23.90999984741211,24.3799991607666,22.739999771118164,22.950000762939453,444700,0.0,0.0
2021-05-10 00:00:00-04:00,22.709999084472656,24.030000686645508,22.68000030517578,23.309999465942383,425100,0.0,0.0
2021-05-11 00:00:00-04:00,22.93000030517578,23.22800064086914,22.200000762939453,22.389999389648438,876500,0.0,0.0
2021-05-12 00:00:00-04:00,22.190000534057617,22.81999969482422,21.299999237060547,21.770000457763672,653400,0.0,0.0
2021-05-13 00:00:00-04:00,21.8799991607666,22.979999542236328,21.239999771118164,21.239999771118164,359800,0.0,0.0
2021-05-14 00:00:00-04:00,21.40999984741211,22.030000686645508,20.68000030517578,21.190000534057617,606600,0.0,0.0
2021-05-17 00:00:00-04:00,21.1299991607666,21.90999984741211,20.850000381469727,21.649999618530273,341200,0.0,0.0
2021-05-18 00:00:00-04:00,21.649999618530273,22.3799991607666,21.600000381469727,21.729999542236328,506500,0.0,0.0
2021-05-19 00:00:00-04:00,21.43000030517578,23.21500015258789,21.190000534057617,22.969999313354492,424600,0.0,0.0
2021-05-20 00:00:00-04:00,23.1200008392334,23.229999542236328,22.219999313354492,22.75,376400,0.0,0.0
2021-05-21 00:00:00-04:00,22.690000534057617,22.93000030517578,22.059999465942383,22.559999465942383,296500,0.0,0.0
2021-05-24 00:00:00-04:00,22.649999618530273,22.802000045776367,22.020000457763672,22.329999923706055,345500,0.0,0.0
2021-05-25 00:00:00-04:00,22.520000457763672,22.889999389648438,21.690000534057617,21.739999771118164,308900,0.0,0.0
2021-05-26 00:00:00-04:00,21.729999542236328,22.190000534057617,20.889999389648438,21.030000686645508,536900,0.0,0.0
2021-05-27 00:00:00-04:00,21.149999618530273,21.8799991607666,21.0,21.610000610351562,1382200,0.0,0.0
2021-05-28 00:00:00-04:00,21.549999237060547,22.3700008392334,21.549999237060547,22.239999771118164,316500,0.0,0.0
2021-06-01 00:00:00-04:00,22.290000915527344,23.809999465942383,22.25,23.639999389648438,482200,0.0,0.0
2021-06-02 00:00:00-04:00,23.649999618530273,23.829999923706055,21.0,21.739999771118164,1031700,0.0,0.0
2021-06-03 00:00:00-04:00,21.780000686645508,22.5,21.510000228881836,21.899999618530273,536000,0.0,0.0
2021-06-04 00:00:00-04:00,21.979999542236328,22.65999984741211,21.510000228881836,21.729999542236328,252900,0.0,0.0
2021-06-07 00:00:00-04:00,21.649999618530273,23.200000762939453,21.045000076293945,22.3799991607666,468900,0.0,0.0
2021-06-08 00:00:00-04:00,23.5,24.0,18.420000076293945,18.760000228881836,2399200,0.0,0.0
2021-06-09 00:00:00-04:00,18.110000610351562,18.6299991607666,16.81999969482422,17.764999389648438,1640100,0.0,0.0
2021-06-10 00:00:00-04:00,18.469999313354492,19.850000381469727,17.790000915527344,19.649999618530273,3254800,0.0,0.0
2021-06-11 00:00:00-04:00,19.510000228881836,19.739999771118164,18.170000076293945,18.3799991607666,955300,0.0,0.0
2021-06-14 00:00:00-04:00,18.65999984741211,18.889999389648438,17.600000381469727,17.829999923706055,701300,0.0,0.0
2021-06-15 00:00:00-04:00,18.5,18.5,17.3700008392334,17.809999465942383,972900,0.0,0.0
2021-06-16 00:00:00-04:00,18.31999969482422,18.690000534057617,17.34000015258789,17.989999771118164,695500,0.0,0.0
2021-06-17 00:00:00-04:00,17.770000457763672,18.610000610351562,17.770000457763672,18.15999984741211,651700,0.0,0.0
2021-06-18 00:00:00-04:00,17.8799991607666,18.450000762939453,17.8799991607666,18.290000915527344,667100,0.0,0.0
2021-06-21 00:00:00-04:00,18.270000457763672,18.299999237060547,17.65999984741211,17.90999984741211,492500,0.0,0.0
2021-06-22 00:00:00-04:00,17.899999618530273,18.25,17.565000534057617,17.979999542236328,1230700,0.0,0.0
2021-06-23 00:00:00-04:00,18.100000381469727,18.209999084472656,17.190000534057617,17.229999542236328,687100,0.0,0.0
2021-06-24 00:00:00-04:00,17.239999771118164,17.54199981689453,16.520000457763672,17.079999923706055,844400,0.0,0.0
2021-06-25 00:00:00-04:00,17.1299991607666,17.90999984741211,16.989999771118164,17.790000915527344,6175700,0.0,0.0
2021-06-28 00:00:00-04:00,17.790000915527344,18.18000030517578,17.40999984741211,17.899999618530273,855500,0.0,0.0
2021-06-29 00:00:00-04:00,17.959999084472656,18.020000457763672,16.959999084472656,17.15999984741211,559800,0.0,0.0
2021-06-30 00:00:00-04:00,17.040000915527344,17.6299991607666,16.790000915527344,17.559999465942383,1807300,0.0,0.0
2021-07-01 00:00:00-04:00,17.280000686645508,17.809999465942383,16.940000534057617,17.209999084472656,767900,0.0,0.0
2021-07-02 00:00:00-04:00,17.31999969482422,17.350000381469727,16.579999923706055,17.06999969482422,354900,0.0,0.0
2021-07-06 00:00:00-04:00,17.020000457763672,17.2549991607666,16.65999984741211,16.8799991607666,459600,0.0,0.0
2021-07-07 00:00:00-04:00,16.850000381469727,17.56999969482422,16.68000030517578,17.229999542236328,532900,0.0,0.0
2021-07-08 00:00:00-04:00,16.719999313354492,17.940000534057617,16.400999069213867,17.65999984741211,533300,0.0,0.0
2021-07-09 00:00:00-04:00,17.780000686645508,17.860000610351562,17.469999313354492,17.59000015258789,278700,0.0,0.0
2021-07-12 00:00:00-04:00,17.59000015258789,17.93000030517578,17.209999084472656,17.709999084472656,714800,0.0,0.0
2021-07-13 00:00:00-04:00,17.799999237060547,17.799999237060547,16.739999771118164,16.850000381469727,388500,0.0,0.0
2021-07-14 00:00:00-04:00,16.8700008392334,16.8700008392334,15.800000190734863,15.970000267028809,568000,0.0,0.0
2021-07-15 00:00:00-04:00,15.770000457763672,16.100000381469727,14.890000343322754,15.119999885559082,835200,0.0,0.0
2021-07-16 00:00:00-04:00,15.260000228881836,15.569999694824219,14.1899995803833,14.489999771118164,621300,0.0,0.0
2021-07-19 00:00:00-04:00,14.460000038146973,14.729999542236328,13.739999771118164,14.199999809265137,565800,0.0,0.0
2021-07-20 00:00:00-04:00,14.25,15.210000038146973,14.109999656677246,15.0,521400,0.0,0.0
2021-07-21 00:00:00-04:00,15.029999732971191,15.885000228881836,15.029999732971191,15.760000228881836,305700,0.0,0.0
2021-07-22 00:00:00-04:00,15.670000076293945,15.829999923706055,15.300000190734863,15.609999656677246,187800,0.0,0.0
2021-07-23 00:00:00-04:00,16.360000610351562,16.360000610351562,15.289999961853027,15.699999809265137,318000,0.0,0.0
2021-07-26 00:00:00-04:00,15.760000228881836,15.899999618530273,14.899999618530273,15.119999885559082,317900,0.0,0.0
2021-07-27 00:00:00-04:00,15.050000190734863,15.220000267028809,14.380000114440918,14.739999771118164,566300,0.0,0.0
2021-07-28 00:00:00-04:00,14.680000305175781,15.539999961853027,14.680000305175781,15.34000015258789,181000,0.0,0.0
2021-07-29 00:00:00-04:00,15.420000076293945,15.9399995803833,15.180000305175781,15.399999618530273,250500,0.0,0.0
2021-07-30 00:00:00-04:00,15.229999542236328,15.699999809265137,14.640000343322754,14.930000305175781,398100,0.0,0.0
2021-08-02 00:00:00-04:00,15.020000457763672,15.609999656677246,14.904999732971191,15.079999923706055,415600,0.0,0.0
2021-08-03 00:00:00-04:00,15.020000457763672,15.529999732971191,14.449999809265137,14.90999984741211,286300,0.0,0.0
2021-08-04 00:00:00-04:00,14.829999923706055,14.970000267028809,14.237000465393066,14.3100004196167,585400,0.0,0.0
2021-08-05 00:00:00-04:00,14.140000343322754,15.1899995803833,14.029999732971191,14.760000228881836,280300,0.0,0.0
2021-08-06 00:00:00-04:00,14.630000114440918,15.079999923706055,14.170000076293945,14.899999618530273,426600,0.0,0.0
2021-08-09 00:00:00-04:00,14.9399995803833,15.045000076293945,14.4399995803833,14.600000381469727,343700,0.0,0.0
2021-08-10 00:00:00-04:00,14.600000381469727,14.920000076293945,14.3100004196167,14.510000228881836,298200,0.0,0.0
2021-08-11 00:00:00-04:00,14.520000457763672,14.779999732971191,14.199999809265137,14.699999809265137,327000,0.0,0.0
2021-08-12 00:00:00-04:00,14.600000381469727,15.270000457763672,14.260000228881836,15.109999656677246,340400,0.0,0.0
2021-08-13 00:00:00-04:00,15.130000114440918,15.36299991607666,14.619999885559082,14.720000267028809,248000,0.0,0.0
2021-08-16 00:00:00-04:00,14.619999885559082,14.619999885559082,13.510000228881836,13.670000076293945,341800,0.0,0.0
2021-08-17 00:00:00-04:00,13.529999732971191,13.649999618530273,12.8100004196167,13.390000343322754,409000,0.0,0.0
2021-08-18 00:00:00-04:00,13.569999694824219,13.920000076293945,13.350000381469727,13.380000114440918,220800,0.0,0.0
2021-08-19 00:00:00-04:00,13.260000228881836,13.609999656677246,13.170000076293945,13.449999809265137,378400,0.0,0.0
2021-08-20 00:00:00-04:00,13.369999885559082,14.020000457763672,13.050000190734863,13.779999732971191,201500,0.0,0.0
2021-08-23 00:00:00-04:00,14.010000228881836,14.569999694824219,14.010000228881836,14.430000305175781,276800,0.0,0.0
2021-08-24 00:00:00-04:00,14.449999809265137,14.779999732971191,14.130000114440918,14.649999618530273,299700,0.0,0.0
2021-08-25 00:00:00-04:00,14.649999618530273,15.050000190734863,14.5,14.829999923706055,184500,0.0,0.0
2021-08-26 00:00:00-04:00,14.8100004196167,15.420000076293945,14.220000267028809,14.289999961853027,258300,0.0,0.0
2021-08-27 00:00:00-04:00,14.359999656677246,15.800000190734863,14.28499984741211,15.6899995803833,313300,0.0,0.0
2021-08-30 00:00:00-04:00,15.670000076293945,15.779999732971191,15.1899995803833,15.399999618530273,212800,0.0,0.0
2021-08-31 00:00:00-04:00,15.489999771118164,16.280000686645508,15.449999809265137,16.209999084472656,368500,0.0,0.0
2021-09-01 00:00:00-04:00,16.260000228881836,18.0,16.049999237060547,17.219999313354492,991000,0.0,0.0
2021-09-02 00:00:00-04:00,17.239999771118164,18.459999084472656,16.93000030517578,17.600000381469727,534600,0.0,0.0
2021-09-03 00:00:00-04:00,17.549999237060547,17.559999465942383,16.760000228881836,17.34000015258789,375100,0.0,0.0
2021-09-07 00:00:00-04:00,17.389999389648438,17.94499969482422,17.079999923706055,17.100000381469727,429900,0.0,0.0
2021-09-08 00:00:00-04:00,17.06999969482422,17.31999969482422,16.469999313354492,16.84000015258789,232600,0.0,0.0
2021-09-09 00:00:00-04:00,16.739999771118164,17.799999237060547,16.610000610351562,17.56999969482422,544200,0.0,0.0
2021-09-10 00:00:00-04:00,17.719999313354492,18.809999465942383,16.81999969482422,17.639999389648438,729800,0.0,0.0
2021-09-13 00:00:00-04:00,17.639999389648438,18.290000915527344,17.260000228881836,17.790000915527344,504800,0.0,0.0
2021-09-14 00:00:00-04:00,17.940000534057617,18.166000366210938,16.93000030517578,17.09000015258789,431800,0.0,0.0
2021-09-15 00:00:00-04:00,16.959999084472656,17.719999313354492,16.959999084472656,17.709999084472656,305400,0.0,0.0
2021-09-16 00:00:00-04:00,17.6299991607666,17.6299991607666,16.729999542236328,17.459999084472656,330600,0.0,0.0
2021-09-17 00:00:00-04:00,17.549999237060547,18.799999237060547,17.3700008392334,18.15999984741211,1490300,0.0,0.0
2021-09-20 00:00:00-04:00,17.530000686645508,18.09000015258789,16.610000610351562,16.899999618530273,632400,0.0,0.0
2021-09-21 00:00:00-04:00,17.110000610351562,17.209999084472656,16.700000762939453,16.950000762939453,302800,0.0,0.0
2021-09-22 00:00:00-04:00,17.079999923706055,17.43000030517578,16.639999389648438,17.329999923706055,251500,0.0,0.0
2021-09-23 00:00:00-04:00,17.530000686645508,18.110000610351562,17.270000457763672,18.010000228881836,341500,0.0,0.0
2021-09-24 00:00:00-04:00,18.0,18.576000213623047,17.68000030517578,18.06999969482422,463400,0.0,0.0
2021-09-27 00:00:00-04:00,18.010000228881836,19.969999313354492,17.760000228881836,18.799999237060547,743300,0.0,0.0
2021-09-28 00:00:00-04:00,18.649999618530273,18.75,18.020000457763672,18.079999923706055,667600,0.0,0.0
2021-09-29 00:00:00-04:00,18.200000762939453,18.200000762939453,17.378000259399414,18.0,452500,0.0,0.0
2021-09-30 00:00:00-04:00,18.15999984741211,18.530000686645508,17.90999984741211,18.0,1174600,0.0,0.0
2021-10-01 00:00:00-04:00,17.8700008392334,18.030000686645508,16.965999603271484,17.350000381469727,520200,0.0,0.0
2021-10-04 00:00:00-04:00,17.350000381469727,17.690000534057617,17.110000610351562,17.15999984741211,458800,0.0,0.0
2021-10-05 00:00:00-04:00,17.15999984741211,17.469999313354492,16.68000030517578,17.100000381469727,666900,0.0,0.0
2021-10-06 00:00:00-04:00,16.520000457763672,17.399999618530273,16.450000762939453,17.200000762939453,462400,0.0,0.0
2021-10-07 00:00:00-04:00,17.270000457763672,18.459999084472656,17.139999389648438,18.360000610351562,316300,0.0,0.0
2021-10-08 00:00:00-04:00,18.360000610351562,18.75,17.780000686645508,17.950000762939453,268500,0.0,0.0
2021-10-11 00:00:00-04:00,18.020000457763672,18.1200008392334,17.530000686645508,17.600000381469727,175000,0.0,0.0
2021-10-12 00:00:00-04:00,17.600000381469727,17.729999542236328,17.229999542236328,17.56999969482422,157900,0.0,0.0
2021-10-13 00:00:00-04:00,17.65999984741211,17.709999084472656,17.06999969482422,17.18000030517578,192500,0.0,0.0
2021-10-14 00:00:00-04:00,17.360000610351562,17.5,17.149999618530273,17.25,366600,0.0,0.0
2021-10-15 00:00:00-04:00,17.59000015258789,17.59000015258789,16.549999237060547,16.809999465942383,563300,0.0,0.0
2021-10-18 00:00:00-04:00,16.75,16.975000381469727,15.979999542236328,16.030000686645508,394600,0.0,0.0
2021-10-19 00:00:00-04:00,16.059999465942383,16.600000381469727,15.630000114440918,16.09000015258789,490400,0.0,0.0
2021-10-20 00:00:00-04:00,16.15999984741211,16.649999618530273,15.770000457763672,16.110000610351562,570200,0.0,0.0
2021-10-21 00:00:00-04:00,16.059999465942383,16.3700008392334,15.899999618530273,16.09000015258789,170500,0.0,0.0
2021-10-22 00:00:00-04:00,16.0,16.420000076293945,15.795000076293945,16.350000381469727,331300,0.0,0.0
2021-10-25 00:00:00-04:00,16.299999237060547,16.670000076293945,15.899999618530273,16.190000534057617,271800,0.0,0.0
2021-10-26 00:00:00-04:00,16.219999313354492,16.354999542236328,15.84000015258789,15.960000038146973,247400,0.0,0.0
2021-10-27 00:00:00-04:00,15.779999732971191,16.229000091552734,15.149999618530273,16.0,252200,0.0,0.0
2021-10-28 00:00:00-04:00,16.100000381469727,16.790000915527344,15.949999809265137,16.729999542236328,191300,0.0,0.0
2021-10-29 00:00:00-04:00,16.799999237060547,17.469999313354492,16.670000076293945,17.350000381469727,267800,0.0,0.0
2021-11-01 00:00:00-04:00,17.450000762939453,18.621999740600586,17.18000030517578,18.489999771118164,413300,0.0,0.0
2021-11-02 00:00:00-04:00,17.350000381469727,17.709999084472656,16.040000915527344,16.479999542236328,796600,0.0,0.0
2021-11-03 00:00:00-04:00,16.329999923706055,16.399999618530273,15.270000457763672,16.200000762939453,721300,0.0,0.0
2021-11-04 00:00:00-04:00,16.15999984741211,17.06999969482422,15.979999542236328,16.84000015258789,414200,0.0,0.0
2021-11-05 00:00:00-04:00,16.514999389648438,17.219999313354492,16.200000762939453,16.459999084472656,385700,0.0,0.0
2021-11-08 00:00:00-05:00,16.65999984741211,16.969999313354492,16.5,16.700000762939453,323900,0.0,0.0
2021-11-09 00:00:00-05:00,16.6299991607666,16.639999389648438,15.260000228881836,15.550000190734863,452200,0.0,0.0
2021-11-10 00:00:00-05:00,15.550000190734863,15.989999771118164,15.420000076293945,15.859999656677246,261800,0.0,0.0
2021-11-11 00:00:00-05:00,15.970000267028809,15.970000267028809,15.140000343322754,15.25,606700,0.0,0.0
2021-11-12 00:00:00-05:00,15.270000457763672,15.399999618530273,14.550000190734863,14.90999984741211,305700,0.0,0.0
2021-11-15 00:00:00-05:00,15.680000305175781,15.680000305175781,14.470000267028809,14.539999961853027,266000,0.0,0.0
2021-11-16 00:00:00-05:00,14.34000015258789,14.529999732971191,14.109999656677246,14.180000305175781,298600,0.0,0.0
2021-11-17 00:00:00-05:00,14.1899995803833,14.680000305175781,13.710000038146973,13.819999694824219,415700,0.0,0.0
2021-11-18 00:00:00-05:00,13.979999542236328,14.194999694824219,13.260000228881836,13.479999542236328,366400,0.0,0.0
2021-11-19 00:00:00-05:00,13.399999618530273,13.880000114440918,13.25,13.789999961853027,534500,0.0,0.0
2021-11-22 00:00:00-05:00,13.869999885559082,14.069999694824219,13.241999626159668,13.59000015258789,355300,0.0,0.0
2021-11-23 00:00:00-05:00,13.399999618530273,13.59000015258789,12.329999923706055,12.760000228881836,703100,0.0,0.0
2021-11-24 00:00:00-05:00,12.75,13.470000267028809,12.57699966430664,13.399999618530273,245300,0.0,0.0
2021-11-26 00:00:00-05:00,12.869999885559082,13.239999771118164,12.399999618530273,12.619999885559082,216200,0.0,0.0
2021-11-29 00:00:00-05:00,12.920000076293945,13.029999732971191,12.140000343322754,12.270000457763672,254200,0.0,0.0
2021-11-30 00:00:00-05:00,12.649999618530273,13.0,12.010000228881836,12.800000190734863,840000,0.0,0.0
2021-12-01 00:00:00-05:00,13.0600004196167,13.520000457763672,12.489999771118164,12.510000228881836,601500,0.0,0.0
2021-12-02 00:00:00-05:00,12.489999771118164,12.75,12.010000228881836,12.6899995803833,285900,0.0,0.0
2021-12-03 00:00:00-05:00,12.550000190734863,12.75,12.239999771118164,12.5,548700,0.0,0.0
2021-12-06 00:00:00-05:00,12.699999809265137,12.829999923706055,11.899999618530273,12.640000343322754,581300,0.0,0.0
2021-12-07 00:00:00-05:00,12.720000267028809,13.489999771118164,12.5600004196167,13.220000267028809,300400,0.0,0.0
2021-12-08 00:00:00-05:00,13.300000190734863,13.710000038146973,13.130000114440918,13.680000305175781,303200,0.0,0.0
2021-12-09 00:00:00-05:00,13.600000381469727,13.854999542236328,13.380000114440918,13.489999771118164,386900,0.0,0.0
2021-12-10 00:00:00-05:00,13.5600004196167,13.6899995803833,13.039999961853027,13.199999809265137,380900,0.0,0.0
2021-12-13 00:00:00-05:00,13.069999694824219,14.210000038146973,12.899999618530273,14.029999732971191,439600,0.0,0.0
2021-12-14 00:00:00-05:00,13.819999694824219,13.819999694824219,13.119999885559082,13.1899995803833,323400,0.0,0.0
2021-12-15 00:00:00-05:00,13.239999771118164,13.729999542236328,12.710000038146973,13.710000038146973,411500,0.0,0.0
2021-12-16 00:00:00-05:00,13.850000381469727,14.175000190734863,13.430000305175781,13.539999961853027,226900,0.0,0.0
2021-12-17 00:00:00-05:00,13.3100004196167,14.420000076293945,13.0,13.979999542236328,951300,0.0,0.0
2021-12-20 00:00:00-05:00,13.850000381469727,14.369999885559082,13.550000190734863,14.270000457763672,451100,0.0,0.0
2021-12-21 00:00:00-05:00,14.529999732971191,14.789999961853027,14.170000076293945,14.510000228881836,202400,0.0,0.0
2021-12-22 00:00:00-05:00,14.359999656677246,15.3100004196167,14.260000228881836,15.270000457763672,246700,0.0,0.0
2021-12-23 00:00:00-05:00,15.350000381469727,15.5600004196167,14.829999923706055,15.4399995803833,181200,0.0,0.0
2021-12-27 00:00:00-05:00,15.319999694824219,15.460000038146973,14.779999732971191,15.300000190734863,245600,0.0,0.0
2021-12-28 00:00:00-05:00,15.039999961853027,15.260000228881836,14.600000381469727,14.640000343322754,160100,0.0,0.0
2021-12-29 00:00:00-05:00,14.520000457763672,14.829999923706055,14.128000259399414,14.510000228881836,167900,0.0,0.0
2021-12-30 00:00:00-05:00,14.510000228881836,15.109999656677246,13.63599967956543,14.329999923706055,404800,0.0,0.0
2021-12-31 00:00:00-05:00,14.5,14.779999732971191,14.359999656677246,14.539999961853027,616500,0.0,0.0
2022-01-03 00:00:00-05:00,14.65999984741211,14.859999656677246,14.180000305175781,14.59000015258789,315800,0.0,0.0
2022-01-04 00:00:00-05:00,14.510000228881836,14.649999618530273,13.460000038146973,13.630000114440918,426700,0.0,0.0
2022-01-05 00:00:00-05:00,13.619999885559082,13.850000381469727,13.140000343322754,13.220000267028809,369600,0.0,0.0
2022-01-06 00:00:00-05:00,13.149999618530273,13.555000305175781,12.880999565124512,13.149999618530273,203700,0.0,0.0
2022-01-07 00:00:00-05:00,13.029999732971191,13.154999732971191,12.470000267028809,12.699999809265137,602200,0.0,0.0
2022-01-10 00:00:00-05:00,12.6899995803833,12.699999809265137,11.744999885559082,12.449999809265137,570400,0.0,0.0
2022-01-11 00:00:00-05:00,12.329999923706055,13.010000228881836,11.975000381469727,12.859999656677246,423700,0.0,0.0
2022-01-12 00:00:00-05:00,12.390000343322754,12.390000343322754,10.670000076293945,11.109999656677246,1579900,0.0,0.0
2022-01-13 00:00:00-05:00,10.989999771118164,11.279999732971191,10.60099983215332,10.869999885559082,741000,0.0,0.0
2022-01-14 00:00:00-05:00,10.670000076293945,11.039999961853027,10.420000076293945,10.8100004196167,465900,0.0,0.0
2022-01-18 00:00:00-05:00,10.579999923706055,10.75,10.079999923706055,10.140000343322754,521600,0.0,0.0
2022-01-19 00:00:00-05:00,10.020000457763672,10.789999961853027,9.510000228881836,10.140000343322754,373300,0.0,0.0
2022-01-20 00:00:00-05:00,10.15999984741211,10.600000381469727,9.989999771118164,10.010000228881836,449300,0.0,0.0
2022-01-21 00:00:00-05:00,9.859999656677246,10.227999687194824,9.579999923706055,9.739999771118164,494700,0.0,0.0
2022-01-24 00:00:00-05:00,9.449999809265137,10.199999809265137,9.260000228881836,10.170000076293945,495800,0.0,0.0
2022-01-25 00:00:00-05:00,9.869999885559082,10.640000343322754,9.854999542236328,10.5,494100,0.0,0.0
2022-01-26 00:00:00-05:00,10.65999984741211,10.869999885559082,10.25,10.369999885559082,419900,0.0,0.0
2022-01-27 00:00:00-05:00,10.470000267028809,10.545000076293945,9.949999809265137,10.100000381469727,511200,0.0,0.0
2022-01-28 00:00:00-05:00,9.920000076293945,10.380000114440918,9.90999984741211,10.369999885559082,339600,0.0,0.0
2022-01-31 00:00:00-05:00,10.350000381469727,10.920000076293945,10.350000381469727,10.920000076293945,456300,0.0,0.0
2022-02-01 00:00:00-05:00,11.039999961853027,11.609999656677246,10.9399995803833,11.579999923706055,280000,0.0,0.0
2022-02-02 00:00:00-05:00,11.609999656677246,11.829999923706055,11.279999732971191,11.4399995803833,420400,0.0,0.0
2022-02-03 00:00:00-05:00,11.050000190734863,11.390000343322754,10.789999961853027,10.829999923706055,565700,0.0,0.0
2022-02-04 00:00:00-05:00,10.829999923706055,11.359999656677246,10.5600004196167,11.229999542236328,775100,0.0,0.0
2022-02-07 00:00:00-05:00,11.229999542236328,11.850000381469727,11.119999885559082,11.8100004196167,1175900,0.0,0.0
2022-02-08 00:00:00-05:00,11.8100004196167,12.210000038146973,11.550000190734863,12.15999984741211,427200,0.0,0.0
2022-02-09 00:00:00-05:00,12.279999732971191,12.800000190734863,12.279999732971191,12.739999771118164,307600,0.0,0.0
2022-02-10 00:00:00-05:00,12.420000076293945,13.170000076293945,12.34000015258789,12.600000381469727,854000,0.0,0.0
2022-02-11 00:00:00-05:00,12.529999732971191,13.100000381469727,12.430000305175781,12.710000038146973,510700,0.0,0.0
2022-02-14 00:00:00-05:00,12.630000114440918,12.630000114440918,11.800000190734863,11.880000114440918,534000,0.0,0.0
2022-02-15 00:00:00-05:00,12.100000381469727,12.75,12.100000381469727,12.739999771118164,209300,0.0,0.0
2022-02-16 00:00:00-05:00,12.569999694824219,12.920000076293945,12.390000343322754,12.770000457763672,205100,0.0,0.0
2022-02-17 00:00:00-05:00,12.59000015258789,12.600000381469727,12.119999885559082,12.15999984741211,170100,0.0,0.0
2022-02-18 00:00:00-05:00,12.25,13.479999542236328,12.029999732971191,13.260000228881836,690400,0.0,0.0
2022-02-22 00:00:00-05:00,13.09000015258789,13.539999961853027,12.970000267028809,13.399999618530273,576000,0.0,0.0
2022-02-23 00:00:00-05:00,13.550000190734863,13.90999984741211,13.300000190734863,13.420000076293945,741800,0.0,0.0
2022-02-24 00:00:00-05:00,12.739999771118164,14.399999618530273,12.706999778747559,14.119999885559082,506500,0.0,0.0
2022-02-25 00:00:00-05:00,13.960000038146973,15.359999656677246,13.960000038146973,15.34000015258789,362300,0.0,0.0
2022-02-28 00:00:00-05:00,15.149999618530273,15.720000267028809,14.329999923706055,14.899999618530273,565100,0.0,0.0
2022-03-01 00:00:00-05:00,14.9399995803833,15.303000450134277,14.739999771118164,14.9399995803833,320700,0.0,0.0
2022-03-02 00:00:00-05:00,14.9399995803833,15.710000038146973,14.795000076293945,15.609999656677246,226000,0.0,0.0
2022-03-03 00:00:00-05:00,15.430000305175781,15.880000114440918,15.0,15.369999885559082,195400,0.0,0.0
2022-03-04 00:00:00-05:00,15.199999809265137,15.819999694824219,14.8100004196167,15.8100004196167,237200,0.0,0.0
2022-03-07 00:00:00-05:00,15.630000114440918,17.0,15.399999618530273,16.6200008392334,398300,0.0,0.0
2022-03-08 00:00:00-05:00,16.649999618530273,16.649999618530273,15.744999885559082,15.850000381469727,455500,0.0,0.0
2022-03-09 00:00:00-05:00,16.190000534057617,16.299999237060547,15.331999778747559,16.0,839600,0.0,0.0
2022-03-10 00:00:00-05:00,15.880000114440918,16.100000381469727,15.270000457763672,16.0,326800,0.0,0.0
2022-03-11 00:00:00-05:00,16.079999923706055,16.09000015258789,15.369999885559082,15.8100004196167,244700,0.0,0.0
2022-03-14 00:00:00-04:00,15.779999732971191,15.819999694824219,14.279999732971191,14.399999618530273,598900,0.0,0.0
2022-03-15 00:00:00-04:00,14.329999923706055,15.270000457763672,14.15999984741211,15.199999809265137,515500,0.0,0.0
2022-03-16 00:00:00-04:00,15.520000457763672,15.859999656677246,15.109999656677246,15.84000015258789,382700,0.0,0.0
2022-03-17 00:00:00-04:00,15.779999732971191,16.059999465942383,15.550000190734863,15.949999809265137,461800,0.0,0.0
2022-03-18 00:00:00-04:00,15.970000267028809,16.969999313354492,15.444999694824219,16.889999389648438,770400,0.0,0.0
2022-03-21 00:00:00-04:00,16.920000076293945,17.19499969482422,16.059999465942383,16.1299991607666,237800,0.0,0.0
2022-03-22 00:00:00-04:00,16.139999389648438,17.3799991607666,16.1200008392334,17.25,281900,0.0,0.0
2022-03-23 00:00:00-04:00,17.010000228881836,17.3700008392334,16.690000534057617,17.270000457763672,363500,0.0,0.0
2022-03-24 00:00:00-04:00,17.290000915527344,17.65999984741211,17.139999389648438,17.639999389648438,323500,0.0,0.0
2022-03-25 00:00:00-04:00,17.43000030517578,18.149999618530273,17.40999984741211,17.920000076293945,282300,0.0,0.0
2022-03-28 00:00:00-04:00,17.989999771118164,18.200000762939453,16.969999313354492,17.639999389648438,227600,0.0,0.0
2022-03-29 00:00:00-04:00,17.829999923706055,18.079999923706055,17.610000610351562,17.850000381469727,740700,0.0,0.0
2022-03-30 00:00:00-04:00,17.850000381469727,18.59000015258789,17.610000610351562,17.639999389648438,392500,0.0,0.0
2022-03-31 00:00:00-04:00,17.540000915527344,17.854999542236328,17.155000686645508,17.239999771118164,265900,0.0,0.0
2022-04-01 00:00:00-04:00,17.239999771118164,17.68000030517578,16.649999618530273,16.899999618530273,381400,0.0,0.0
2022-04-04 00:00:00-04:00,16.959999084472656,17.450000762939453,16.690000534057617,17.079999923706055,370100,0.0,0.0
2022-04-05 00:00:00-04:00,17.09000015258789,17.469999313354492,16.739999771118164,16.770000457763672,517900,0.0,0.0
2022-04-06 00:00:00-04:00,16.600000381469727,17.15999984741211,16.399999618530273,16.889999389648438,544700,0.0,0.0
2022-04-07 00:00:00-04:00,17.06999969482422,17.079999923706055,16.139999389648438,16.18000030517578,225400,0.0,0.0
2022-04-08 00:00:00-04:00,16.1200008392334,16.309999465942383,15.010000228881836,15.40999984741211,445200,0.0,0.0
2022-04-11 00:00:00-04:00,15.300000190734863,16.0,15.149999618530273,15.899999618530273,555100,0.0,0.0
2022-04-12 00:00:00-04:00,16.1299991607666,16.3700008392334,15.34000015258789,15.539999961853027,248200,0.0,0.0
2022-04-13 00:00:00-04:00,15.640000343322754,15.90999984741211,15.199999809265137,15.680000305175781,5213400,0.0,0.0
2022-04-14 00:00:00-04:00,15.649999618530273,17.06999969482422,15.5600004196167,17.010000228881836,358500,0.0,0.0
2022-04-18 00:00:00-04:00,16.850000381469727,17.0,15.829999923706055,16.100000381469727,374900,0.0,0.0
2022-04-19 00:00:00-04:00,16.100000381469727,16.51099967956543,15.843000411987305,16.270000457763672,141700,0.0,0.0
2022-04-20 00:00:00-04:00,16.360000610351562,16.360000610351562,15.581000328063965,15.819999694824219,215700,0.0,0.0
2022-04-21 00:00:00-04:00,15.819999694824219,15.819999694824219,14.930000305175781,15.050000190734863,386700,0.0,0.0
2022-04-22 00:00:00-04:00,15.0600004196167,15.15999984741211,14.8149995803833,15.100000381469727,441600,0.0,0.0
2022-04-25 00:00:00-04:00,14.979999542236328,15.329999923706055,14.779999732971191,15.279999732971191,262400,0.0,0.0
2022-04-26 00:00:00-04:00,15.130000114440918,15.369999885559082,13.975000381469727,14.069999694824219,286800,0.0,0.0
2022-04-27 00:00:00-04:00,14.109999656677246,14.119999885559082,13.359999656677246,13.390000343322754,538100,0.0,0.0
2022-04-28 00:00:00-04:00,13.569999694824219,13.75,12.319999694824219,12.380000114440918,332300,0.0,0.0
2022-04-29 00:00:00-04:00,12.380000114440918,12.789999961853027,12.0600004196167,12.319999694824219,362400,0.0,0.0
2022-05-02 00:00:00-04:00,12.369999885559082,12.960000038146973,12.09000015258789,12.949999809265137,449500,0.0,0.0
2022-05-03 00:00:00-04:00,12.899999618530273,13.300000190734863,12.609999656677246,13.069999694824219,225900,0.0,0.0
2022-05-04 00:00:00-04:00,13.0600004196167,13.175000190734863,12.460000038146973,13.119999885559082,276700,0.0,0.0
2022-05-05 00:00:00-04:00,13.270000457763672,13.270000457763672,12.369999885559082,12.470000267028809,267000,0.0,0.0
2022-05-06 00:00:00-04:00,12.460000038146973,12.460000038146973,11.670000076293945,11.819999694824219,351900,0.0,0.0
2022-05-09 00:00:00-04:00,11.520000457763672,11.579999923706055,10.972999572753906,11.149999618530273,665500,0.0,0.0
2022-05-10 00:00:00-04:00,11.619999885559082,11.850000381469727,10.920000076293945,11.119999885559082,504600,0.0,0.0
2022-05-11 00:00:00-04:00,11.239999771118164,11.489999771118164,9.930000305175781,10.15999984741211,617800,0.0,0.0
2022-05-12 00:00:00-04:00,10.050000190734863,10.84000015258789,9.84000015258789,10.180000305175781,518800,0.0,0.0
2022-05-13 00:00:00-04:00,10.390000343322754,10.930000305175781,10.319999694824219,10.649999618530273,445200,0.0,0.0
2022-05-16 00:00:00-04:00,10.59000015258789,11.380000114440918,10.380000114440918,11.029999732971191,371000,0.0,0.0
2022-05-17 00:00:00-04:00,11.350000381469727,12.40999984741211,11.270000457763672,12.319999694824219,583300,0.0,0.0
2022-05-18 00:00:00-04:00,12.119999885559082,12.34000015258789,11.569999694824219,11.920000076293945,391300,0.0,0.0
2022-05-19 00:00:00-04:00,11.789999961853027,12.420000076293945,11.350000381469727,12.029999732971191,538600,0.0,0.0
2022-05-20 00:00:00-04:00,12.260000228881836,12.4399995803833,11.670000076293945,12.109999656677246,529900,0.0,0.0
2022-05-23 00:00:00-04:00,12.15999984741211,12.5,12.100000381469727,12.25,200000,0.0,0.0
2022-05-24 00:00:00-04:00,12.119999885559082,12.180000305175781,11.75,11.920000076293945,289500,0.0,0.0
2022-05-25 00:00:00-04:00,11.829999923706055,12.229999542236328,11.829999923706055,12.079999923706055,196800,0.0,0.0
2022-05-26 00:00:00-04:00,12.1899995803833,12.630000114440918,12.130000114440918,12.470000267028809,262700,0.0,0.0
2022-05-27 00:00:00-04:00,12.569999694824219,13.199999809265137,12.119999885559082,13.0,337100,0.0,0.0
2022-05-31 00:00:00-04:00,12.970000267028809,12.970000267028809,12.470000267028809,12.789999961853027,553800,0.0,0.0
2022-06-01 00:00:00-04:00,12.789999961853027,13.449999809265137,12.65999984741211,13.380000114440918,519200,0.0,0.0
2022-06-02 00:00:00-04:00,13.420000076293945,14.970000267028809,13.420000076293945,14.479999542236328,524700,0.0,0.0
2022-06-03 00:00:00-04:00,14.369999885559082,14.994999885559082,14.359999656677246,14.760000228881836,263600,0.0,0.0
2022-06-06 00:00:00-04:00,14.979999542236328,14.989999771118164,14.489999771118164,14.75,222800,0.0,0.0
2022-06-07 00:00:00-04:00,14.619999885559082,15.5,14.319999694824219,15.430000305175781,331800,0.0,0.0
2022-06-08 00:00:00-04:00,15.40999984741211,15.920000076293945,15.300000190734863,15.470000267028809,169900,0.0,0.0
2022-06-09 00:00:00-04:00,15.329999923706055,15.515000343322754,15.010000228881836,15.09000015258789,297500,0.0,0.0
2022-06-10 00:00:00-04:00,14.739999771118164,14.954999923706055,14.210000038146973,14.4399995803833,230600,0.0,0.0
2022-06-13 00:00:00-04:00,13.920000076293945,14.020000457763672,12.449999809265137,12.9399995803833,536500,0.0,0.0
2022-06-14 00:00:00-04:00,12.779999732971191,14.029999732971191,12.779999732971191,13.989999771118164,348600,0.0,0.0
2022-06-15 00:00:00-04:00,14.220000267028809,14.859999656677246,13.880000114440918,14.75,442000,0.0,0.0
2022-06-16 00:00:00-04:00,14.399999618530273,14.949999809265137,14.180000305175781,14.800000190734863,505400,0.0,0.0
2022-06-17 00:00:00-04:00,14.949999809265137,15.880000114440918,14.869999885559082,15.609999656677246,937700,0.0,0.0
2022-06-21 00:00:00-04:00,15.899999618530273,16.56999969482422,15.649999618530273,15.989999771118164,338900,0.0,0.0
2022-06-22 00:00:00-04:00,15.680000305175781,16.200000762939453,15.460000038146973,15.470000267028809,430900,0.0,0.0
2022-06-23 00:00:00-04:00,15.510000228881836,16.299999237060547,15.180000305175781,15.850000381469727,968000,0.0,0.0
2022-06-24 00:00:00-04:00,16.040000915527344,16.25,14.329999923706055,14.420000076293945,1598600,0.0,0.0
2022-06-27 00:00:00-04:00,14.460000038146973,15.770000457763672,14.460000038146973,15.100000381469727,438500,0.0,0.0
2022-06-28 00:00:00-04:00,15.069999694824219,15.5600004196167,14.020000457763672,14.0600004196167,285000,0.0,0.0
2022-06-29 00:00:00-04:00,13.90999984741211,14.600000381469727,13.84000015258789,14.359999656677246,395200,0.0,0.0
2022-06-30 00:00:00-04:00,14.130000114440918,14.3100004196167,13.800000190734863,13.960000038146973,221200,0.0,0.0
2022-07-01 00:00:00-04:00,13.890000343322754,14.0,13.600000381469727,13.829999923706055,214900,0.0,0.0
2022-07-05 00:00:00-04:00,13.680000305175781,14.760000228881836,13.229999542236328,14.729999542236328,435500,0.0,0.0
2022-07-06 00:00:00-04:00,14.789999961853027,16.309999465942383,14.5600004196167,15.989999771118164,349000,0.0,0.0
2022-07-07 00:00:00-04:00,15.989999771118164,16.670000076293945,15.989999771118164,16.649999618530273,245100,0.0,0.0
2022-07-08 00:00:00-04:00,16.68000030517578,16.854999542236328,15.960000038146973,16.34000015258789,234400,0.0,0.0
2022-07-11 00:00:00-04:00,16.25,16.43000030517578,15.470000267028809,15.489999771118164,313500,0.0,0.0
2022-07-12 00:00:00-04:00,15.489999771118164,15.800000190734863,15.0,15.319999694824219,298300,0.0,0.0
2022-07-13 00:00:00-04:00,14.960000038146973,15.954999923706055,14.795000076293945,15.84000015258789,164400,0.0,0.0
2022-07-14 00:00:00-04:00,15.600000381469727,15.704999923706055,15.149999618530273,15.220000267028809,141700,0.0,0.0
2022-07-15 00:00:00-04:00,15.3100004196167,15.460000038146973,14.585000038146973,15.239999771118164,193700,0.0,0.0
2022-07-18 00:00:00-04:00,15.369999885559082,15.649999618530273,14.869999885559082,15.069999694824219,199000,0.0,0.0
2022-07-19 00:00:00-04:00,15.369999885559082,16.385000228881836,15.1899995803833,16.110000610351562,229100,0.0,0.0
2022-07-20 00:00:00-04:00,16.09000015258789,16.729999542236328,15.369999885559082,16.079999923706055,334600,0.0,0.0
2022-07-21 00:00:00-04:00,16.040000915527344,16.235000610351562,15.5600004196167,15.899999618530273,206700,0.0,0.0
2022-07-22 00:00:00-04:00,15.949999809265137,15.949999809265137,14.8100004196167,15.069999694824219,245800,0.0,0.0
2022-07-25 00:00:00-04:00,15.130000114440918,15.5,14.75,15.359999656677246,188900,0.0,0.0
2022-07-26 00:00:00-04:00,15.319999694824219,15.59000015258789,14.569999694824219,15.279999732971191,103800,0.0,0.0
2022-07-27 00:00:00-04:00,15.430000305175781,16.010000228881836,15.15999984741211,15.880000114440918,132800,0.0,0.0
2022-07-28 00:00:00-04:00,15.970000267028809,15.989999771118164,14.90999984741211,15.729999542236328,264500,0.0,0.0
2022-07-29 00:00:00-04:00,15.729999542236328,15.729999542236328,15.076000213623047,15.40999984741211,231600,0.0,0.0
2022-08-01 00:00:00-04:00,15.40999984741211,15.40999984741211,13.5600004196167,13.619999885559082,412300,0.0,0.0
2022-08-02 00:00:00-04:00,13.539999961853027,14.220000267028809,13.430000305175781,14.199999809265137,257500,0.0,0.0
2022-08-03 00:00:00-04:00,14.1899995803833,14.770000457763672,13.656999588012695,14.399999618530273,427300,0.0,0.0
2022-08-04 00:00:00-04:00,14.649999618530273,16.860000610351562,14.399999618530273,16.770000457763672,308900,0.0,0.0
2022-08-05 00:00:00-04:00,16.420000076293945,18.459999084472656,16.290000915527344,18.0,376500,0.0,0.0
2022-08-08 00:00:00-04:00,18.18000030517578,18.59000015258789,17.700000762939453,18.0,466800,0.0,0.0
2022-08-09 00:00:00-04:00,17.940000534057617,18.3700008392334,17.459999084472656,17.649999618530273,438700,0.0,0.0
2022-08-10 00:00:00-04:00,18.0,18.0,16.899999618530273,16.899999618530273,283000,0.0,0.0
2022-08-11 00:00:00-04:00,16.93000030517578,17.209999084472656,16.649999618530273,16.799999237060547,237200,0.0,0.0
2022-08-12 00:00:00-04:00,16.93000030517578,17.094999313354492,16.700000762939453,16.799999237060547,542900,0.0,0.0
2022-08-15 00:00:00-04:00,16.610000610351562,17.079999923706055,16.59000015258789,16.760000228881836,421800,0.0,0.0
2022-08-16 00:00:00-04:00,16.760000228881836,17.079999923706055,16.530000686645508,16.8799991607666,745300,0.0,0.0
2022-08-17 00:00:00-04:00,16.899999618530273,17.059999465942383,16.25,16.469999313354492,248700,0.0,0.0
2022-08-18 00:00:00-04:00,16.489999771118164,16.545000076293945,16.0,16.3700008392334,390900,0.0,0.0
2022-08-19 00:00:00-04:00,16.31999969482422,16.75,16.010000228881836,16.530000686645508,255700,0.0,0.0
2022-08-22 00:00:00-04:00,16.31999969482422,16.700000762939453,16.049999237060547,16.09000015258789,262200,0.0,0.0
2022-08-23 00:00:00-04:00,16.09000015258789,17.239999771118164,15.979999542236328,17.06999969482422,334100,0.0,0.0
2022-08-24 00:00:00-04:00,17.049999237060547,17.600000381469727,16.90999984741211,17.309999465942383,227900,0.0,0.0
2022-08-25 00:00:00-04:00,17.530000686645508,18.219999313354492,17.350000381469727,18.219999313354492,389100,0.0,0.0
2022-08-26 00:00:00-04:00,18.25,18.25,16.18000030517578,16.459999084472656,339000,0.0,0.0
2022-08-29 00:00:00-04:00,16.229999542236328,16.6299991607666,15.739999771118164,16.59000015258789,273400,0.0,0.0
2022-08-30 00:00:00-04:00,16.600000381469727,16.85099983215332,16.079999923706055,16.239999771118164,191400,0.0,0.0
2022-08-31 00:00:00-04:00,16.31999969482422,16.344999313354492,15.800000190734863,15.90999984741211,331700,0.0,0.0
2022-09-01 00:00:00-04:00,15.890000343322754,17.270000457763672,15.640000343322754,17.219999313354492,351600,0.0,0.0
2022-09-02 00:00:00-04:00,17.3799991607666,17.670000076293945,17.010000228881836,17.1200008392334,166400,0.0,0.0
2022-09-06 00:00:00-04:00,17.110000610351562,17.139999389648438,15.649999618530273,15.6899995803833,304100,0.0,0.0
2022-09-07 00:00:00-04:00,15.710000038146973,16.274999618530273,15.654999732971191,16.209999084472656,353100,0.0,0.0
2022-09-08 00:00:00-04:00,16.110000610351562,17.0,16.0,16.979999542236328,238400,0.0,0.0
2022-09-09 00:00:00-04:00,17.079999923706055,17.219999313354492,16.229999542236328,16.25,225200,0.0,0.0
2022-09-12 00:00:00-04:00,16.3700008392334,17.8799991607666,16.350000381469727,17.290000915527344,507100,0.0,0.0
2022-09-13 00:00:00-04:00,16.700000762939453,17.024999618530273,16.059999465942383,16.06999969482422,235000,0.0,0.0
2022-09-14 00:00:00-04:00,16.049999237060547,16.049999237060547,14.90999984741211,15.010000228881836,322400,0.0,0.0
2022-09-15 00:00:00-04:00,14.880000114440918,15.029999732971191,14.109999656677246,14.390000343322754,319500,0.0,0.0
2022-09-16 00:00:00-04:00,14.09000015258789,14.289999961853027,13.199999809265137,13.470000267028809,1797000,0.0,0.0
2022-09-19 00:00:00-04:00,13.34000015258789,14.170000076293945,13.34000015258789,13.899999618530273,432400,0.0,0.0
2022-09-20 00:00:00-04:00,13.670000076293945,14.510000228881836,13.569999694824219,14.289999961853027,391300,0.0,0.0
2022-09-21 00:00:00-04:00,14.319999694824219,14.319999694824219,13.420000076293945,13.5,302000,0.0,0.0
2022-09-22 00:00:00-04:00,13.489999771118164,13.949999809265137,13.260000228881836,13.850000381469727,285200,0.0,0.0
2022-09-23 00:00:00-04:00,13.600000381469727,13.619999885559082,12.824999809265137,13.069999694824219,283100,0.0,0.0
2022-09-26 00:00:00-04:00,13.069999694824219,13.970000267028809,13.069999694824219,13.859999656677246,309400,0.0,0.0
2022-09-27 00:00:00-04:00,14.029999732971191,14.760000228881836,13.9399995803833,14.300000190734863,287500,0.0,0.0
2022-09-28 00:00:00-04:00,14.539999961853027,14.800000190734863,14.149999618530273,14.670000076293945,176600,0.0,0.0
2022-09-29 00:00:00-04:00,14.489999771118164,14.899999618530273,14.1899995803833,14.819999694824219,321300,0.0,0.0
2022-09-30 00:00:00-04:00,14.800000190734863,16.030000686645508,14.760000228881836,15.739999771118164,469900,0.0,0.0
2022-10-03 00:00:00-04:00,15.850000381469727,15.920000076293945,15.149999618530273,15.350000381469727,300800,0.0,0.0
2022-10-04 00:00:00-04:00,15.710000038146973,16.06999969482422,15.569999694824219,16.020000457763672,289100,0.0,0.0
2022-10-05 00:00:00-04:00,15.789999961853027,15.9399995803833,15.572999954223633,15.75,269900,0.0,0.0
2022-10-06 00:00:00-04:00,16.40999984741211,16.860000610351562,15.989999771118164,16.700000762939453,250100,0.0,0.0
2022-10-07 00:00:00-04:00,16.420000076293945,16.45800018310547,15.720000267028809,15.819999694824219,172100,0.0,0.0
2022-10-10 00:00:00-04:00,15.770000457763672,15.789999961853027,15.1899995803833,15.479999542236328,141800,0.0,0.0
2022-10-11 00:00:00-04:00,15.350000381469727,15.609999656677246,14.869999885559082,15.15999984741211,160200,0.0,0.0
2022-10-12 00:00:00-04:00,15.15999984741211,15.449999809265137,14.675000190734863,15.420000076293945,220700,0.0,0.0
2022-10-13 00:00:00-04:00,14.819999694824219,15.760000228881836,14.819999694824219,15.640000343322754,312800,0.0,0.0
2022-10-14 00:00:00-04:00,15.739999771118164,15.850000381469727,15.319999694824219,15.720000267028809,365600,0.0,0.0
2022-10-17 00:00:00-04:00,15.989999771118164,16.190000534057617,15.720000267028809,16.100000381469727,223100,0.0,0.0
2022-10-18 00:00:00-04:00,16.309999465942383,17.139999389648438,16.219999313354492,17.0,259100,0.0,0.0
2022-10-19 00:00:00-04:00,16.809999465942383,17.030000686645508,15.800000190734863,16.1200008392334,331100,0.0,0.0
2022-10-20 00:00:00-04:00,16.0,16.719999313354492,16.0,16.549999237060547,319100,0.0,0.0
2022-10-21 00:00:00-04:00,16.6299991607666,16.760000228881836,16.25,16.579999923706055,375600,0.0,0.0
2022-10-24 00:00:00-04:00,16.56999969482422,17.084999084472656,16.229999542236328,16.8799991607666,388100,0.0,0.0
2022-10-25 00:00:00-04:00,17.020000457763672,17.299999237060547,16.309999465942383,16.510000228881836,638000,0.0,0.0
2022-10-26 00:00:00-04:00,16.520000457763672,17.100000381469727,16.290000915527344,16.479999542236328,328900,0.0,0.0
2022-10-27 00:00:00-04:00,16.469999313354492,16.510000228881836,14.239999771118164,14.329999923706055,319200,0.0,0.0
2022-10-28 00:00:00-04:00,14.359999656677246,15.65999984741211,14.15999984741211,15.369999885559082,465100,0.0,0.0
2022-10-31 00:00:00-04:00,15.279999732971191,15.989999771118164,15.279999732971191,15.609999656677246,300000,0.0,0.0
2022-11-01 00:00:00-04:00,15.770000457763672,16.219999313354492,15.137999534606934,16.0,194400,0.0,0.0
2022-11-02 00:00:00-04:00,15.979999542236328,16.1200008392334,15.180000305175781,15.180000305175781,205800,0.0,0.0
2022-11-03 00:00:00-04:00,15.079999923706055,15.640000343322754,14.899999618530273,15.229999542236328,159800,0.0,0.0
2022-11-04 00:00:00-04:00,15.649999618530273,15.649999618530273,14.920000076293945,15.15999984741211,200300,0.0,0.0
2022-11-07 00:00:00-05:00,15.180000305175781,15.75,15.109999656677246,15.539999961853027,144000,0.0,0.0
2022-11-08 00:00:00-05:00,15.989999771118164,16.299999237060547,15.010000228881836,16.209999084472656,583000,0.0,0.0
2022-11-09 00:00:00-05:00,15.90999984741211,16.75,15.819999694824219,16.209999084472656,434900,0.0,0.0
2022-11-10 00:00:00-05:00,16.950000762939453,17.219999313354492,16.683000564575195,16.950000762939453,301800,0.0,0.0
2022-11-11 00:00:00-05:00,16.969999313354492,17.260000228881836,16.219999313354492,16.989999771118164,685900,0.0,0.0
2022-11-14 00:00:00-05:00,17.079999923706055,18.40999984741211,16.350000381469727,17.43000030517578,670500,0.0,0.0
2022-11-15 00:00:00-05:00,17.81999969482422,18.329999923706055,17.639999389648438,17.979999542236328,412600,0.0,0.0
2022-11-16 00:00:00-05:00,17.969999313354492,18.95800018310547,17.43000030517578,17.969999313354492,342400,0.0,0.0
2022-11-17 00:00:00-05:00,17.850000381469727,18.315000534057617,17.40999984741211,18.0,312500,0.0,0.0
2022-11-18 00:00:00-05:00,18.510000228881836,18.8799991607666,17.950000762939453,18.3700008392334,537500,0.0,0.0
2022-11-21 00:00:00-05:00,18.43000030517578,18.790000915527344,18.1200008392334,18.239999771118164,288600,0.0,0.0
2022-11-22 00:00:00-05:00,18.31999969482422,18.31999969482422,17.655000686645508,17.940000534057617,351000,0.0,0.0
2022-11-23 00:00:00-05:00,17.790000915527344,18.143999099731445,17.549999237060547,17.700000762939453,269000,0.0,0.0
2022-11-25 00:00:00-05:00,17.709999084472656,17.854999542236328,17.440000534057617,17.530000686645508,65500,0.0,0.0
2022-11-28 00:00:00-05:00,17.40999984741211,17.68000030517578,16.850000381469727,16.989999771118164,196000,0.0,0.0
2022-11-29 00:00:00-05:00,17.170000076293945,17.5,15.720000267028809,15.789999961853027,344500,0.0,0.0
2022-11-30 00:00:00-05:00,15.899999618530273,16.165000915527344,15.010000228881836,15.220000267028809,683500,0.0,0.0
2022-12-01 00:00:00-05:00,15.460000038146973,16.079999923706055,15.319999694824219,15.859999656677246,678000,0.0,0.0
2022-12-02 00:00:00-05:00,15.720000267028809,16.709999084472656,15.720000267028809,16.639999389648438,435100,0.0,0.0
2022-12-05 00:00:00-05:00,16.440000534057617,16.93000030517578,15.34000015258789,15.649999618530273,391100,0.0,0.0
2022-12-06 00:00:00-05:00,15.569999694824219,16.290000915527344,15.3100004196167,15.920000076293945,362400,0.0,0.0
2022-12-07 00:00:00-05:00,15.930000305175781,16.3799991607666,15.130000114440918,15.180000305175781,251400,0.0,0.0
2022-12-08 00:00:00-05:00,15.210000038146973,15.649999618530273,14.949999809265137,15.510000228881836,214800,0.0,0.0
2022-12-09 00:00:00-05:00,15.460000038146973,15.5600004196167,15.069999694824219,15.15999984741211,236400,0.0,0.0
2022-12-12 00:00:00-05:00,15.220000267028809,16.020000457763672,15.180000305175781,15.59000015258789,363900,0.0,0.0
2022-12-13 00:00:00-05:00,15.989999771118164,16.290000915527344,15.795000076293945,15.9399995803833,324000,0.0,0.0
2022-12-14 00:00:00-05:00,16.329999923706055,16.920000076293945,15.9399995803833,16.170000076293945,469900,0.0,0.0
2022-12-15 00:00:00-05:00,15.960000038146973,16.190000534057617,15.550000190734863,15.649999618530273,251900,0.0,0.0
2022-12-16 00:00:00-05:00,15.5,15.930000305175781,15.050000190734863,15.59000015258789,665200,0.0,0.0
2022-12-19 00:00:00-05:00,15.449999809265137,15.449999809265137,14.020000457763672,14.600000381469727,395300,0.0,0.0
2022-12-20 00:00:00-05:00,14.5600004196167,15.239999771118164,14.470000267028809,15.039999961853027,254700,0.0,0.0
2022-12-21 00:00:00-05:00,15.119999885559082,15.479999542236328,14.869999885559082,15.0,260700,0.0,0.0
2022-12-22 00:00:00-05:00,14.979999542236328,15.359999656677246,14.859999656677246,15.289999961853027,332700,0.0,0.0
2022-12-23 00:00:00-05:00,15.300000190734863,15.34000015258789,14.90999984741211,15.079999923706055,288800,0.0,0.0
2022-12-27 00:00:00-05:00,15.119999885559082,15.649999618530273,14.975000381469727,15.029999732971191,182100,0.0,0.0
2022-12-28 00:00:00-05:00,15.109999656677246,15.670000076293945,14.984999656677246,15.489999771118164,256200,0.0,0.0
2022-12-29 00:00:00-05:00,15.630000114440918,16.399999618530273,15.149999618530273,16.1299991607666,179000,0.0,0.0
2022-12-30 00:00:00-05:00,16.1299991607666,16.579999923706055,15.720000267028809,15.75,326200,0.0,0.0
2023-01-03 00:00:00-05:00,15.930000305175781,16.530000686645508,14.890000343322754,15.069999694824219,362200,0.0,0.0
2023-01-04 00:00:00-05:00,15.239999771118164,15.300000190734863,14.649999618530273,14.970000267028809,267100,0.0,0.0
2023-01-05 00:00:00-05:00,14.770000457763672,15.5600004196167,14.649999618530273,15.229999542236328,295400,0.0,0.0
2023-01-06 00:00:00-05:00,15.34000015258789,16.635000228881836,15.210000038146973,16.549999237060547,327500,0.0,0.0
2023-01-09 00:00:00-05:00,16.709999084472656,16.760000228881836,16.219999313354492,16.309999465942383,218200,0.0,0.0
2023-01-10 00:00:00-05:00,16.309999465942383,17.31999969482422,16.309999465942383,17.25,214700,0.0,0.0
2023-01-11 00:00:00-05:00,17.270000457763672,17.43000030517578,16.200000762939453,16.540000915527344,209000,0.0,0.0
2023-01-12 00:00:00-05:00,16.540000915527344,17.719999313354492,16.334999084472656,17.6299991607666,232200,0.0,0.0
2023-01-13 00:00:00-05:00,17.540000915527344,18.479999542236328,17.540000915527344,17.950000762939453,432900,0.0,0.0
2023-01-17 00:00:00-05:00,17.889999389648438,18.125,17.31999969482422,17.899999618530273,823200,0.0,0.0
2023-01-18 00:00:00-05:00,17.969999313354492,18.239999771118164,17.18000030517578,17.229999542236328,326200,0.0,0.0
2023-01-19 00:00:00-05:00,17.15999984741211,17.15999984741211,16.360000610351562,16.68000030517578,239200,0.0,0.0
2023-01-20 00:00:00-05:00,17.020000457763672,17.020000457763672,16.200000762939453,16.649999618530273,306600,0.0,0.0
2023-01-23 00:00:00-05:00,16.6299991607666,16.674999237060547,16.1299991607666,16.59000015258789,323400,0.0,0.0
2023-01-24 00:00:00-05:00,16.559999465942383,16.829999923706055,16.06999969482422,16.399999618530273,473200,0.0,0.0
2023-01-25 00:00:00-05:00,16.18000030517578,16.979999542236328,16.0,16.770000457763672,496700,0.0,0.0
2023-01-26 00:00:00-05:00,16.950000762939453,17.100000381469727,16.59000015258789,16.81999969482422,290200,0.0,0.0
2023-01-27 00:00:00-05:00,16.75,17.68000030517578,16.700000762939453,17.479999542236328,1016500,0.0,0.0
2023-01-30 00:00:00-05:00,17.670000076293945,18.540000915527344,16.700000762939453,16.850000381469727,453300,0.0,0.0
2023-01-31 00:00:00-05:00,16.8799991607666,17.510000228881836,16.729999542236328,16.899999618530273,472600,0.0,0.0
2023-02-01 00:00:00-05:00,16.889999389648438,17.149999618530273,16.219999313354492,16.969999313354492,653700,0.0,0.0
2023-02-02 00:00:00-05:00,17.030000686645508,17.610000610351562,14.220000267028809,14.329999923706055,1994300,0.0,0.0
2023-02-03 00:00:00-05:00,14.8100004196167,15.25,13.899999618530273,14.050000190734863,1890000,0.0,0.0
2023-02-06 00:00:00-05:00,13.989999771118164,14.170000076293945,13.414999961853027,13.729999542236328,1090000,0.0,0.0
2023-02-07 00:00:00-05:00,13.90999984741211,14.15999984741211,13.609999656677246,14.079999923706055,931900,0.0,0.0
2023-02-08 00:00:00-05:00,13.989999771118164,14.40999984741211,13.680000305175781,13.720000267028809,731900,0.0,0.0
2023-02-09 00:00:00-05:00,13.720000267028809,14.130000114440918,13.720000267028809,13.859999656677246,906100,0.0,0.0
2023-02-10 00:00:00-05:00,13.789999961853027,14.319999694824219,13.65999984741211,14.289999961853027,1192100,0.0,0.0
2023-02-13 00:00:00-05:00,14.170000076293945,14.529999732971191,13.329999923706055,13.529999732971191,604600,0.0,0.0
2023-02-14 00:00:00-05:00,13.479999542236328,13.5649995803833,12.920000076293945,13.25,1214200,0.0,0.0
2023-02-15 00:00:00-05:00,13.0,13.25,12.8100004196167,13.09000015258789,1465500,0.0,0.0
2023-02-16 00:00:00-05:00,12.880000114440918,13.359999656677246,12.87399959564209,13.079999923706055,1100200,0.0,0.0
2023-02-17 00:00:00-05:00,13.180000305175781,13.329999923706055,12.970000267028809,13.130000114440918,596200,0.0,0.0
2023-02-21 00:00:00-05:00,12.949999809265137,13.199999809265137,12.800000190734863,12.829999923706055,632500,0.0,0.0
2023-02-22 00:00:00-05:00,12.90999984741211,13.130000114440918,12.670000076293945,12.6899995803833,829200,0.0,0.0
2023-02-23 00:00:00-05:00,12.739999771118164,13.09000015258789,12.430000305175781,12.770000457763672,1109100,0.0,0.0
2023-02-24 00:00:00-05:00,12.529999732971191,12.630000114440918,11.859999656677246,12.069999694824219,1540300,0.0,0.0
2023-02-27 00:00:00-05:00,12.180000305175781,12.40999984741211,11.729999542236328,12.119999885559082,939000,0.0,0.0
2023-02-28 00:00:00-05:00,12.239999771118164,12.699999809265137,12.119999885559082,12.460000038146973,972500,0.0,0.0
2023-03-01 00:00:00-05:00,12.40999984741211,12.418000221252441,11.880000114440918,12.239999771118164,567100,0.0,0.0
2023-03-02 00:00:00-05:00,12.069999694824219,12.694999694824219,11.869999885559082,12.619999885559082,1026500,0.0,0.0
2023-03-03 00:00:00-05:00,12.619999885559082,12.930000305175781,12.390000343322754,12.779999732971191,584500,0.0,0.0
2023-03-06 00:00:00-05:00,7.599999904632568,7.739999771118164,5.769999980926514,7.070000171661377,15708000,0.0,0.0
2023-03-07 00:00:00-05:00,7.070000171661377,8.100000381469727,6.98199987411499,7.409999847412109,3414400,0.0,0.0
2023-03-08 00:00:00-05:00,7.449999809265137,7.889999866485596,7.429999828338623,7.880000114440918,1598700,0.0,0.0
2023-03-09 00:00:00-05:00,7.880000114440918,8.1899995803833,7.559999942779541,7.659999847412109,1783000,0.0,0.0
2023-03-10 00:00:00-05:00,7.840000152587891,8.390000343322754,7.611999988555908,7.889999866485596,1669700,0.0,0.0
2023-03-13 00:00:00-04:00,7.71999979019165,8.460000038146973,7.690000057220459,8.260000228881836,1163600,0.0,0.0
2023-03-14 00:00:00-04:00,8.289999961853027,8.630000114440918,8.029999732971191,8.140000343322754,1004700,0.0,0.0
2023-03-15 00:00:00-04:00,8.0600004196167,8.170000076293945,7.849999904632568,7.989999771118164,618600,0.0,0.0
2023-03-16 00:00:00-04:00,7.949999809265137,8.270000457763672,7.860000133514404,8.119999885559082,476300,0.0,0.0
2023-03-17 00:00:00-04:00,8.109999656677246,8.420000076293945,7.71999979019165,7.889999866485596,958400,0.0,0.0
2023-03-20 00:00:00-04:00,8.029999732971191,8.279999732971191,7.929999828338623,7.949999809265137,544900,0.0,0.0
2023-03-21 00:00:00-04:00,8.0,8.322999954223633,7.889999866485596,8.239999771118164,482100,0.0,0.0
2023-03-22 00:00:00-04:00,8.25,8.25,7.880000114440918,7.900000095367432,603600,0.0,0.0
2023-03-23 00:00:00-04:00,7.940000057220459,8.244999885559082,7.849999904632568,8.149999618530273,608100,0.0,0.0
2023-03-24 00:00:00-04:00,8.0600004196167,8.0600004196167,7.659999847412109,8.010000228881836,927900,0.0,0.0
2023-03-27 00:00:00-04:00,8.039999961853027,8.282999992370605,8.039999961853027,8.140000343322754,505800,0.0,0.0
2023-03-28 00:00:00-04:00,8.100000381469727,8.34000015258789,7.96999979019165,8.039999961853027,833900,0.0,0.0
2023-03-29 00:00:00-04:00,8.130000114440918,8.270000457763672,8.029999732971191,8.25,456800,0.0,0.0
2023-03-30 00:00:00-04:00,8.260000228881836,8.390000343322754,8.039999961853027,8.329999923706055,3939000,0.0,0.0
2023-03-31 00:00:00-04:00,8.380000114440918,8.729999542236328,8.039999961853027,8.09000015258789,693000,0.0,0.0
2023-04-03 00:00:00-04:00,8.100000381469727,8.640000343322754,8.020000457763672,8.630000114440918,603100,0.0,0.0
2023-04-04 00:00:00-04:00,8.630000114440918,8.710000038146973,8.289999961853027,8.670000076293945,627000,0.0,0.0
2023-04-05 00:00:00-04:00,8.670000076293945,8.829999923706055,8.430000305175781,8.65999984741211,573800,0.0,0.0
2023-04-06 00:00:00-04:00,8.739999771118164,9.1899995803833,8.664999961853027,9.119999885559082,539800,0.0,0.0
2023-04-10 00:00:00-04:00,9.109999656677246,9.225000381469727,8.920000076293945,9.15999984741211,537600,0.0,0.0
2023-04-11 00:00:00-04:00,9.140000343322754,9.199999809265137,8.550000190734863,8.609999656677246,742100,0.0,0.0
2023-04-12 00:00:00-04:00,8.729999542236328,9.020000457763672,8.710000038146973,8.859999656677246,474000,0.0,0.0
2023-04-13 00:00:00-04:00,8.890000343322754,9.289999961853027,8.815999984741211,9.130000114440918,557300,0.0,0.0
2023-04-14 00:00:00-04:00,9.069999694824219,9.114999771118164,8.6899995803833,8.84000015258789,390700,0.0,0.0
2023-04-17 00:00:00-04:00,8.869999885559082,9.640000343322754,8.6899995803833,9.569999694824219,973200,0.0,0.0
2023-04-18 00:00:00-04:00,9.579999923706055,9.614999771118164,9.170000076293945,9.270000457763672,376900,0.0,0.0
2023-04-19 00:00:00-04:00,9.199999809265137,9.630000114440918,9.149999618530273,9.430000305175781,322100,0.0,0.0
2023-04-20 00:00:00-04:00,9.359999656677246,9.5,9.100000381469727,9.180000305175781,684500,0.0,0.0
2023-04-21 00:00:00-04:00,9.170000076293945,9.520000457763672,9.09000015258789,9.149999618530273,447800,0.0,0.0
2023-04-24 00:00:00-04:00,9.109999656677246,9.199999809265137,9.015999794006348,9.079999923706055,531000,0.0,0.0
2023-04-25 00:00:00-04:00,9.050000190734863,9.100000381469727,8.930000305175781,8.949999809265137,1435500,0.0,0.0
2023-04-26 00:00:00-04:00,8.920000076293945,9.199999809265137,8.729999542236328,8.890000343322754,340100,0.0,0.0
2023-04-27 00:00:00-04:00,8.899999618530273,8.90999984741211,8.59000015258789,8.630000114440918,272600,0.0,0.0
2023-04-28 00:00:00-04:00,8.630000114440918,8.930000305175781,8.520000457763672,8.890000343322754,987500,0.0,0.0
2023-05-01 00:00:00-04:00,8.880000114440918,9.399999618530273,8.739999771118164,9.25,420100,0.0,0.0
2023-05-02 00:00:00-04:00,9.199999809265137,9.289999961853027,8.649999618530273,8.949999809265137,636200,0.0,0.0
2023-05-03 00:00:00-04:00,9.039999961853027,9.149999618530273,8.789999961853027,9.0,733400,0.0,0.0
2023-05-04 00:00:00-04:00,8.979999542236328,8.979999542236328,8.600000381469727,8.850000381469727,620200,0.0,0.0
2023-05-05 00:00:00-04:00,8.930000305175781,9.055000305175781,8.8100004196167,8.979999542236328,527900,0.0,0.0
2023-05-08 00:00:00-04:00,8.640000343322754,8.729999542236328,7.925000190734863,8.399999618530273,1144400,0.0,0.0
2023-05-09 00:00:00-04:00,8.369999885559082,8.369999885559082,8.0600004196167,8.279999732971191,523900,0.0,0.0
2023-05-10 00:00:00-04:00,8.34000015258789,8.350000381469727,7.966000080108643,8.289999961853027,488400,0.0,0.0
2023-05-11 00:00:00-04:00,8.199999809265137,8.300000190734863,7.980000019073486,8.020000457763672,319800,0.0,0.0
2023-05-12 00:00:00-04:00,8.079999923706055,8.229999542236328,7.880000114440918,7.889999866485596,374700,0.0,0.0
2023-05-15 00:00:00-04:00,7.920000076293945,8.520000457763672,7.869999885559082,8.319999694824219,948700,0.0,0.0
2023-05-16 00:00:00-04:00,8.1899995803833,8.524999618530273,7.909999847412109,8.180000305175781,514900,0.0,0.0
2023-05-17 00:00:00-04:00,8.1899995803833,8.399999618530273,8.050000190734863,8.3100004196167,632700,0.0,0.0
2023-05-18 00:00:00-04:00,8.3100004196167,8.3100004196167,7.980000019073486,8.119999885559082,279500,0.0,0.0
2023-05-19 00:00:00-04:00,8.220000267028809,8.345000267028809,8.079999923706055,8.180000305175781,391500,0.0,0.0
2023-05-22 00:00:00-04:00,8.149999618530273,8.510000228881836,8.100000381469727,8.380000114440918,404600,0.0,0.0
2023-05-23 00:00:00-04:00,8.390000343322754,8.65999984741211,8.300000190734863,8.579999923706055,158887,0.0,0.0
