Date,Open,High,Low,Close,Volume,Dividends,Stock Splits
2013-05-23 00:00:00-04:00,38.80629193355171,39.16966104503347,38.665897245940116,39.029266357421875,152300,0.0,0.0
2013-05-24 00:00:00-04:00,38.88060689286563,39.12009845698888,38.44290889567284,38.93841552734375,52000,0.0,0.0
2013-05-28 00:00:00-04:00,39.43392784122165,39.86336575805631,39.32656757442924,39.71471405029297,114800,0.0,0.0
2013-05-29 00:00:00-04:00,39.37611035257395,39.60734489035945,39.07880700380157,39.30178451538086,54200,0.0,0.0
2013-05-30 00:00:00-04:00,39.466959611029594,39.813811472358715,39.326564940728666,39.67341995239258,109400,0.0,0.0
2013-05-31 00:00:00-04:00,39.45044082678252,40.111113262635484,39.186171852441326,39.69819259643555,143200,0.0,0.0
2013-06-03 00:00:00-04:00,39.896400623198915,40.5240387239424,39.63213161758744,40.44145584106445,307700,0.0,0.0
2013-06-04 00:00:00-04:00,40.45797306237291,40.82959918579341,39.85510604587222,40.18544387817383,163300,0.0,0.0
2013-06-05 00:00:00-04:00,40.02028591070955,40.14416341929663,39.44219612119637,39.62388229370117,157300,0.0,0.0
2013-06-06 00:00:00-04:00,39.71470554841707,39.78903138638753,39.09532461544134,39.681671142578125,264200,0.0,0.0
2013-06-07 00:00:00-04:00,39.995494994833344,40.21021234982033,39.53302272596228,40.08633804321289,106000,0.0,0.0
2013-06-10 00:00:00-04:00,40.14415518743064,40.334098351401856,39.82207751155182,40.119380950927734,70800,0.0,0.0
2013-06-11 00:00:00-04:00,39.53302319454174,39.99549546889442,39.18617135152821,39.48347473144531,134600,0.0,0.0
2013-06-12 00:00:00-04:00,39.74775083959425,39.84685093391635,39.10359235066259,39.12010955810547,205400,0.0,0.0
2013-06-13 00:00:00-04:00,39.04578556671417,40.028538979376286,39.04578556671417,39.92943572998047,62100,0.0,0.0
2013-06-14 00:00:00-04:00,39.97073062695683,40.03679631004991,39.648649789496176,39.85511016845703,77700,0.0,0.0
2013-06-17 00:00:00-04:00,40.15241727391312,40.17719466387235,39.82208252770146,40.02028274536133,118900,0.0,0.0
2013-06-18 00:00:00-04:00,40.10285854500381,40.54055346827574,39.813812171816714,40.43319320678711,139800,0.0,0.0
2013-06-19 00:00:00-04:00,40.36712393129731,40.6231327200188,40.07807758391119,40.16066360473633,125100,0.0,0.0
2013-06-20 00:00:00-04:00,39.4752195869172,39.72297138499026,39.16965914097159,39.384376525878906,209600,0.0,0.0
2013-06-21 00:00:00-04:00,39.59908698398395,39.59908698398395,39.1613889967603,39.26874923706055,272500,0.0,0.0
2013-06-24 00:00:00-04:00,38.77325309355277,39.02926190297598,38.59982716129805,38.72370147705078,210900,0.0,0.0
2013-06-25 00:00:00-04:00,39.19443376066889,39.48348015320584,39.03752502209288,39.202693939208984,119800,0.0,0.0
2013-06-26 00:00:00-04:00,39.475213966654465,39.73122590673692,39.31004507467658,39.37611389160156,105400,0.0,0.0
2013-06-27 00:00:00-04:00,39.72298170398059,40.14416270541812,39.574329956453916,40.02854537963867,108400,0.0,0.0
2013-06-28 00:00:00-04:00,39.89640088406971,40.30932160182949,39.6981975533976,39.91291809082031,311700,0.0,0.0
2013-07-01 00:00:00-04:00,40.20196455734901,41.04432326717702,40.19370437814371,40.96999740600586,250000,0.0,0.0
2013-07-02 00:00:00-04:00,40.85437572347936,41.07735328310739,40.6892068107547,40.862632751464844,119700,0.0,0.0
2013-07-03 00:00:00-04:00,40.55706880760305,40.96998947858197,40.55706880760305,40.78830337524414,46700,0.0,0.0
2013-07-05 00:00:00-04:00,41.19297309126077,41.19297309126077,40.76353515209852,41.069095611572266,198600,0.0,0.0
2013-07-08 00:00:00-04:00,41.25078712954604,41.57286483840119,41.11865260410968,41.498538970947266,126700,0.0,0.0
2013-07-09 00:00:00-04:00,41.67196254595012,42.37392973156805,41.490279552893874,42.291343688964844,179800,0.0,0.0
2013-07-10 00:00:00-04:00,42.18399110073778,42.32438266277509,42.01056196776685,42.23353958129883,82400,0.0,0.0
2013-07-11 00:00:00-04:00,42.497808201625354,43.059380744581865,42.42348233122418,43.018089294433594,153400,0.0,0.0
2013-07-12 00:00:00-04:00,43.01808125363088,43.34841909374279,42.71252079924519,42.74555206298828,104500,0.0,0.0
2013-07-15 00:00:00-04:00,42.83639381300508,43.059371375693,42.60515922221837,42.95201110839844,134100,0.0,0.0
2013-07-16 00:00:00-04:00,43.02633394316648,43.12543717540746,42.38217868527411,42.53083038330078,123800,0.0,0.0
2013-07-17 00:00:00-04:00,42.819867237873645,42.819867237873645,42.39868958961412,42.58037567138672,111500,0.0,0.0
2013-07-18 00:00:00-04:00,42.75380987433092,42.83639275461859,42.340889172222646,42.62993240356445,150900,0.0,0.0
2013-07-19 00:00:00-04:00,42.57212375729609,42.70425825595734,42.49779790490321,42.62993240356445,101900,0.0,0.0
2013-07-22 00:00:00-04:00,42.72902734732168,42.72902734732168,42.35739815748426,42.58037567138672,105700,0.0,0.0
2013-07-23 00:00:00-04:00,42.720778555265895,42.89420450662783,42.31611800208804,42.687744140625,86700,0.0,0.0
2013-07-24 00:00:00-04:00,42.968526905663325,42.968526905663325,42.299597389873945,42.50605773925781,99500,0.0,0.0
2013-07-25 00:00:00-04:00,42.38219118591447,42.98505518335542,42.25005665428818,42.943763732910156,108700,0.0,0.0
2013-07-26 00:00:00-04:00,42.57212736818284,42.745553321697585,42.41521862219357,42.59690475463867,59900,0.0,0.0
2013-07-29 00:00:00-04:00,42.43999787831213,42.646458271298926,42.068368540868775,42.29960632324219,73100,0.0,0.0
2013-07-30 00:00:00-04:00,42.365675859934946,43.166743265611665,42.365675859934946,42.84466552734375,205900,0.0,0.0
2013-07-31 00:00:00-04:00,42.87768625472078,43.290606976666865,42.82813778430171,43.075889587402344,178600,0.0,0.0
2013-08-01 00:00:00-04:00,43.42273455741006,44.24031563298693,43.42273455741006,44.19902420043945,218400,0.0,0.0
2013-08-02 00:00:00-04:00,43.356669039825825,44.00908443479113,43.06762583969416,43.92649841308594,160600,0.0,0.0
2013-08-05 00:00:00-04:00,43.8852001238922,43.8852001238922,43.46402250514173,43.76132583618164,215300,0.0,0.0
2013-08-06 00:00:00-04:00,43.74481862583408,44.0090876137105,43.15846885554438,43.36492919921875,254400,0.0,0.0
2013-08-07 00:00:00-04:00,43.183257807492645,43.19151483730429,42.73730258960748,42.80337142944336,75300,0.0,0.0
2013-08-08 00:00:00-04:00,42.94375185493075,43.216281023093934,42.60515701439566,42.67122268676758,103000,0.0,0.0
2013-08-09 00:00:00-04:00,42.48954096609965,42.770327170135424,42.03532882289516,42.52257537841797,122700,0.0,0.0
2013-08-12 00:00:00-04:00,42.175726190858946,42.99331068212609,41.440727741825306,42.91072463989258,312600,0.0,0.0
2013-08-13 00:00:00-04:00,43.0517433997284,43.24253108726779,41.99826108339521,42.089508056640625,243200,0.23,0.0
2013-08-14 00:00:00-04:00,42.852649542708626,42.92730585337512,41.34293585086768,41.483951568603516,298100,0.0,0.0
2013-08-15 00:00:00-04:00,40.87840158188023,40.87840158188023,39.9576416015625,39.9576416015625,392800,0.0,0.0
2013-08-16 00:00:00-04:00,39.766864396612945,40.32263992419362,39.74198001149538,40.198211669921875,166200,0.0,0.0
2013-08-19 00:00:00-04:00,40.20650588475536,40.413884185106944,39.80833992780131,40.272865295410156,132100,0.0,0.0
2013-08-20 00:00:00-04:00,40.28946802831438,40.83694677894399,40.18163039375838,40.67934036254883,85900,0.0,0.0
2013-08-21 00:00:00-04:00,40.438759505298094,40.97794423110515,40.364103207330054,40.629547119140625,145900,0.0,0.0
2013-08-22 00:00:00-04:00,40.64614090875587,41.434178967406126,40.6046658876356,41.38440704345703,194900,0.0,0.0
2013-08-23 00:00:00-04:00,41.40930933155994,41.40930933155994,40.83694619815104,40.99455261230469,105700,0.0,0.0
2013-08-26 00:00:00-04:00,40.99454674618179,41.42589405220464,40.85353100069815,41.16874694824219,90100,0.0,0.0
2013-08-27 00:00:00-04:00,40.46366165600642,40.729105684407834,39.80005158500289,39.83323287963867,101400,0.0,0.0
2013-08-28 00:00:00-04:00,39.683909782421786,39.9659443839743,39.56777844607809,39.692203521728516,100300,0.0,0.0
2013-08-29 00:00:00-04:00,39.74197949123426,40.297755011539294,39.66732317251692,40.21480178833008,82100,0.0,0.0
2013-08-30 00:00:00-04:00,40.17332980142296,40.17332980142296,39.33551958743888,39.50142288208008,126400,0.0,0.0
2013-09-03 00:00:00-04:00,40.32262960486707,40.413876546068934,39.1613100766743,39.426753997802734,111100,0.0,0.0
2013-09-04 00:00:00-04:00,39.38529383730045,40.07379144296084,39.38529383730045,40.065494537353516,135400,0.0,0.0
2013-09-05 00:00:00-04:00,40.0157291189256,40.828651897829744,39.974250916093084,40.80376434326172,165300,0.0,0.0
2013-09-06 00:00:00-04:00,40.90331257240806,40.90331257240806,40.0903897072584,40.37242126464844,158400,0.0,0.0
2013-09-09 00:00:00-04:00,40.43048319636599,41.17704333353506,40.38900499623793,41.08579635620117,146100,0.0,0.0
2013-09-10 00:00:00-04:00,41.32635397540623,41.69963560793042,41.29317268266136,41.66645431518555,114400,0.0,0.0
2013-09-11 00:00:00-04:00,41.59179043554601,41.76598744430877,41.517134122598875,41.67474365234375,79400,0.0,0.0
2013-09-12 00:00:00-04:00,41.59178370785637,41.666440008727456,41.30974914504796,41.33463668823242,69200,0.0,0.0
2013-09-13 00:00:00-04:00,41.459073160042415,41.459073160042415,41.05261342678215,41.226810455322266,61800,0.0,0.0
2013-09-16 00:00:00-04:00,41.64156280059959,41.724512853922135,41.4092969554814,41.450775146484375,54600,0.0,0.0
2013-09-17 00:00:00-04:00,41.37612330672083,42.089505234062194,41.16874498664913,42.04802703857422,153500,0.0,0.0
2013-09-18 00:00:00-04:00,42.12268407923877,42.79459098690096,41.84894633753039,42.55403137207031,110600,0.0,0.0
2013-09-19 00:00:00-04:00,42.6038121101286,42.87754990838659,42.44620252644596,42.636993408203125,61300,0.0,0.0
2013-09-20 00:00:00-04:00,42.87753728956497,42.894127933719616,42.57891518780668,42.76140594482422,387200,0.0,0.0
2013-09-23 00:00:00-04:00,42.63699387924441,42.8277815987666,42.45449990216111,42.61210632324219,139700,0.0,0.0
2013-09-24 00:00:00-04:00,42.61209810620008,42.711641982328,42.363244744564625,42.520851135253906,154100,0.0,0.0
2013-09-25 00:00:00-04:00,42.47108449180483,42.74482225403137,42.00655587293448,42.15586853027344,198400,0.0,0.0
2013-09-26 00:00:00-04:00,42.16415701020686,42.75311061627418,42.16415701020686,42.71163558959961,74800,0.0,0.0
2013-09-27 00:00:00-04:00,42.35494242249072,42.769698995966316,42.35494242249072,42.562320709228516,121400,0.0,0.0
2013-09-30 00:00:00-04:00,42.17244263797477,42.75310239275449,42.10608007658687,42.71992111206055,108300,0.0,0.0
2013-10-01 00:00:00-04:00,42.811178623185995,43.342066588017246,42.61209405420333,43.167869567871094,144700,0.0,0.0
2013-10-02 00:00:00-04:00,42.827764663105576,43.06002733166262,42.44618621060847,42.562320709228516,115200,0.0,0.0
2013-10-03 00:00:00-04:00,42.404717007899364,42.570620292934876,41.77428832197479,42.18904495239258,137300,0.0,0.0
2013-10-04 00:00:00-04:00,42.081212827419655,42.570625841677426,42.081212827419655,42.45449447631836,35400,0.0,0.0
2013-10-07 00:00:00-04:00,42.089504107070624,42.271994872094744,41.83235385790406,41.87382888793945,96600,0.0,0.0
2013-10-08 00:00:00-04:00,41.74111719726728,41.94020182066114,41.135572749110764,41.18534469604492,147300,0.0,0.0
2013-10-09 00:00:00-04:00,41.27657075446293,41.50053967276165,40.546601499646435,40.72079849243164,149000,0.0,0.0
2013-10-10 00:00:00-04:00,41.40100117659836,41.82405149065189,41.002835244447525,41.815757751464844,298900,0.0,0.0
2013-10-11 00:00:00-04:00,41.55031922358465,41.882125792551705,41.42589096913651,41.87382888793945,233200,0.0,0.0
2013-10-14 00:00:00-04:00,41.616673900723335,42.13926807982953,41.500542564108976,42.114383697509766,166100,0.0,0.0
2013-10-15 00:00:00-04:00,41.96508289177145,42.0065579287638,41.459079213174405,41.475669860839844,191800,0.0,0.0
2013-10-16 00:00:00-04:00,41.65815253173489,42.16415607320834,41.51713364696512,41.98995590209961,151500,0.0,0.0
2013-10-17 00:00:00-04:00,41.85723955512554,42.46278387278131,41.85723955512554,42.37154006958008,177000,0.0,0.0
2013-10-18 00:00:00-04:00,42.72823997807253,43.40014706773125,42.421320862010475,43.18447494506836,283000,0.0,0.0
2013-10-21 00:00:00-04:00,43.234220896794405,44.33747481343603,43.07661455056329,43.48307418823242,173600,0.0,0.0
2013-10-22 00:00:00-04:00,43.50797311940979,43.50797311940979,43.07662582466488,43.17616653442383,182200,0.0,0.0
2013-10-23 00:00:00-04:00,43.02684783935547,43.17616046517615,42.86094457018341,43.02684783935547,116900,0.0,0.0
2013-10-24 00:00:00-04:00,43.12639723142759,43.217641035051784,42.89413135905654,42.993675231933594,129500,0.0,0.0
2013-10-25 00:00:00-04:00,43.17616541570864,43.17616541570864,42.76140877739378,43.10150909423828,107300,0.0,0.0
2013-10-28 00:00:00-04:00,43.001952229988,43.32546178002703,42.844345905808716,43.24251174926758,96400,0.0,0.0
2013-10-29 00:00:00-04:00,43.26741344099422,43.49138241088481,42.87754117885036,43.068328857421875,149800,0.0,0.0
2013-10-30 00:00:00-04:00,41.0609046783634,41.99825550956195,39.7751598112022,40.35581970214844,1155300,0.0,0.0
2013-10-31 00:00:00-04:00,40.26457117301856,40.355818130600696,39.24427032470703,39.24427032470703,224900,0.0,0.0
2013-11-01 00:00:00-04:00,39.169620510640144,39.551195883538185,38.82122326608897,39.269161224365234,382700,0.0,0.0
2013-11-04 00:00:00-05:00,39.50971179727589,39.98253403456356,39.41016794201632,39.733680725097656,356800,0.0,0.0
2013-11-05 00:00:00-05:00,39.54288962860558,39.55118653198724,39.09495494058201,39.21108627319336,235600,0.0,0.0
2013-11-06 00:00:00-05:00,39.377000487254,39.625853864126405,38.895881216203975,39.32722854614258,264400,0.0,0.0
2013-11-07 00:00:00-05:00,39.410176268038626,39.410176268038626,38.52259727267887,38.5640754699707,224300,0.0,0.0
2013-11-08 00:00:00-05:00,38.52260101163841,38.71338871319819,38.48112597466323,38.65532302856445,256300,0.0,0.0
2013-11-11 00:00:00-05:00,38.497698828468884,38.81291465960215,38.30691121509221,38.738258361816406,137600,0.0,0.0
2013-11-12 00:00:00-05:00,38.69679418122415,38.812925529338195,38.48111896529071,38.64702224731445,163800,0.0,0.0
2013-11-13 00:00:00-05:00,38.463627057211845,38.89711435546891,38.030139758954775,38.84709548950195,280000,0.23,0.0
2013-11-14 00:00:00-05:00,38.747070483164656,39.030504433387456,38.62202805750398,38.87211608886719,182100,0.0,0.0
2013-11-15 00:00:00-05:00,38.82208523978021,39.280580352576,38.60534319410904,39.180545806884766,251800,0.0,0.0
2013-11-18 00:00:00-05:00,39.22222551690627,39.84744697524178,39.130525860877206,39.539005279541016,237200,0.0,0.0
2013-11-19 00:00:00-05:00,39.42230065263867,40.00584135890698,38.68870653104306,38.705379486083984,367400,0.0,0.0
2013-11-20 00:00:00-05:00,38.938798641903254,39.247243572935126,38.597010977280966,38.905452728271484,214200,0.0,0.0
2013-11-21 00:00:00-05:00,38.988804468346004,39.36393792109628,38.86375892408248,39.31391906738281,118400,0.0,0.0
2013-11-22 00:00:00-05:00,39.35560564516039,39.73073915309751,39.122190653573185,39.59735870361328,179500,0.0,0.0
2013-11-25 00:00:00-05:00,39.79742809758088,39.79742809758088,39.29724906305849,39.42229461669922,141900,0.0,0.0
2013-11-26 00:00:00-05:00,39.37227697095354,39.63070297241211,39.27224243298662,39.63070297241211,155900,0.0,0.0
2013-11-27 00:00:00-05:00,39.67239930867779,40.13923263549805,39.597372580796716,40.13923263549805,118000,0.0,0.0
2013-11-29 00:00:00-05:00,40.35595953052273,40.39764032361781,40.08086375206272,40.33095169067383,75500,0.0,0.0
2013-12-02 00:00:00-05:00,40.23925903522234,40.72276204327685,40.0225137853721,40.072532653808594,165900,0.0,0.0
2013-12-03 00:00:00-05:00,39.95581563814405,40.14754981815531,39.463974678970665,39.605690002441406,136600,0.0,0.0
2013-12-04 00:00:00-05:00,39.51400445767742,40.005845552801865,39.113859854829286,39.28058624267578,129200,0.0,0.0
2013-12-05 00:00:00-05:00,39.18054744806009,39.23890120049434,38.93045948333599,39.14720153808594,138400,0.0,0.0
2013-12-06 00:00:00-05:00,39.46398160305123,39.88913082809772,39.42230080530801,39.839115142822266,161000,0.0,0.0
2013-12-09 00:00:00-05:00,39.78076138997355,40.05585719911163,39.48898944568896,39.839115142822266,189700,0.0,0.0
2013-12-10 00:00:00-05:00,39.739072500151494,39.88079101101024,39.30558844115455,39.447303771972656,133900,0.0,0.0
2013-12-11 00:00:00-05:00,39.44730816083529,39.44730816083529,38.70537915802811,38.76373291015625,160000,0.0,0.0
2013-12-12 00:00:00-05:00,38.86376680368253,39.072173966349276,38.64702475372713,38.88043975830078,138100,0.0,0.0
2013-12-13 00:00:00-05:00,39.06384995387165,39.06384995387165,38.171867303746204,38.43029022216797,375200,0.0,0.0
2013-12-16 00:00:00-05:00,38.705376229403875,39.09718268979638,38.705376229403875,39.03049087524414,375800,0.0,0.0
2013-12-17 00:00:00-05:00,39.08885545493466,39.08885545493466,38.63036023297631,38.88878631591797,209500,0.0,0.0
2013-12-18 00:00:00-05:00,38.85543742652492,39.730746997845635,38.72205695070502,39.722412109375,119800,0.0,0.0
2013-12-19 00:00:00-05:00,39.55567637674221,39.66404898151176,39.38895002633689,39.447303771972656,112100,0.0,0.0
2013-12-20 00:00:00-05:00,39.44731106097774,40.456001056254976,39.35561139230868,40.44766616821289,372700,0.0,0.0
2013-12-23 00:00:00-05:00,40.63107236983083,41.0395487337674,40.581053493004376,40.93951416015625,170200,0.0,0.0
2013-12-24 00:00:00-05:00,40.972847217610614,41.498030949257455,40.972847217610614,41.35631561279297,73300,0.0,0.0
2013-12-26 00:00:00-05:00,41.61473287345925,41.73144353379536,41.356310075673,41.45634460449219,112300,0.0,0.0
2013-12-27 00:00:00-05:00,41.64807698515494,41.731441738952405,41.122893346411786,41.29795455932617,118700,0.0,0.0
2013-12-30 00:00:00-05:00,41.389666663611784,41.60640872867998,41.03120606442731,41.12290573120117,123200,0.0,0.0
2013-12-31 00:00:00-05:00,41.306297072477015,41.306297072477015,40.78111015671048,40.922828674316406,110400,0.0,0.0
2014-01-02 00:00:00-05:00,40.74776719277899,40.74776719277899,40.047519035831264,40.16422653198242,184200,0.0,0.0
2014-01-03 00:00:00-05:00,40.19757818641441,40.81446166284792,40.19757818641441,40.44766616821289,89900,0.0,0.0
2014-01-06 00:00:00-05:00,40.56437406694356,40.56437406694356,39.98083331716832,40.01417922973633,100900,0.0,0.0
2014-01-07 00:00:00-05:00,40.25592618754141,40.55603299481054,39.8974656321967,40.16422653198242,78200,0.0,0.0
2014-01-08 00:00:00-05:00,40.0892027786262,40.18923732839295,39.7307421969176,40.15589141845703,133600,0.0,0.0
2014-01-09 00:00:00-05:00,40.18923014598995,40.42264829378513,39.82243474236958,40.405975341796875,161000,0.0,0.0
2014-01-10 00:00:00-05:00,40.305934127593254,40.364287864461446,39.830766167357844,40.23090744018555,175200,0.0,0.0
2014-01-13 00:00:00-05:00,40.03918636472806,40.7561075720317,39.955824764826275,40.506019592285156,193100,0.0,0.0
2014-01-14 00:00:00-05:00,40.6310671748887,41.00619757297814,40.33929520076859,40.9811897277832,128000,0.0,0.0
2014-01-15 00:00:00-05:00,40.93116118081937,41.31463273671957,40.88114550225371,41.25627899169922,135600,0.0,0.0
2014-01-16 00:00:00-05:00,41.081221126712045,41.25628556972649,40.51435335895362,40.864479064941406,167600,0.0,0.0
2014-01-17 00:00:00-05:00,40.83113745011789,40.839475518779345,39.95582786311048,40.05586242675781,193200,0.0,0.0
2014-01-21 00:00:00-05:00,40.39764768414474,40.39764768414474,39.91414467207354,40.01417922973633,137100,0.0,0.0
2014-01-22 00:00:00-05:00,39.989168228859455,40.29760994566417,39.714069241949645,40.15589141845703,90600,0.0,0.0
2014-01-23 00:00:00-05:00,39.84745549217704,39.880801406958696,39.52234077315957,39.8057746887207,163700,0.0,0.0
2014-01-24 00:00:00-05:00,39.37226874095556,39.547329940814734,38.68035882625695,39.18886947631836,266300,0.0,0.0
2014-01-27 00:00:00-05:00,39.347268240003444,39.71406365759897,38.888773172998896,39.36394119262695,288400,0.0,0.0
2014-01-28 00:00:00-05:00,39.47231587808476,39.47231587808476,38.75539789991924,38.9471321105957,159000,0.0,0.0
2014-01-29 00:00:00-05:00,38.513637631304256,38.76372554721368,38.130169281573764,38.330238342285156,193900,0.0,0.0
2014-01-30 00:00:00-05:00,39.01381217056847,42.89018586887905,39.01381217056847,42.198272705078125,628700,0.0,0.0
2014-01-31 00:00:00-05:00,41.43967475429915,42.40668375202833,41.38965907616662,42.131587982177734,325000,0.0,0.0
2014-02-03 00:00:00-05:00,42.13159847216405,42.49005909488652,39.47232068126754,39.97249984741211,429000,0.0,0.0
2014-02-04 00:00:00-05:00,40.09754058599384,40.45600119380554,39.48899199553335,40.26426696777344,166700,0.0,0.0
2014-02-05 00:00:00-05:00,40.147562365129005,40.3893154772338,39.51400588448489,39.8057746887207,173900,0.0,0.0
2014-02-06 00:00:00-05:00,39.997514069481845,40.53937412418318,39.82245276443995,40.13923263549805,125800,0.0,0.0
2014-02-07 00:00:00-05:00,40.31428594372005,40.49768528217032,39.972498291179875,40.19757843017578,222600,0.0,0.0
2014-02-10 00:00:00-05:00,40.164231720927404,40.79778814475948,39.438975629689374,40.497684478759766,230800,0.0,0.0
2014-02-11 00:00:00-05:00,40.389316138183545,41.11457230632491,40.089209260320494,40.82280349731445,163900,0.0,0.0
2014-02-12 00:00:00-05:00,40.864697136316856,41.15796310943322,40.52115562651224,40.74739074707031,118900,0.25,0.0
2014-02-13 00:00:00-05:00,40.445733332228436,41.46797993611499,40.39545780870074,41.442840576171875,124300,0.0,0.0
2014-02-14 00:00:00-05:00,41.45959966491332,41.61880069711046,40.99037102782272,41.43446350097656,75100,0.0,0.0
2014-02-18 00:00:00-05:00,41.476359017386415,41.99585999292679,41.174712258569855,41.920448303222656,134500,0.0,0.0
2014-02-19 00:00:00-05:00,41.66907789911899,41.953966155187935,41.37581198685333,41.39257049560547,124100,0.0,0.0
2014-02-20 00:00:00-05:00,41.5266323556446,42.06289181136145,41.28363879091087,41.97909927368164,140200,0.0,0.0
2014-02-21 00:00:00-05:00,42.180205554255345,42.347787462603044,41.467986439226436,41.58529281616211,181100,0.0,0.0
2014-02-24 00:00:00-05:00,41.694220199159965,42.26399679513757,41.635567008076315,42.03776168823242,129800,0.0,0.0
2014-02-25 00:00:00-05:00,42.00424806867669,42.12993210889138,41.59367253271329,41.72773742675781,110100,0.0,0.0
2014-02-26 00:00:00-05:00,41.89530334671629,42.45669887731045,41.71934383978599,42.263980865478516,118100,0.0,0.0
2014-02-27 00:00:00-05:00,42.1885852187284,42.75836181640625,41.88694160498059,42.75836181640625,147100,0.0,0.0
2014-02-28 00:00:00-05:00,42.89242671019168,43.29462139154795,42.65781394515698,42.75836181640625,166900,0.0,0.0
2014-03-03 00:00:00-05:00,42.45670323888898,42.68293828376534,41.65231409912302,42.35615539550781,143500,0.0,0.0
2014-03-04 00:00:00-05:00,43.00134922022685,43.79736081043661,42.75835563649862,43.24434280395508,227500,0.0,0.0
2014-03-05 00:00:00-05:00,43.09352104817711,43.42030399211771,42.91756149318738,43.194068908691406,117900,0.0,0.0
2014-03-06 00:00:00-05:00,43.36165568796189,43.42868973342276,43.043250364741205,43.26948547363281,116200,0.0,0.0
2014-03-07 00:00:00-05:00,43.55436938613511,43.55436938613511,42.94269816654543,43.28623962402344,155200,0.0,0.0
2014-03-10 00:00:00-04:00,43.07677197059384,43.15218368158108,42.48185913744979,42.94270706176758,101400,0.0,0.0
2014-03-11 00:00:00-04:00,42.86727653813215,42.86727653813215,41.811516243999186,42.10478210449219,161100,0.0,0.0
2014-03-12 00:00:00-04:00,41.93720469941183,42.020997237284234,41.551768614274245,41.886932373046875,122800,0.0,0.0
2014-03-13 00:00:00-04:00,42.079652875061974,42.079652875061974,40.931719011804965,41.191471099853516,130500,0.0,0.0
2014-03-14 00:00:00-04:00,40.92335055062802,41.518263354348804,40.73063245349422,41.258514404296875,145400,0.0,0.0
2014-03-17 00:00:00-04:00,41.52663687319528,42.17182509990462,41.52663687319528,41.660701751708984,147700,0.0,0.0
2014-03-18 00:00:00-04:00,41.618805762582234,42.27237487171195,41.543397261593896,42.1131706237793,137500,0.0,0.0
2014-03-19 00:00:00-04:00,41.96234699854523,42.01261932843191,40.99875352184006,41.27526092529297,95600,0.0,0.0
2014-03-20 00:00:00-04:00,41.15795456943423,41.551771534212726,41.10768223953653,41.39257049560547,78800,0.0,0.0
2014-03-21 00:00:00-04:00,41.451223678058604,41.8953129727348,41.359053478101195,41.39257049560547,192900,0.0,0.0
2014-03-24 00:00:00-04:00,41.39256853841951,41.526633405738856,40.42059745126462,40.822792053222656,141000,0.0,0.0
2014-03-25 00:00:00-04:00,40.85629877753041,41.36742199428395,40.75575094359204,40.806026458740234,140100,0.0,0.0
2014-03-26 00:00:00-04:00,40.88982093700151,41.19984532856257,40.03515625,40.03515625,147700,0.0,0.0
2014-03-27 00:00:00-04:00,39.88434469234203,40.57142770756031,39.88434469234203,40.22788619995117,184500,0.0,0.0
2014-03-28 00:00:00-04:00,40.144089326236205,40.94847857948011,39.99326594170813,40.135711669921875,176600,0.0,0.0
2014-03-31 00:00:00-04:00,40.26139285045419,40.83955018244855,40.14408649218245,40.420597076416016,149200,0.0,0.0
2014-04-01 00:00:00-04:00,40.41221564404764,40.86468575919171,40.21111994600038,40.42897415161133,301700,0.0,0.0
2014-04-02 00:00:00-04:00,40.59656697798043,41.35906169776743,40.445743565595365,41.26689147949219,137100,0.0,0.0
2014-04-03 00:00:00-04:00,41.43446759960425,41.459603766027435,40.72224531947783,40.91496658325195,103700,0.0,0.0
2014-04-04 00:00:00-04:00,41.317173153011446,41.317173153011446,40.236272935814206,40.37871551513672,155900,0.0,0.0
2014-04-07 00:00:00-04:00,40.24463279496042,40.42897317736028,39.515655313478526,40.03515625,195100,0.0,0.0
2014-04-08 00:00:00-04:00,40.060297149519364,40.83116933036712,39.976504610497734,40.420597076416016,161900,0.0,0.0
2014-04-09 00:00:00-04:00,40.49601696613408,41.4260903649786,40.49601696613408,41.21661376953125,155700,0.0,0.0
2014-04-10 00:00:00-04:00,41.14957169737949,41.560143922509894,40.44573040079765,40.588172912597656,152200,0.0,0.0
2014-04-11 00:00:00-04:00,40.16922654841571,41.08254453592848,40.11895421648949,40.211124420166016,238800,0.0,0.0
2014-04-14 00:00:00-04:00,40.7641346213301,40.7641346213301,39.98488166246025,40.30328369140625,170600,0.0,0.0
2014-04-15 00:00:00-04:00,40.51276577307742,40.76414020432126,39.69999888682732,40.269775390625,114600,0.0,0.0
2014-04-16 00:00:00-04:00,40.638449573619866,40.79765059651822,40.21111882986197,40.45410919189453,99200,0.0,0.0
2014-04-17 00:00:00-04:00,40.38707882562724,40.847926588896954,40.27815012640982,40.646827697753906,129300,0.0,0.0
2014-04-21 00:00:00-04:00,40.80604231053829,41.05741359121264,40.23626570295149,40.680355072021484,118200,0.0,0.0
2014-04-22 00:00:00-04:00,40.638462965998976,40.96524597121527,40.51277571951911,40.9233512878418,171900,0.0,0.0
2014-04-23 00:00:00-04:00,40.797666811018,41.29203177964887,40.797666811018,40.84794235229492,128300,0.0,0.0
2014-04-24 00:00:00-04:00,41.06578853586817,41.06578853586817,40.328433254116824,40.655216217041016,124900,0.0,0.0
2014-04-25 00:00:00-04:00,40.554669091178205,40.68035312732752,40.2195052687285,40.328433990478516,161000,0.0,0.0
2014-04-28 00:00:00-04:00,40.428979303908896,40.47087397997795,39.63296767316119,39.98488998413086,191000,0.0,0.0
2014-04-29 00:00:00-04:00,40.20274043066024,40.2194989387811,39.725134136470906,39.76702880859375,181800,0.0,0.0
2014-04-30 00:00:00-04:00,39.632961076832686,40.36193854745511,39.431865386627095,40.152462005615234,274000,0.0,0.0
2014-05-01 00:00:00-04:00,39.90108913140217,40.948471796941405,39.18048934609387,40.30328369140625,486600,0.0,0.0
2014-05-02 00:00:00-04:00,40.504381754525326,40.563034926906596,39.44024060418799,39.50727462768555,283100,0.0,0.0
2014-05-05 00:00:00-04:00,39.30618305501745,40.169225491537965,39.105084143527094,40.135711669921875,414500,0.0,0.0
2014-05-06 00:00:00-04:00,39.83405577899892,40.160838638524645,39.49051441432342,39.758644104003906,232000,0.0,0.0
2014-05-07 00:00:00-04:00,39.93461611590373,40.001650157489266,38.81182149021815,38.90399169921875,429000,0.0,0.0
2014-05-08 00:00:00-04:00,38.97101209593408,39.557547017115674,38.96263444116153,39.18886947631836,224700,0.0,0.0
2014-05-09 00:00:00-04:00,39.04643490100982,39.75865722124201,38.836958312063715,39.71676254272461,167600,0.0,0.0
2014-05-12 00:00:00-04:00,39.84244475704358,40.42060216177655,39.80055008044122,40.07706069946289,370600,0.0,0.0
2014-05-13 00:00:00-04:00,40.05177952264517,40.422397420760575,39.925435140867215,40.043357849121094,370400,0.25,0.0
2014-05-14 00:00:00-04:00,39.967548553216886,40.12758604986466,39.63062378715002,39.6558952331543,322500,0.0,0.0
2014-05-15 00:00:00-04:00,39.487442909649204,39.647480447066954,38.65355566843276,39.22632598876953,219000,0.0,0.0
2014-05-16 00:00:00-04:00,39.142096857773325,39.36952065359454,38.43455723071407,38.5609016418457,382700,0.0,0.0
2014-05-19 00:00:00-04:00,38.42613348001045,39.681175231933594,38.42613348001045,39.681175231933594,163600,0.0,0.0
2014-05-20 00:00:00-04:00,39.470596435169895,39.88332600587054,38.81359650694644,39.024173736572266,273700,0.0,0.0
2014-05-21 00:00:00-04:00,39.22632233771081,39.25159057464764,38.79674624401854,39.1168212890625,193000,0.0,0.0
2014-05-22 00:00:00-04:00,39.25159368290569,39.63905822115463,38.9315186125156,39.26844024658203,204800,0.0,0.0
2014-05-23 00:00:00-04:00,39.42847708944432,40.01809069394629,39.35266916698648,39.959129333496094,132000,0.0,0.0
2014-05-27 00:00:00-04:00,40.36344859315069,40.67510525866924,40.28764386241566,40.44768142700195,171800,0.0,0.0
2014-05-28 00:00:00-04:00,40.47294813186688,40.60771744775112,40.12760155909139,40.37187194824219,139200,0.0,0.0
2014-05-29 00:00:00-04:00,40.439250631245564,40.60771306119157,40.22867339710147,40.41398239135742,107600,0.0,0.0
2014-05-30 00:00:00-04:00,40.52348105934832,40.56559586105899,40.068633489304965,40.110748291015625,192900,0.0,0.0
2014-06-02 00:00:00-04:00,40.25393880348187,40.36343663531823,39.80751294921086,40.245513916015625,95300,0.0,0.0
2014-06-03 00:00:00-04:00,40.144439862985706,40.42240332718764,39.967555774759,40.03493881225586,172700,0.0,0.0
2014-06-04 00:00:00-04:00,40.01810067293948,40.40556526942806,39.93387105505072,40.26237106323242,156300,0.0,0.0
2014-06-05 00:00:00-04:00,40.32974734220521,41.27313232421875,40.07705533795287,41.27313232421875,133600,0.0,0.0
2014-06-06 00:00:00-04:00,41.58478577398008,42.18282748148795,41.49213128916253,41.85432434082031,173200,0.0,0.0
2014-06-09 00:00:00-04:00,41.736405056939894,42.61240707789598,41.736405056939894,42.31760025024414,96600,0.0,0.0
2014-06-10 00:00:00-04:00,42.30917170479543,42.47763411167203,41.99751834062329,42.45236587524414,116700,0.0,0.0
2014-06-11 00:00:00-04:00,42.19966839208475,42.36813078991434,41.60162993228507,41.79536056518555,179500,0.0,0.0
2014-06-12 00:00:00-04:00,41.8206400948522,41.90486970346708,41.24786975944097,41.37421417236328,85600,0.0,0.0
2014-06-13 00:00:00-04:00,41.47530041968627,41.5174152309607,41.02045274635249,41.14679718017578,82800,0.0,0.0
2014-06-16 00:00:00-04:00,41.054140221017185,41.54267774812952,40.74248359161146,41.04571533203125,78700,0.0,0.0
2014-06-17 00:00:00-04:00,40.927794566384456,41.51741151085719,40.87725486949119,41.28156280517578,114400,0.0,0.0
2014-06-18 00:00:00-04:00,41.43316481471747,41.753243028267946,41.129936374312194,41.71112823486328,107600,0.0,0.0
2014-06-19 00:00:00-04:00,41.96382225619615,42.165977772817236,41.55109276227613,41.70270538330078,136400,0.0,0.0
2014-06-20 00:00:00-04:00,41.84590688254468,42.073330673696425,41.66059789423878,41.67744445800781,290300,0.0,0.0
2014-06-23 00:00:00-04:00,42.561857208139045,43.32835798986579,42.09858806984753,42.21651077270508,251400,0.0,0.0
2014-06-24 00:00:00-04:00,42.258630941393825,42.59555574655705,41.90486278781021,42.04805374145508,276600,0.0,0.0
2014-06-25 00:00:00-04:00,41.845889190389,42.19965724050756,41.845889190389,42.06488800048828,136100,0.0,0.0
2014-06-26 00:00:00-04:00,42.22494833622624,42.342871074487825,41.79536897466916,42.26706314086914,158000,0.0,0.0
2014-06-27 00:00:00-04:00,41.93856551935431,42.924065498538596,41.93856551935431,42.90721893310547,818100,0.0,0.0
2014-06-30 00:00:00-04:00,42.94089715186275,42.94089715186275,42.28389739389656,42.73031997680664,190700,0.0,0.0
2014-07-01 00:00:00-04:00,42.77244907751431,43.597911494291296,42.54502526679711,43.235721588134766,150700,0.0,0.0
2014-07-02 00:00:00-04:00,43.07567905429646,43.39575735397933,42.77244731913939,43.227294921875,157800,0.0,0.0
2014-07-03 00:00:00-04:00,43.38732427639566,43.87586491597773,43.21044020198962,43.75794219970703,119600,0.0,0.0
2014-07-07 00:00:00-04:00,44.21280595117712,44.3223038204049,42.94934230465237,42.9830322265625,270100,0.0,0.0
2014-07-08 00:00:00-04:00,42.98300263789016,43.260965991095,42.747157281099625,43.00827407836914,179300,0.0,0.0
2014-07-09 00:00:00-04:00,43.03355719308288,43.260980957158615,42.772440305480416,42.94090270996094,138600,0.0,0.0
2014-07-10 00:00:00-04:00,42.26705238260154,42.62924539401778,42.01436040590838,42.11543655395508,245600,0.0,0.0
2014-07-11 00:00:00-04:00,41.87117591656079,42.22494733612003,41.669023573801404,42.149139404296875,208300,0.0,0.0
2014-07-14 00:00:00-04:00,42.61241396479772,42.61241396479772,42.21652769240882,42.42710494995117,89000,0.0,0.0
2014-07-15 00:00:00-04:00,42.35128321938549,42.49447737873119,42.14070603040581,42.165977478027344,141800,0.0,0.0
2014-07-16 00:00:00-04:00,42.43551699669988,42.688208986643815,42.20809324180444,42.486053466796875,166500,0.0,0.0
2014-07-17 00:00:00-04:00,42.35128003499266,42.65451167842789,42.12385630241624,42.21651077270508,201200,0.0,0.0
2014-07-18 00:00:00-04:00,42.09859481490767,42.865095719443616,42.056480016161274,42.47763442993164,172400,0.0,0.0
2014-07-21 00:00:00-04:00,42.216514970179446,42.54501487884525,42.039630898306015,42.28390121459961,107200,0.0,0.0
2014-07-22 00:00:00-04:00,42.46080560918214,42.92407501526656,42.452383931175305,42.671382904052734,84400,0.0,0.0
2014-07-23 00:00:00-04:00,42.73033047629987,42.73033047629987,42.05648399317652,42.12386703491211,312600,0.0,0.0
2014-07-24 00:00:00-04:00,42.09858896295463,42.31759102703842,41.87116522555349,41.99751281738281,159800,0.0,0.0
2014-07-25 00:00:00-04:00,41.71113113605454,42.090170729365965,41.63532321739226,41.93013000488281,125200,0.0,0.0
2014-07-28 00:00:00-04:00,41.87959461117598,41.95540253178712,41.340517492675914,41.60163116455078,145800,0.0,0.0
2014-07-29 00:00:00-04:00,41.694292607413765,42.0059460161094,41.492137047650836,41.50898361206055,166600,0.0,0.0
2014-07-30 00:00:00-04:00,41.75324754789255,41.91328506541483,41.37420793991544,41.55951690673828,182200,0.0,0.0
2014-07-31 00:00:00-04:00,41.172069833767324,41.3321074065219,40.54875968407066,40.81829833984375,217900,0.0,0.0
2014-08-01 00:00:00-04:00,40.75090980572345,40.76775637108944,40.2539473734651,40.60771560668945,132000,0.0,0.0
2014-08-04 00:00:00-04:00,40.877250812564505,41.07940636692049,40.42240643828223,41.012020111083984,175600,0.0,0.0
2014-08-05 00:00:00-04:00,40.82671755950831,41.14679266055984,40.548754051951484,40.71721649169922,131000,0.0,0.0
2014-08-06 00:00:00-04:00,40.47294092788516,40.95305673108667,40.47294092788516,40.77617263793945,132700,0.0,0.0
2014-08-07 00:00:00-04:00,41.02044947642899,41.20575527389576,40.641409778865786,40.767757415771484,116000,0.0,0.0
2014-08-08 00:00:00-04:00,40.63298142596197,41.155212027264696,40.43924755769879,41.087825775146484,206900,0.0,0.0
2014-08-11 00:00:00-04:00,41.10467185414405,41.34894219546611,40.97832745264022,41.17205810546875,184700,0.0,0.0
2014-08-12 00:00:00-04:00,41.12993585780153,41.39947438798986,40.98674170624056,41.306819915771484,161300,0.0,0.0
2014-08-13 00:00:00-04:00,39.14794330571021,40.13002822380547,39.14794330571021,39.757511138916016,380000,0.25,0.0
2014-08-14 00:00:00-04:00,39.63897039743057,40.519460909446664,39.63897039743057,40.46866226196289,204000,0.0,0.0
2014-08-15 00:00:00-04:00,40.75652853411455,40.84119297510701,39.99456794289153,40.40094757080078,322300,0.0,0.0
2014-08-18 00:00:00-04:00,40.62953626313043,41.13750998493724,40.62953626313043,40.92585372924805,138500,0.0,0.0
2014-08-19 00:00:00-04:00,40.993572792085,41.17983128849745,40.891978716595226,41.01050567626953,69800,0.0,0.0
2014-08-20 00:00:00-04:00,40.80731531829894,41.05283728126992,40.72265090195519,40.93430709838867,69400,0.0,0.0
2014-08-21 00:00:00-04:00,40.98510376024046,41.43381384143755,40.883509695172975,41.24755859375,141300,0.0,0.0
2014-08-22 00:00:00-04:00,41.23063067673577,41.60314444659006,41.07823794597323,41.42535400390625,101900,0.0,0.0
2014-08-25 00:00:00-04:00,41.55234906215578,41.603144486046475,41.26449648484436,41.569278717041016,114000,0.0,0.0
2014-08-26 00:00:00-04:00,41.543884873311605,41.80633976311526,41.51848715900144,41.6962776184082,118000,0.0,0.0
2014-08-27 00:00:00-04:00,41.84866869013174,41.84866869013174,41.59468186833266,41.645477294921875,71000,0.0,0.0
2014-08-28 00:00:00-04:00,41.45921205835131,41.67086823062451,41.27295359327349,41.289886474609375,200400,0.0,0.0
2014-08-29 00:00:00-04:00,41.323762021941135,41.49308441615842,41.17983411131526,41.239097595214844,156300,0.0,0.0
2014-09-02 00:00:00-04:00,41.391489396209536,41.82326988868991,41.281427258767025,41.59468078613281,103900,0.0,0.0
2014-09-03 00:00:00-04:00,41.67086823062451,41.72166364501527,41.18829241621097,41.289886474609375,103000,0.0,0.0
2014-09-04 00:00:00-04:00,41.30682648680739,41.764004672948936,41.28142554561012,41.40842056274414,82000,0.0,0.0
2014-09-05 00:00:00-04:00,41.256029546133206,41.72167257891948,41.23063183349939,41.59468078613281,93700,0.0,0.0
2014-09-08 00:00:00-04:00,41.637011892066596,41.721673088291325,41.433820499662595,41.47615432739258,122700,0.0,0.0
2014-09-09 00:00:00-04:00,41.526951807114365,41.687812609361835,41.08670645981344,41.16290283203125,144800,0.0,0.0
2014-09-10 00:00:00-04:00,41.10363664754799,41.23063166944693,40.84964983336766,41.1967658996582,71500,0.0,0.0
2014-09-11 00:00:00-04:00,41.08670659760309,41.73014334951527,40.96817962478184,41.56081771850586,153700,0.0,0.0
2014-09-12 00:00:00-04:00,41.628540358535645,41.65394129897608,40.976642096882436,41.103633880615234,144900,0.0,0.0
2014-09-15 00:00:00-04:00,41.05284766385126,41.18830753464284,40.65493288044308,40.89198684692383,107000,0.0,0.0
2014-09-16 00:00:00-04:00,40.82424863424726,41.035904832924004,40.64645497284966,40.680320739746094,143400,0.0,0.0
2014-09-17 00:00:00-04:00,40.807322250025734,40.89198345113318,40.35860884122641,40.51100158691406,190900,0.0,0.0
2014-09-18 00:00:00-04:00,40.69725107894208,41.01896938511084,40.60412184060767,40.97663879394531,85800,0.0,0.0
2014-09-19 00:00:00-04:00,40.98510501863861,41.340689101718255,40.43479762586041,40.49406433105469,291200,0.0,0.0
2014-09-22 00:00:00-04:00,40.38400304082673,40.38400304082673,39.96915547360011,40.003021240234375,119300,0.0,0.0
2014-09-23 00:00:00-04:00,39.87603428144744,40.05382797736665,39.53738623558087,39.613582611083984,110200,0.0,0.0
2014-09-24 00:00:00-04:00,39.68978230326547,39.960702054445306,39.54585436879094,39.86757278442383,101000,0.0,0.0
2014-09-25 00:00:00-04:00,39.71517216591151,39.76597082031771,39.131002173519114,39.19026565551758,126000,0.0,0.0
2014-09-26 00:00:00-04:00,39.36805198464295,39.79982919828166,39.181793500915525,39.706703186035156,207400,0.0,0.0
2014-09-29 00:00:00-04:00,39.30880520342896,39.664386209251774,39.18181014156733,39.224143981933594,138300,0.0,0.0
2014-09-30 00:00:00-04:00,39.30878465185423,39.41884676594996,38.555289193787814,38.64841842651367,222000,0.0,0.0
2014-10-01 00:00:00-04:00,38.716155304218006,38.843150327833385,38.17431589874528,38.292842864990234,245400,0.0,0.0
2014-10-02 00:00:00-04:00,38.250516264555515,39.12253894702225,38.18278471698399,38.9616813659668,170900,0.0,0.0
2014-10-03 00:00:00-04:00,39.38499384943499,39.40192673632787,38.85161921597204,38.9616813659668,149600,0.0,0.0
2014-10-06 00:00:00-04:00,39.05480628284277,39.3087930987351,38.8092842946459,39.08866882324219,163800,0.0,0.0
2014-10-07 00:00:00-04:00,38.970144944958015,38.970144944958015,38.35210912646701,38.37751007080078,140000,0.0,0.0
2014-10-08 00:00:00-04:00,38.275907133967934,39.30879044236416,37.87799566681941,39.257991790771484,212800,0.0,0.0
2014-10-09 00:00:00-04:00,39.24106287119011,39.24106287119011,37.97112551963551,38.055789947509766,162600,0.0,0.0
2014-10-10 00:00:00-04:00,37.86106971714797,38.225118712860386,37.42928917357372,37.49702072143555,141900,0.0,0.0
2014-10-13 00:00:00-04:00,37.573204508608356,38.352097670333904,37.327682574301306,37.46314239501953,168400,0.0,0.0
2014-10-14 00:00:00-04:00,37.852598058379726,38.75848643234832,37.852598058379726,38.16585159301758,164700,0.0,0.0
2014-10-15 00:00:00-04:00,37.767930459864374,38.68228350672611,37.268421730221405,38.35210037231445,196100,0.0,0.0
2014-10-16 00:00:00-04:00,37.96264983462932,38.26743522857496,37.539337505175205,38.07271194458008,260200,0.0,0.0
2014-10-17 00:00:00-04:00,38.40290261132876,38.419835495397216,37.75946593519697,37.810264587402344,254800,0.0,0.0
2014-10-20 00:00:00-04:00,37.61553229052352,38.17430441299813,37.386943254563455,38.14890670776367,192600,0.0,0.0
2014-10-21 00:00:00-04:00,38.309768646102704,39.24105454786282,38.284370937936316,39.23258972167969,134100,0.0,0.0
2014-10-22 00:00:00-04:00,39.19873523798543,39.46965496844647,38.563766514164016,38.69922637939453,106200,0.0,0.0
2014-10-23 00:00:00-04:00,39.11406291041672,39.74056339784256,39.11406291041672,39.5119743347168,112100,0.0,0.0
2014-10-24 00:00:00-04:00,39.63051058224642,39.63897540975554,39.23259586735022,39.57124710083008,110700,0.0,0.0
2014-10-27 00:00:00-04:00,39.37652810790125,39.49505832312515,38.953215599527425,39.435794830322266,102700,0.0,0.0
2014-10-28 00:00:00-04:00,39.57970665276296,41.01896935878685,39.57970665276296,40.993568420410156,239100,0.0,0.0
2014-10-29 00:00:00-04:00,41.37455989006899,42.08572496845084,40.13002342511413,40.257015228271484,210500,0.0,0.0
2014-10-30 00:00:00-04:00,40.40094420936286,40.40940903794872,39.07174327774614,40.16388702392578,251700,0.0,0.0
2014-10-31 00:00:00-04:00,40.91738143707912,41.39148929639417,40.36707398081123,41.323760986328125,247600,0.0,0.0
2014-11-03 00:00:00-05:00,41.332225205216716,41.72167186380883,40.88351506508308,41.17136764526367,248500,0.0,0.0
2014-11-04 00:00:00-05:00,41.18830933822718,41.75554656274989,41.07824717913388,41.61162185668945,238600,0.0,0.0
2014-11-05 00:00:00-05:00,41.94179916381836,42.12805444942064,41.459223219491676,41.94179916381836,229400,0.0,0.0
2014-11-06 00:00:00-05:00,42.06877884136904,42.14497519112853,41.476144153925006,41.78939437866211,203500,0.0,0.0
2014-11-07 00:00:00-05:00,41.696272218116846,41.814799175703676,41.4761511868295,41.76400375366211,151700,0.0,0.0
2014-11-10 00:00:00-05:00,41.83172990238154,41.9671897368692,41.60314082613039,41.823265075683594,127800,0.0,0.0
2014-11-11 00:00:00-05:00,41.789411292120754,42.09419681451479,41.52695637458853,41.99259948730469,156100,0.0,0.0
2014-11-12 00:00:00-05:00,41.779859310463365,42.545682901073896,41.686261534702524,42.281898498535156,153700,0.25,0.0
2014-11-13 00:00:00-05:00,42.230852161049135,42.35848728152221,41.788376602256456,41.96706771850586,132100,0.0,0.0
2014-11-14 00:00:00-05:00,41.924514140706314,42.17978757564626,41.61818472038725,41.64371109008789,92700,0.0,0.0
2014-11-17 00:00:00-05:00,41.49056397169479,41.63522103528051,41.28634643554688,41.286346435546875,60600,0.0,0.0
2014-11-18 00:00:00-05:00,41.47353391445436,41.73731507606675,41.286331867391574,41.51607894897461,111600,0.0,0.0
2014-11-19 00:00:00-05:00,41.516098948773354,41.516098948773354,40.83536833058272,40.937477111816406,103400,0.0,0.0
2014-11-20 00:00:00-05:00,40.665171741404144,41.0650990246663,40.665171741404144,40.818336486816406,135900,0.0,0.0
2014-11-21 00:00:00-05:00,41.405454019987154,41.405454019987154,40.63112280423765,40.72472381591797,177400,0.0,0.0
2014-11-24 00:00:00-05:00,40.74175549479751,41.235283833200945,40.74175549479751,41.226776123046875,172500,0.0,0.0
2014-11-25 00:00:00-05:00,41.33739113539923,41.33739113539923,40.82684094272377,40.90342330932617,154200,0.0,0.0
2014-11-26 00:00:00-05:00,40.86938755084631,41.10764561497355,40.52051303313768,40.64815139770508,196900,0.0,0.0
2014-11-28 00:00:00-05:00,40.76727391869938,40.87789360499569,39.82275922288959,39.89934158325195,132100,0.0,0.0
2014-12-01 00:00:00-05:00,39.88232184138951,39.88232184138951,39.150535583496094,39.150535583496094,196900,0.0,0.0
2014-12-02 00:00:00-05:00,39.31221389770508,39.62705106030193,39.19308649812671,39.31221389770508,161100,0.0,0.0
2014-12-03 00:00:00-05:00,39.44836200959005,40.690695306822306,39.44836200959005,40.56305694580078,219200,0.0,0.0
2014-12-04 00:00:00-05:00,40.409900206173525,40.44393429326459,40.112078410780846,40.27375411987305,112600,0.0,0.0
2014-12-05 00:00:00-05:00,40.273754303140876,40.571572853910055,40.03549621654678,40.1716423034668,128300,0.0,0.0
2014-12-08 00:00:00-05:00,40.0610232189706,40.17163967574704,38.83570527086257,38.97185134887695,156200,0.0,0.0
2014-12-09 00:00:00-05:00,38.64000003747933,39.6696050766002,38.571928613444186,39.57600402832031,208300,0.0,0.0
2014-12-10 00:00:00-05:00,39.388803655244686,39.57600249858973,38.71658092174432,38.79316329956055,194800,0.0,0.0
2014-12-11 00:00:00-05:00,38.94632403286536,39.482400622213646,38.67403188341383,38.69955825805664,164700,0.0,0.0
2014-12-12 00:00:00-05:00,38.316644648562296,38.42726434356427,37.474241864258126,37.49126052856445,200700,0.0,0.0
2014-12-15 00:00:00-05:00,37.797585747080376,37.9082054391526,36.904126993520336,37.02325439453125,251500,0.0,0.0
2014-12-16 00:00:00-05:00,36.84456374608901,37.83162354000346,36.84456374608901,36.87860107421875,216900,0.0,0.0
2014-12-17 00:00:00-05:00,36.89562337454988,38.04435572132706,36.52121922017974,38.018829345703125,245100,0.0,0.0
2014-12-18 00:00:00-05:00,38.54639313428037,38.63999416834293,37.6614420343887,38.51235580444336,216000,0.0,0.0
2014-12-19 00:00:00-05:00,38.5208625793457,38.60595264872524,37.95074872737293,38.5208625793457,415700,0.0,0.0
2014-12-22 00:00:00-05:00,38.546405689054716,38.68255180676786,38.248587070925815,38.59746170043945,149200,0.0,0.0
2014-12-23 00:00:00-05:00,38.85271431963504,39.3547534666706,38.776131966833766,39.09096908569336,120700,0.0,0.0
2014-12-24 00:00:00-05:00,39.09097820672247,39.312217609093224,38.88676071558784,39.16756057739258,71100,0.0,0.0
2014-12-26 00:00:00-05:00,39.397312437627726,39.56749586473635,39.32924101437161,39.439857482910156,77100,0.0,0.0
2014-12-29 00:00:00-05:00,39.42283686157676,39.797237755047895,39.2101084172453,39.50792694091797,109200,0.0,0.0
2014-12-30 00:00:00-05:00,39.42282997190414,39.73766710561869,39.13351920833518,39.40581130981445,101300,0.0,0.0
2014-12-31 00:00:00-05:00,39.41433003252383,39.55047612131059,38.767636922281405,38.79316329956055,171300,0.0,0.0
2015-01-02 00:00:00-05:00,38.99737074362975,39.18456952307283,38.07838252353984,38.342166900634766,177600,0.0,0.0
2015-01-05 00:00:00-05:00,38.03585018022769,38.486833487184434,37.18493632047306,37.372135162353516,200300,0.0,0.0
2015-01-06 00:00:00-05:00,37.52530545031783,37.52530545031783,36.43613658793486,36.83606719970703,179000,0.0,0.0
2015-01-07 00:00:00-05:00,37.08281872657556,37.22747249018225,36.29997647430202,36.44463348388672,268100,0.0,0.0
2015-01-08 00:00:00-05:00,36.8275530095477,36.97221006224891,36.478678436064605,36.64035415649414,235400,0.0,0.0
2015-01-09 00:00:00-05:00,36.563754543471475,36.58077320317948,35.69582237422754,35.71284103393555,168300,0.0,0.0
2015-01-12 00:00:00-05:00,35.73837619430163,35.891540923384035,35.15124689680455,35.2703742980957,217500,0.0,0.0
2015-01-13 00:00:00-05:00,35.58521220962787,36.03619545137231,34.972553280481996,35.16826629638672,340700,0.0,0.0
2015-01-14 00:00:00-05:00,34.76833231209175,35.389498888034424,34.68323899937346,35.21080780029297,375800,0.0,0.0
2015-01-15 00:00:00-05:00,35.36398857695029,35.40653362964131,34.46201852839525,34.53860092163086,215000,0.0,0.0
2015-01-16 00:00:00-05:00,34.359908790513245,34.58965596378615,34.1386693291485,34.31736373901367,311500,0.0,0.0
2015-01-20 00:00:00-05:00,34.42798384444853,34.60667502712698,33.92594439360452,34.07910919189453,355100,0.0,0.0
2015-01-21 00:00:00-05:00,33.92593493340685,34.57263128940764,33.83233388877683,34.29182815551758,254500,0.0,0.0
2015-01-22 00:00:00-05:00,34.53858127525045,34.87894799512868,33.84934012818698,34.78534698486328,230800,0.0,0.0
2015-01-23 00:00:00-05:00,34.768338462348765,34.98957462259539,34.410952977669076,34.80237579345703,232800,0.0,0.0
2015-01-26 00:00:00-05:00,34.75982897896804,35.210815520309446,34.096117224135554,35.159759521484375,233400,0.0,0.0
2015-01-27 00:00:00-05:00,34.63218737628998,34.93851682001389,34.25778328019271,34.768333435058594,297600,0.0,0.0
2015-01-28 00:00:00-05:00,34.86192983778989,35.134221919232125,34.479018083893735,34.589637756347656,366200,0.0,0.0
2015-01-29 00:00:00-05:00,35.44055435273547,37.70398450199733,34.861932818700595,37.210453033447266,563900,0.0,0.0
2015-01-30 00:00:00-05:00,36.63183197079658,36.87008999998026,34.35989408414176,34.40243911743164,504300,0.0,0.0
2015-02-02 00:00:00-05:00,34.4534940525942,35.2533516903376,34.24076564666456,35.12571334838867,454100,0.0,0.0
2015-02-03 00:00:00-05:00,35.42353747052053,36.71692665594717,35.185279432430036,36.665870666503906,396600,0.0,0.0
2015-02-04 00:00:00-05:00,36.48718134586427,36.665872448633785,35.874522426679384,35.97663116455078,296000,0.0,0.0
2015-02-05 00:00:00-05:00,36.0021650646347,36.274457228656395,35.89154535863256,36.1127815246582,185900,0.0,0.0
2015-02-06 00:00:00-05:00,36.138317755806575,36.64035713365811,36.07875403690718,36.597808837890625,312800,0.0,0.0
2015-02-09 00:00:00-05:00,36.59780073987075,37.21045970839166,36.4106019130282,36.46165466308594,211100,0.0,0.0
2015-02-10 00:00:00-05:00,36.572273612032085,36.63183731652571,35.848998202621765,36.282962799072266,166900,0.0,0.0
2015-02-11 00:00:00-05:00,36.28296013012837,36.51417127223637,35.914735340844864,36.0603141784668,148400,0.27,0.0
2015-02-12 00:00:00-05:00,36.29152214259073,36.4713519262619,36.154508507413254,36.4028434753418,125600,0.0,0.0
2015-02-13 00:00:00-05:00,36.40284524120413,36.58267830026155,36.28295871294112,36.479915618896484,270300,0.0,0.0
2015-02-17 00:00:00-05:00,36.50560908789748,36.625495619987504,36.12025718713457,36.34290313720703,176200,0.0,0.0
2015-02-18 00:00:00-05:00,36.17163998872926,36.98515670834922,36.17163998872926,36.57411575317383,361600,0.0,0.0
2015-02-19 00:00:00-05:00,36.54842877764016,36.78820186502969,36.32577953935276,36.53986358642578,237300,0.0,0.0
2015-02-20 00:00:00-05:00,36.46279852061766,36.59124699610319,36.128824644362886,36.419979095458984,332700,0.0,0.0
2015-02-23 00:00:00-05:00,36.24871151480313,36.48848459621564,36.034627473066735,36.30865478515625,222700,0.0,0.0
2015-02-24 00:00:00-05:00,36.33434382483238,36.47991940521477,36.26583536347839,36.30865478515625,243200,0.0,0.0
2015-02-25 00:00:00-05:00,36.35147008552811,37.07935450365357,36.35147008552811,36.94234085083008,229900,0.0,0.0
2015-02-26 00:00:00-05:00,36.96803076553993,37.60172096652286,36.959468841200795,37.567466735839844,233400,0.0,0.0
2015-02-27 00:00:00-05:00,37.65310405547749,37.65310405547749,37.361949614521,37.516090393066406,339000,0.0,0.0
2015-03-02 00:00:00-05:00,37.45615006190093,37.67879605580779,37.13930328852472,37.62741470336914,197700,0.0,0.0
2015-03-03 00:00:00-05:00,37.47326716849297,37.790113884844914,37.284875443450865,37.558902740478516,187500,0.0,0.0
2015-03-04 00:00:00-05:00,37.28488767296464,37.60173122657882,36.91666275930594,37.533226013183594,454500,0.0,0.0
2015-03-05 00:00:00-05:00,37.38763259056737,38.8862207092609,37.2591808737285,38.312477111816406,367800,0.0,0.0
2015-03-06 00:00:00-05:00,38.01275659882276,38.4494898120683,37.60171568831465,37.77298355102539,469900,0.0,0.0
2015-03-09 00:00:00-04:00,37.84149405510832,38.124086558301634,37.601720973608465,37.61028289794922,166200,0.0,0.0
2015-03-10 00:00:00-04:00,37.21635227773213,37.498944653607616,36.47990298302095,36.488468170166016,223400,0.0,0.0
2015-03-11 00:00:00-04:00,36.462793244857174,36.745382463368614,36.21445498818803,36.71112823486328,155000,0.0,0.0
2015-03-12 00:00:00-04:00,37.04510577571902,37.670234130399834,36.93378441209741,37.62741470336914,237000,0.0,0.0
2015-03-13 00:00:00-04:00,37.51608420248299,37.6102784256835,36.59980487380602,37.22492980957031,265600,0.0,0.0
2015-03-16 00:00:00-04:00,37.2677415745311,37.593150155772,37.01084143846195,37.182106018066406,183300,0.0,0.0
2015-03-17 00:00:00-04:00,36.908092494917874,37.079360404870485,36.75395170262689,36.77964401245117,312100,0.0,0.0
2015-03-18 00:00:00-04:00,36.771071806737815,37.379072934435335,36.59124200558616,37.07935333251953,276400,0.0,0.0
2015-03-19 00:00:00-04:00,36.97658069103438,37.17353753615472,36.813878062455466,36.95945358276367,181200,0.0,0.0
2015-03-20 00:00:00-04:00,36.89096130998664,37.27630994744301,36.634057862798365,37.190677642822266,501400,0.0,0.0
2015-03-23 00:00:00-04:00,37.250634291155414,37.687364428271195,37.010861138751785,37.593170166015625,301000,0.0,0.0
2015-03-24 00:00:00-04:00,37.5332212358806,38.5436950548279,37.46471276454115,38.081275939941406,383700,0.0,0.0
2015-03-25 00:00:00-04:00,38.07269774550455,38.37241730526203,37.344813452752625,37.4133186340332,288900,0.0,0.0
2015-03-26 00:00:00-04:00,37.33625999446302,37.57603637093914,37.045105532549144,37.130741119384766,186700,0.0,0.0
2015-03-27 00:00:00-04:00,37.070786959394205,37.2334896266233,36.76250547061263,36.82244873046875,307200,0.0,0.0
2015-03-30 00:00:00-04:00,37.03653834544646,38.20971795178104,36.94234084664164,37.9870719909668,365000,0.0,0.0
2015-03-31 00:00:00-04:00,37.858621703918764,39.014677506004254,37.62741054350167,38.8262825012207,491700,0.0,0.0
2015-04-01 00:00:00-04:00,38.5522590467274,38.714961761097186,38.12409091417822,38.30392074584961,312000,0.0,0.0
2015-04-02 00:00:00-04:00,38.24397484894913,38.723524300554416,38.106961186585245,38.25253677368164,144000,0.0,0.0
2015-04-06 00:00:00-04:00,38.03844660055621,38.714952878773175,37.94425237700369,38.44092559814453,120500,0.0,0.0
2015-04-07 00:00:00-04:00,38.440931187187665,38.440931187187665,37.87574943038475,37.910003662109375,120900,0.0,0.0
2015-04-08 00:00:00-04:00,37.653101715024505,37.79867729312233,36.55698921720489,36.745384216308594,473500,0.0,0.0
2015-04-09 00:00:00-04:00,36.71112339201507,36.8909564346134,35.88904161631236,36.0003662109375,461900,0.0,0.0
2015-04-10 00:00:00-04:00,36.24014754951638,36.24014754951638,35.76916329509935,35.77772521972656,371800,0.0,0.0
2015-04-13 00:00:00-04:00,35.87192213627722,36.145949453145676,35.42662692970014,35.52082443237305,350400,0.0,0.0
2015-04-14 00:00:00-04:00,35.61502162169036,36.257273752449386,35.46088084897514,36.24014663696289,388300,0.0,0.0
2015-04-15 00:00:00-04:00,36.26583653807135,37.05366753584273,36.26583653807135,36.90808868408203,437300,0.0,0.0
2015-04-16 00:00:00-04:00,36.908091939154446,37.0793598465281,36.625502668652004,36.65119171142578,352500,0.0,0.0
2015-04-17 00:00:00-04:00,36.342905771008034,36.394287117054404,35.76916210680812,35.829105377197266,156400,0.0,0.0
2015-04-20 00:00:00-04:00,36.094564302134295,36.34289926356762,36.0517448880978,36.171634674072266,186200,0.0,0.0
2015-04-21 00:00:00-04:00,36.402847270219596,36.402847270219596,35.81197651941966,35.83766555786133,145700,0.0,0.0
2015-04-22 00:00:00-04:00,35.86336398034865,36.137391326012185,35.52082816493742,35.95756149291992,178800,0.0,0.0
2015-04-23 00:00:00-04:00,35.880483802240924,36.008932256905105,35.69208881540455,35.931861877441406,143800,0.0,0.0
2015-04-24 00:00:00-04:00,36.01749861773308,36.13738515264765,35.53794921141171,35.79484939575195,160600,0.0,0.0
2015-04-27 00:00:00-04:00,35.77771348263164,35.95754650744127,35.57219469236675,35.846221923828125,304700,0.0,0.0
2015-04-28 00:00:00-04:00,35.84623133886093,36.068877297903036,35.56363884469578,36.05175018310547,247500,0.0,0.0
2015-04-29 00:00:00-04:00,35.92329845458647,36.051746903890034,35.580762723117964,35.657833099365234,247200,0.0,0.0
2015-04-30 00:00:00-04:00,35.95755622189089,36.71969486946193,35.64070949574989,35.769161224365234,1004400,0.0,0.0
2015-05-01 00:00:00-04:00,35.75203293391657,36.05174926861352,35.246794493525236,35.86335754394531,386000,0.0,0.0
2015-05-04 00:00:00-04:00,35.82909896175625,36.4799128951615,35.82909896175625,36.171634674072266,259800,0.0,0.0
2015-05-05 00:00:00-04:00,36.10312679979705,36.54842192623303,35.90616990541122,35.9489860534668,205500,0.0,0.0
2015-05-06 00:00:00-04:00,35.974675677482445,36.10312739041325,35.6235780310227,36.07743835449219,185400,0.0,0.0
2015-05-07 00:00:00-04:00,35.983248485260695,36.308657164691795,35.61502364800896,36.16307830810547,188800,0.0,0.0
2015-05-08 00:00:00-04:00,36.58268330219324,36.58268330219324,36.111695781529384,36.30009078979492,170500,0.0,0.0
2015-05-11 00:00:00-04:00,36.28295756338791,36.771068851087,36.27439564021021,36.61692810058594,277400,0.0,0.0
2015-05-12 00:00:00-04:00,36.43710883062914,36.659758097465655,35.957562594360475,36.3857307434082,161800,0.0,0.0
2015-05-13 00:00:00-04:00,36.5925568538828,36.954519802459615,36.35125041320072,36.63564682006836,242000,0.27,0.0
2015-05-14 00:00:00-04:00,36.88557348055987,37.40266294100897,36.83386683580255,37.118263244628906,197500,0.0,0.0
2015-05-15 00:00:00-04:00,36.94590677489884,37.014853363786415,36.4202005410711,36.76492691040039,183600,0.0,0.0
2015-05-18 00:00:00-04:00,36.635645120213276,37.16135123092449,36.50637522765459,36.963134765625,216200,0.0,0.0
2015-05-19 00:00:00-04:00,36.920048869429536,37.152738646738065,36.48052592621602,37.03208541870117,268500,0.0,0.0
2015-05-20 00:00:00-04:00,36.98037265955258,37.126882487805226,36.76491954378088,36.97175598144531,172100,0.0,0.0
2015-05-21 00:00:00-04:00,36.89418953223749,37.31647576153865,36.89418953223749,37.221675872802734,239900,0.0,0.0
2015-05-22 00:00:00-04:00,37.16134655121024,37.29061971504314,36.963130110872065,37.05792999267578,339900,0.0,0.0
2015-05-26 00:00:00-04:00,36.859727673567136,37.00623424698925,36.46329464101442,36.80801773071289,315100,0.0,0.0
2015-05-27 00:00:00-04:00,36.81662458371491,37.16134755061836,36.48913497073641,37.135494232177734,190300,0.0,0.0
2015-05-28 00:00:00-04:00,36.9717673824846,37.17860059637685,36.678750923175016,37.109657287597656,190400,0.0,0.0
2015-05-29 00:00:00-04:00,36.988987939524485,37.06655118977265,36.377101902874216,36.514991760253906,212300,0.0,0.0
2015-06-01 00:00:00-04:00,36.7132122004012,36.80801210403181,36.2823059384831,36.41157913208008,395200,0.0,0.0
2015-06-02 00:00:00-04:00,36.23921106996927,36.82524376994588,36.23921106996927,36.5753173828125,310800,0.0,0.0
2015-06-03 00:00:00-04:00,36.71320469941035,36.971751033779896,36.71320469941035,36.85971450805664,325000,0.0,0.0
2015-06-04 00:00:00-04:00,36.65287046511361,36.84247019415296,36.50636397453049,36.72181701660156,181400,0.0,0.0
2015-06-05 00:00:00-04:00,36.70459743824232,37.00623052231342,36.35125441652158,36.980377197265625,150000,0.0,0.0
2015-06-08 00:00:00-04:00,36.88557659807892,37.032086441566115,36.67874342646099,36.695980072021484,152600,0.0,0.0
2015-06-09 00:00:00-04:00,36.67874144764786,37.04932108832075,36.67874144764786,36.81663131713867,128200,0.0,0.0
2015-06-10 00:00:00-04:00,37.04069913682447,37.46298868875412,36.87695595294143,37.3509521484375,198600,0.0,0.0
2015-06-11 00:00:00-04:00,37.480237024005504,37.50609035385337,36.99762071233246,37.109657287597656,129100,0.0,0.0
2015-06-12 00:00:00-04:00,37.02346544136488,37.28200854244612,36.79077566412559,37.16997528076172,165300,0.0,0.0
2015-06-15 00:00:00-04:00,36.816634984176794,37.092414750626844,36.299545456417356,36.92005157470703,212100,0.0,0.0
2015-06-16 00:00:00-04:00,36.790774706415895,37.06655444539752,36.514994967434276,36.81663131713867,315600,0.0,0.0
2015-06-17 00:00:00-04:00,36.842485224168,37.230301515617384,36.782158610781856,36.92866516113281,176400,0.0,0.0
2015-06-18 00:00:00-04:00,37.06655822112421,37.445757866515876,36.93728830455772,37.23030471801758,222600,0.0,0.0
2015-06-19 00:00:00-04:00,36.9545170570477,37.01484366273646,36.19612121582031,36.19612121582031,797300,0.0,0.0
2015-06-22 00:00:00-04:00,36.45465771759023,36.618404150022855,35.94618835579711,36.17026138305664,235700,0.0,0.0
2015-06-23 00:00:00-04:00,36.144414836535475,36.265071347313054,35.96343500169975,36.12717819213867,285000,0.0,0.0
2015-06-24 00:00:00-04:00,35.9892845063118,36.273684177355534,35.765214728033165,35.85139465332031,271100,0.0,0.0
2015-06-25 00:00:00-04:00,36.006532910325355,36.006532910325355,35.15334019360768,35.334320068359375,193000,0.0,0.0
2015-06-26 00:00:00-04:00,35.30845799809486,35.54976443802061,35.22227477844017,35.360164642333984,636200,0.0,0.0
2015-06-29 00:00:00-04:00,35.179184086948375,35.317073947998715,34.472498138121175,34.524208068847656,208100,0.0,0.0
2015-06-30 00:00:00-04:00,34.7913784701145,34.998214968750275,34.07607562442312,34.170875549316406,285400,0.0,0.0
2015-07-01 00:00:00-04:00,34.3604593562653,34.69656566516883,34.13638957951408,34.300132751464844,320200,0.0,0.0
2015-07-02 00:00:00-04:00,34.41216940867937,34.62762250876499,34.08467977603428,34.19671630859375,234000,0.0,0.0
2015-07-06 00:00:00-04:00,33.9898846823722,34.188101167915306,33.75719490693798,33.86061477661133,266300,0.0,0.0
2015-07-07 00:00:00-04:00,33.834747488194,34.050200550692196,33.21424490373511,34.007110595703125,386000,0.0,0.0
2015-07-08 00:00:00-04:00,33.78305892723258,34.06745541232175,33.472805825277426,33.653785705566406,422800,0.0,0.0
2015-07-09 00:00:00-04:00,33.91231174400458,34.03296822418344,33.5589688423631,33.567588806152344,292400,0.0,0.0
2015-07-10 00:00:00-04:00,33.84337616159124,33.93817605949642,33.5417398239335,33.70548629760742,453400,0.0,0.0
2015-07-13 00:00:00-04:00,33.96402865908175,34.81722443452383,33.91231872835527,34.524208068847656,263100,0.0,0.0
2015-07-14 00:00:00-04:00,34.46389055063195,34.55868718397121,34.28290738912825,34.403560638427734,163700,0.0,0.0
2015-07-15 00:00:00-04:00,34.34323731955329,34.377710619115575,34.119167447508026,34.15364074707031,239900,0.0,0.0
2015-07-16 00:00:00-04:00,34.3087511483838,34.61038415859994,34.3087511483838,34.386314392089844,189500,0.0,0.0
2015-07-17 00:00:00-04:00,34.386321635678634,34.386321635678634,34.110541886086196,34.282901763916016,249400,0.0,0.0
2015-07-20 00:00:00-04:00,34.29152002982639,34.40355328734926,34.007120327913455,34.05883026123047,264500,0.0,0.0
2015-07-21 00:00:00-04:00,34.04160310061103,34.21396630546683,33.541750135284666,33.59346008300781,240500,0.0,0.0
2015-07-22 00:00:00-04:00,33.55897719727337,33.6020704518423,33.06774434068209,33.438323974609375,236100,0.0,0.0
2015-07-23 00:00:00-04:00,33.41247377789595,33.59345362882395,33.05051078848587,33.1539306640625,198600,0.0,0.0
2015-07-24 00:00:00-04:00,33.041894070350835,33.05051074952837,32.28349808811982,32.43000793457031,336900,0.0,0.0
2015-07-27 00:00:00-04:00,32.18871273714523,33.23150891716328,32.01635277521019,33.2228889465332,491600,0.0,0.0
2015-07-28 00:00:00-04:00,33.34352711886993,33.34352711886993,32.636841075129375,32.705787658691406,207900,0.0,0.0
2015-07-29 00:00:00-04:00,32.74027144663603,33.06775796088202,32.55928825054155,32.9384880065918,141200,0.0,0.0
2015-07-30 00:00:00-04:00,32.82643131981558,33.24010083789494,32.60236156368834,33.102210998535156,146200,0.0,0.0
2015-07-31 00:00:00-04:00,33.20563729652199,33.42971040593068,32.96433082874715,33.29182052612305,196300,0.0,0.0
2015-08-03 00:00:00-04:00,33.291822115152094,33.291822115152094,32.39553620984547,32.48171615600586,194800,0.0,0.0
2015-08-04 00:00:00-04:00,32.40415284130744,33.09360555978335,32.40415284130744,32.75749588012695,205200,0.0,0.0
2015-08-05 00:00:00-04:00,32.92123769321642,33.30905397025773,32.5334214161751,32.57651138305664,185900,0.0,0.0
2015-08-06 00:00:00-04:00,32.714409959439706,32.97295311711677,32.43001347226133,32.826446533203125,177300,0.0,0.0
2015-08-07 00:00:00-04:00,32.662689072483104,32.94708543577768,32.38690938608399,32.62821578979492,199700,0.0,0.0
2015-08-10 00:00:00-04:00,32.7574915911574,33.197017806015914,32.63683836748762,33.09360122680664,212300,0.0,0.0
2015-08-11 00:00:00-04:00,32.791964750862725,33.20563435362354,32.67992820608779,33.05912780761719,313100,0.0,0.0
2015-08-12 00:00:00-04:00,33.284788454323,34.56931519766732,32.547056498043794,34.1527099609375,651400,0.27,0.0
2015-08-13 00:00:00-04:00,33.996476198794475,35.20288960348673,33.831572341437735,34.959869384765625,496200,0.0,0.0
2015-08-14 00:00:00-04:00,34.95118650241084,35.53269210690275,34.794960424308655,35.38514709472656,249800,0.0,0.0
2015-08-17 00:00:00-04:00,35.37647009697184,35.40250998688775,34.89043629663424,35.20288848876953,162100,0.0,0.0
2015-08-18 00:00:00-04:00,35.237604689078715,35.45458502167367,34.98591001951998,35.22024917602539,121200,0.0,0.0
2015-08-19 00:00:00-04:00,35.00327408753572,35.36779951169614,34.82968913328225,35.12478256225586,213900,0.0,0.0
2015-08-20 00:00:00-04:00,34.8470521518157,35.13346454655972,34.62139069088234,34.907806396484375,266000,0.0,0.0
2015-08-21 00:00:00-04:00,34.29156983388911,35.25496302706941,33.86629024194462,34.77760696411133,366100,0.0,0.0
2015-08-24 00:00:00-04:00,33.423659361485996,35.454596038057865,33.17196461372115,34.517242431640625,569000,0.0,0.0
2015-08-25 00:00:00-04:00,35.376473324816736,35.376473324816736,34.413083392306575,34.46515655517578,391800,0.0,0.0
2015-08-26 00:00:00-04:00,35.10742798395839,35.66289725609857,34.673467201241614,35.61082077026367,322700,0.0,0.0
2015-08-27 00:00:00-04:00,35.75835589076749,36.19231651247375,35.24628222471982,35.92325973510742,332300,0.0,0.0
2015-08-28 00:00:00-04:00,35.905905371880834,36.45269675017345,35.76703808812398,36.296470642089844,160700,0.0,0.0
2015-08-31 00:00:00-04:00,36.174967068263136,37.01685195209681,35.758365160728495,36.74779510498047,240800,0.0,0.0
2015-09-01 00:00:00-04:00,36.16628295015977,36.21835942578242,35.124779924565715,35.211570739746094,369200,0.0,0.0
2015-09-02 00:00:00-04:00,35.62817408811478,35.62817408811478,34.96855525718886,35.1161003112793,300800,0.0,0.0
2015-09-03 00:00:00-04:00,35.11610237350438,35.43723570572037,34.98591613769531,34.98591613769531,262300,0.0,0.0
2015-09-04 00:00:00-04:00,34.73423096386437,35.17686962675026,34.47385508505744,34.89045715332031,326200,0.0,0.0
2015-09-08 00:00:00-04:00,35.341755761845555,35.66288571004817,35.06402121569351,35.20288848876953,206800,0.0,0.0
2015-09-09 00:00:00-04:00,35.43723934973953,35.55006677020458,35.09874715577023,35.13346481323242,206200,0.0,0.0
2015-09-10 00:00:00-04:00,35.06403844621133,35.254978971233704,34.72554619782456,34.855735778808594,163100,0.0,0.0
2015-09-11 00:00:00-04:00,34.612721270568095,34.690834362654336,34.18743814457435,34.5866813659668,199400,0.0,0.0
2015-09-14 00:00:00-04:00,34.58667277010129,34.65610808396948,34.24818389213886,34.43044662475586,161000,0.0,0.0
2015-09-15 00:00:00-04:00,34.43045121639024,35.090073542673075,34.38705579486442,34.95120620727539,183400,0.0,0.0
2015-09-16 00:00:00-04:00,35.02063547317347,35.93195580804075,35.02063547317347,35.69761657714844,244000,0.0,0.0
2015-09-17 00:00:00-04:00,35.61949425892417,35.767039304433276,35.142138161705404,35.168174743652344,239300,0.0,0.0
2015-09-18 00:00:00-04:00,34.77761155899303,34.942515439371164,34.586667784239125,34.6734619140625,410900,0.0,0.0
2015-09-21 00:00:00-04:00,34.82968843977005,35.31572232897294,34.5345950166722,34.786293029785156,210900,0.0,0.0
2015-09-22 00:00:00-04:00,34.37836330227033,34.64741678694429,33.614591629463405,33.961761474609375,277800,0.0,0.0
2015-09-23 00:00:00-04:00,34.08328118547153,34.21346743726135,33.388944576684786,33.40630340576172,161100,0.0,0.0
2015-09-24 00:00:00-04:00,33.154600868598706,33.30214592952034,32.33007480862335,33.14591979980469,263700,0.0,0.0
2015-09-25 00:00:00-04:00,33.267438885855356,34.031207564417855,33.267438885855356,33.953094482421875,253100,0.0,0.0
2015-09-28 00:00:00-04:00,33.82288645120157,33.95307263016791,33.475716685578824,33.63194274902344,229000,0.0,0.0
2015-09-29 00:00:00-04:00,33.66667957974458,34.26554429043286,33.39762269246589,33.59724426269531,180500,0.0,0.0
2015-09-30 00:00:00-04:00,33.76215105965426,34.152713125129466,32.93762488980794,33.111209869384766,314400,0.0,0.0
2015-10-01 00:00:00-04:00,33.163271074535224,33.43232786129934,32.24327664333214,32.668556213378906,294700,0.0,0.0
2015-10-02 00:00:00-04:00,32.47761371035717,33.44968795776367,32.19120140076665,33.44968795776367,206800,0.0,0.0
2015-10-05 00:00:00-04:00,33.63195441928708,35.046667235448126,33.63195441928708,34.994590759277344,230400,0.0,0.0
2015-10-06 00:00:00-04:00,34.864402586351275,35.506665907453126,34.864402586351275,34.933837890625,156600,0.0,0.0
2015-10-07 00:00:00-04:00,35.06403439707223,35.984029185476764,35.06403439707223,35.62818145751953,180800,0.0,0.0
2015-10-08 00:00:00-04:00,35.54138801474821,36.7304396071959,35.54138801474821,36.66968536376953,152500,0.0,0.0
2015-10-09 00:00:00-04:00,36.67835484470688,36.75646789874868,36.244394169109576,36.296470642089844,203000,0.0,0.0
2015-10-12 00:00:00-04:00,36.3919357063822,36.52212520902741,35.92325746988734,36.157596588134766,98300,0.0,0.0
2015-10-13 00:00:00-04:00,35.975336534494545,36.55684218375025,35.69760199890124,35.70627975463867,101800,0.0,0.0
2015-10-14 00:00:00-04:00,35.706287463843815,35.92326782355201,35.15949603033904,35.263648986816406,154000,0.0,0.0
2015-10-15 00:00:00-04:00,35.43722779981807,35.5066597812547,34.36100394526602,35.497982025146484,230000,0.0,0.0
2015-10-16 00:00:00-04:00,35.541388248996824,35.56742483610603,34.18742943473271,34.82969284057617,179500,0.0,0.0
2015-10-19 00:00:00-04:00,34.682145226683694,34.86440796221968,34.51724131989277,34.803653717041016,151800,0.0,0.0
2015-10-20 00:00:00-04:00,34.70818268444539,35.35912381774749,34.4478035824383,35.07270812988281,118700,0.0,0.0
2015-10-21 00:00:00-04:00,35.07270034480749,35.51533876042318,34.734211560361885,34.77760696411133,252600,0.0,0.0
2015-10-22 00:00:00-04:00,34.959879596188514,36.04478155298044,34.959879596188514,35.61082077026367,302100,0.0,0.0
2015-10-23 00:00:00-04:00,35.68893277503164,36.01874388706182,35.42855697536904,35.48931121826172,261000,0.0,0.0
2015-10-26 00:00:00-04:00,35.48931097048935,35.69761359527989,34.55195743607665,34.60403060913086,327400,0.0,0.0
2015-10-27 00:00:00-04:00,34.352327179031434,34.45647680961597,32.772707342404416,33.267425537109375,415400,0.0,0.0
2015-10-28 00:00:00-04:00,32.113094006132876,35.32440406891769,32.113094006132876,34.0572395324707,749800,0.0,0.0
2015-10-29 00:00:00-04:00,33.57987866332824,34.95119610085397,33.49308784537286,34.560630798339844,411500,0.0,0.0
2015-10-30 00:00:00-04:00,34.69081380974155,36.45269290746132,34.49987007313303,35.85382843017578,414800,0.0,0.0
2015-11-02 00:00:00-05:00,35.827793568237844,37.789297744474666,35.827793568237844,37.042884826660156,445500,0.0,0.0
2015-11-03 00:00:00-05:00,37.016847700725556,37.528921440711215,36.36590667417721,37.40740966796875,384400,0.0,0.0
2015-11-04 00:00:00-05:00,37.407411438541686,37.68514602481284,37.31194286458264,37.45948791503906,169800,0.0,0.0
2015-11-05 00:00:00-05:00,37.45081781938717,37.69383480437636,36.964780538550684,37.12968444824219,192300,0.0,0.0
2015-11-06 00:00:00-05:00,36.98213732385465,37.181758880615234,36.05346154155817,37.181758880615234,222200,0.0,0.0
2015-11-09 00:00:00-05:00,37.16439190240799,37.16439190240799,36.16628102663195,36.3311882019043,201100,0.0,0.0
2015-11-10 00:00:00-05:00,36.33986595861785,36.55684629588593,36.088171283638346,36.3311882019043,123800,0.0,0.0
2015-11-11 00:00:00-05:00,36.400635841613806,36.75648361532502,36.209695314090304,36.444034576416016,216100,0.0,0.0
2015-11-12 00:00:00-05:00,35.815080196453124,36.286791808545075,35.22107372173402,35.290958404541016,121700,0.27,0.0
2015-11-13 00:00:00-05:00,35.07257772615738,35.61417074987488,34.81925072082878,34.98522186279297,134800,0.0,0.0
2015-11-16 00:00:00-05:00,35.0026890863898,35.41325326716817,34.705685849030246,35.290958404541016,212700,0.0,0.0
2015-11-17 00:00:00-05:00,35.2298034604619,36.16448923383038,35.2298034604619,35.36083221435547,215500,0.0,0.0
2015-11-18 00:00:00-05:00,35.561735621536116,35.692767670813836,35.107495404932365,35.58794403076172,207300,0.0,0.0
2015-11-19 00:00:00-05:00,35.596679988336135,35.78012220202489,35.32588195935491,35.631622314453125,161200,0.0,0.0
2015-11-20 00:00:00-05:00,35.86747506714877,36.426538909902014,35.7364430211295,36.14700698852539,145300,0.0,0.0
2015-11-23 00:00:00-05:00,36.08587693459053,36.37414290919861,35.86749230777518,36.260581970214844,135000,0.0,0.0
2015-11-24 00:00:00-05:00,36.12955580424374,37.20400784594172,36.12955580424374,37.142860412597656,229200,0.0,0.0
2015-11-25 00:00:00-05:00,37.151577600971365,37.25640458145419,36.69733734906353,36.91572189331055,147300,0.0,0.0
2015-11-27 00:00:00-05:00,36.872057418995816,37.02929460762015,36.61873046706942,36.89826583862305,66100,0.0,0.0
2015-11-30 00:00:00-05:00,36.95941689803599,37.34377265675186,36.61873406766194,37.25642013549805,253900,0.0,0.0
2015-12-01 00:00:00-05:00,37.32629027862983,37.527203683016346,36.87204997347088,37.3437614440918,193100,0.0,0.0
2015-12-02 00:00:00-05:00,37.212731147960945,37.212731147960945,36.321724992800846,36.61872482299805,152800,0.0,0.0
2015-12-03 00:00:00-05:00,36.71482033316467,36.767233840281115,36.251846016632776,36.592525482177734,210000,0.0,0.0
2015-12-04 00:00:00-05:00,36.58377305647378,36.81089147451213,36.23435651703299,36.356651306152344,286400,0.0,0.0
2015-12-07 00:00:00-05:00,36.243110209081976,36.33919663535979,35.40451080035475,35.8150749206543,262700,0.0,0.0
2015-12-08 00:00:00-05:00,35.43072581248631,35.526812256646195,34.8017769719622,34.87165832519531,147900,0.0,0.0
2015-12-09 00:00:00-05:00,34.82797762062443,35.18612825751118,34.583387917077815,35.05509948730469,217200,0.0,0.0
2015-12-10 00:00:00-05:00,34.993953653014,35.43945682363413,34.93280622434624,35.046363830566406,202300,0.0,0.0
2015-12-11 00:00:00-05:00,34.793034944482685,34.88038744873935,34.34752850883415,34.69694519042969,193000,0.0,0.0
2015-12-14 00:00:00-05:00,34.740616254976395,34.97647197999197,34.40867079025625,34.84543991088867,299600,0.0,0.0
2015-12-15 00:00:00-05:00,35.04635821103755,35.177390298478024,33.76225908262919,34.286380767822266,518700,0.0,0.0
2015-12-16 00:00:00-05:00,34.42614817155016,34.52223792860639,33.902026465060146,34.137882232666016,326500,0.0,0.0
2015-12-17 00:00:00-05:00,34.25144074307958,34.25144074307958,33.79720036355047,33.9893798828125,269700,0.0,0.0
2015-12-18 00:00:00-05:00,34.0243197454395,34.207762001059315,33.50893198039973,33.893287658691406,556900,0.0,0.0
2015-12-21 00:00:00-05:00,34.04179310728054,34.44361997853138,33.85834750754898,34.33005905151367,177500,0.0,0.0
2015-12-22 00:00:00-05:00,34.356262635399716,35.159916264813354,34.26890680679989,34.88911819458008,139100,0.0,0.0
2015-12-23 00:00:00-05:00,35.0638207086716,36.304246610951054,35.0638207086716,35.93735885620117,260700,0.0,0.0
2015-12-24 00:00:00-05:00,35.884956821392336,36.07713299138877,35.553011317166735,35.68404006958008,82600,0.0,0.0
2015-12-28 00:00:00-05:00,35.474394777456624,35.54427611631465,34.85418331634683,35.299686431884766,155900,0.0,0.0
2015-12-29 00:00:00-05:00,35.45691458192547,35.98977340071951,35.133706390895064,35.7539176940918,172900,0.0,0.0
2015-12-30 00:00:00-05:00,35.58795721347028,35.9286366690488,35.48313020230407,35.5966911315918,163500,0.0,0.0
2015-12-31 00:00:00-05:00,35.5792152007956,35.85874719525422,35.072564710445945,35.36956787109375,233900,0.0,0.0
2016-01-04 00:00:00-05:00,34.95026091705042,35.04635064946995,33.849604282707844,34.731876373291016,266500,0.0,0.0
2016-01-05 00:00:00-05:00,34.7318821157237,35.605420435188705,34.26017395574861,34.7056770324707,163500,0.0,0.0
2016-01-06 00:00:00-05:00,34.27764497654125,34.915327547170335,34.11167056388536,34.68820571899414,226600,0.0,0.0
2016-01-07 00:00:00-05:00,34.19027901947243,34.41740078038205,33.81465738836156,34.1640739440918,205900,0.0,0.0
2016-01-08 00:00:00-05:00,34.22524135882305,34.33880230569626,33.50020274792852,33.57008743286133,256300,0.0,0.0
2016-01-11 00:00:00-05:00,33.63996452860604,33.66617294828195,33.00228185457182,33.517669677734375,135000,0.0,0.0
2016-01-12 00:00:00-05:00,33.71859296498638,33.96318607040732,32.86252542672744,33.578826904296875,156300,0.0,0.0
2016-01-13 00:00:00-05:00,33.57881463621359,33.858346655465056,32.364596802786714,32.617923736572266,172400,0.0,0.0
2016-01-14 00:00:00-05:00,32.75769244560365,33.45652255131957,32.07633350906623,33.1769905090332,203700,0.0,0.0
2016-01-15 00:00:00-05:00,32.31218048085219,33.05468664084078,31.9802350215741,32.8974494934082,240600,0.0,0.0
2016-01-19 00:00:00-05:00,33.17698249172277,33.17698249172277,31.622085465714456,32.03264617919922,230400,0.0,0.0
2016-01-20 00:00:00-05:00,31.630817614897857,32.626650635797525,31.05428253267785,32.38206100463867,350600,0.0,0.0
2016-01-21 00:00:00-05:00,32.44322674627364,32.74896729028166,32.00645739679277,32.2248420715332,189500,0.0,0.0
2016-01-22 00:00:00-05:00,32.626662192807814,33.316758419204675,32.39080972623748,33.20319747924805,231400,0.0,0.0
2016-01-25 00:00:00-05:00,33.01101710646934,33.15078311790078,32.23356845961418,32.294715881347656,245500,0.0,0.0
2016-01-26 00:00:00-05:00,32.54803814882363,33.386637515241375,32.38206705840696,33.1944580078125,211900,0.0,0.0
2016-01-27 00:00:00-05:00,32.993545512244765,33.203192860541094,32.41701030600306,32.617923736572266,344600,0.0,0.0
2016-01-28 00:00:00-05:00,33.6224928733178,34.49603123151767,32.65286476255046,33.08963394165039,244000,0.0,0.0
2016-01-29 00:00:00-05:00,33.00229148741694,33.578826904296875,32.73149661924175,33.578826904296875,351100,0.0,0.0
2016-02-01 00:00:00-05:00,33.38664513334049,34.08547532124262,32.81884373125959,33.57008743286133,237700,0.0,0.0
2016-02-02 00:00:00-05:00,33.168255136931606,33.22940256023406,32.478158979907164,32.82757568359375,249000,0.0,0.0
2016-02-03 00:00:00-05:00,32.96734794731664,33.666178154863,32.45196004444771,33.42158508300781,226300,0.0,0.0
2016-02-04 00:00:00-05:00,33.36918322648368,34.871667714540784,33.36918322648368,34.36501693725586,207000,0.0,0.0
2016-02-05 00:00:00-05:00,34.24270901151347,34.8105070229662,34.00685322252792,34.05052947998047,282300,0.0,0.0
2016-02-08 00:00:00-05:00,33.64869202370294,33.9719002261987,33.15077551392057,33.83213424682617,247000,0.0,0.0
2016-02-09 00:00:00-05:00,33.421575856068216,34.181556620978874,33.08963368180371,33.85834503173828,263800,0.0,0.0
2016-02-10 00:00:00-05:00,33.97190790357913,34.50476686169745,33.788465638999405,34.207763671875,219700,0.0,0.0
2016-02-11 00:00:00-05:00,33.57428434326293,34.60368632015161,33.53029355162956,34.54209518432617,246300,0.28,0.0
2016-02-12 00:00:00-05:00,34.823646974396475,35.51870960394184,34.3573351407703,34.48051071166992,264600,0.0,0.0
2016-02-16 00:00:00-05:00,34.79725486480483,34.85004584126304,34.110988952263504,34.62128829956055,239700,0.0,0.0
2016-02-17 00:00:00-05:00,34.79723922049947,35.5714897457133,34.5772819519043,34.5772819519043,319900,0.0,0.0
2016-02-18 00:00:00-05:00,34.73566569121081,35.04360800723204,34.401329566150004,34.86764144897461,215000,0.0,0.0
2016-02-19 00:00:00-05:00,34.647680769888325,35.1315862415107,34.32214149360995,34.48931121826172,382900,0.0,0.0
2016-02-22 00:00:00-05:00,34.77085805212828,35.06120000686867,33.759052906558985,34.25175857543945,375300,0.0,0.0
2016-02-23 00:00:00-05:00,34.049392910791056,34.33973482028,33.116772690283796,34.06698989868164,348700,0.0,0.0
2016-02-24 00:00:00-05:00,33.80303982808175,33.80303982808175,32.659262418369295,33.371925354003906,305800,0.0,0.0
2016-02-25 00:00:00-05:00,33.34553953650646,33.627084709219574,32.70326104520375,33.442317962646484,250000,0.0,0.0
2016-02-26 00:00:00-05:00,33.58308815546945,34.2693574017937,33.43351876149961,34.005409240722656,253500,0.0,0.0
2016-02-29 00:00:00-05:00,34.005396424268085,34.28694147080207,33.71505120712145,33.87342071533203,228000,0.0,0.0
2016-03-01 00:00:00-05:00,34.09338700937361,34.48051071166992,33.83823569463434,34.48051071166992,200500,0.0,0.0
2016-03-02 00:00:00-05:00,34.427727033592994,34.630087402665815,34.08459408793547,34.471717834472656,213700,0.0,0.0
2016-03-03 00:00:00-05:00,34.489293775040814,35.24594717095532,34.22534577458436,35.09637451171875,224500,0.0,0.0
2016-03-04 00:00:00-05:00,35.113974131892014,35.316334392661524,34.47169938520239,34.981998443603516,234600,0.0,0.0
2016-03-07 00:00:00-05:00,34.90282828386867,35.80025461283337,34.6300833366686,35.782657623291016,241700,0.0,0.0
2016-03-08 00:00:00-05:00,35.509914896438985,35.89703862172898,35.26356374000741,35.571502685546875,199000,0.0,0.0
2016-03-09 00:00:00-05:00,35.659482270632395,35.90583676944786,35.254761577533365,35.32514953613281,129300,0.0,0.0
2016-03-10 00:00:00-05:00,35.39553918716177,35.39553918716177,34.21656756271689,35.0260124206543,186800,0.0,0.0
2016-03-11 00:00:00-05:00,35.23716797982616,35.36034356294952,34.823650430238146,35.28995895385742,95300,0.0,0.0
2016-03-14 00:00:00-04:00,35.14038910584022,35.58030385689308,34.894037919261244,35.193180084228516,99700,0.0,0.0
2016-03-15 00:00:00-04:00,34.9644210260191,35.16678138059604,34.82364845951851,35.04360580444336,113900,0.0,0.0
2016-03-16 00:00:00-04:00,35.043606801499216,36.081802411303016,35.043606801499216,36.04661178588867,316700,0.0,0.0
2016-03-17 00:00:00-04:00,36.046617483221056,36.891253039754595,35.87944772187899,36.73288345336914,148900,0.0,0.0
2016-03-18 00:00:00-04:00,36.94403855856047,36.94403855856047,36.09060295324864,36.55691146850586,225000,0.0,0.0
2016-03-21 00:00:00-04:00,36.56571176275946,37.032020279554615,36.29296343534714,36.98802947998047,196900,0.0,0.0
2016-03-22 00:00:00-04:00,36.75046662644377,37.35754757509737,36.3193488353486,36.891239166259766,118200,0.0,0.0
2016-03-23 00:00:00-04:00,36.86484254197831,36.873639356670026,36.16977671146881,36.60089111328125,153100,0.0,0.0
2016-03-24 00:00:00-04:00,36.30175614185932,37.39274597167969,36.20497773626874,37.39274597167969,587300,0.0,0.0
2016-03-28 00:00:00-04:00,37.31356787515797,37.88545837603282,37.15519830126288,37.73588562011719,368100,0.0,0.0
2016-03-29 00:00:00-04:00,37.59510041836173,38.474929597418964,37.11119504113665,38.457332611083984,291100,0.0,0.0
2016-03-30 00:00:00-04:00,38.59812205195368,38.92366140731828,38.3517708479229,38.63331604003906,228000,0.0,0.0
2016-03-31 00:00:00-04:00,38.712493308898175,38.712493308898175,37.83266391551413,38.18459701538086,248700,0.0,0.0
2016-04-01 00:00:00-04:00,37.859051624754045,38.93244438578487,37.57750653272665,38.81806564331055,202000,0.0,0.0
2016-04-04 00:00:00-04:00,38.862056657155556,38.862056657155556,38.05261535201262,38.422142028808594,222400,0.0,0.0
2016-04-05 00:00:00-04:00,38.06141356536785,38.40454980735498,37.81506243845826,38.10540771484375,221800,0.0,0.0
2016-04-06 00:00:00-04:00,37.99982536451193,38.18459206393857,37.41034135839945,38.070213317871094,273900,0.0,0.0
2016-04-07 00:00:00-04:00,37.92065019715793,38.38696211553319,37.55992023555624,37.87665939331055,194300,0.0,0.0
2016-04-08 00:00:00-04:00,38.140599513974685,38.62450832290075,38.03502093579195,38.2813720703125,189500,0.0,0.0
2016-04-11 00:00:00-04:00,38.05261641544433,38.62450679079054,37.612701774803355,38.09660720825195,195900,0.0,0.0
2016-04-12 00:00:00-04:00,38.008618649389405,38.22857592935546,37.78866136942336,38.149391174316406,199100,0.0,0.0
2016-04-13 00:00:00-04:00,38.38695852271904,39.24039077758789,38.14940417663713,39.24039077758789,258400,0.0,0.0
2016-04-14 00:00:00-04:00,39.15240591318235,39.460344841896585,38.958842382971916,39.26678466796875,170900,0.0,0.0
2016-04-15 00:00:00-04:00,39.266794166597926,39.58353334491319,39.01164278892358,39.486751556396484,136600,0.0,0.0
2016-04-18 00:00:00-04:00,39.460336266237704,39.785875470168406,39.249179148518095,39.58351516723633,133000,0.0,0.0
2016-04-19 00:00:00-04:00,39.71549484655803,40.09382172150574,39.46034353902912,39.57472229003906,140700,0.0,0.0
2016-04-20 00:00:00-04:00,39.52192166133866,40.076214935504986,39.389949309772554,39.77707290649414,216200,0.0,0.0
2016-04-21 00:00:00-04:00,39.75948396778263,40.17300480352657,39.4603418782347,39.81227493286133,151600,0.0,0.0
2016-04-22 00:00:00-04:00,39.74188641872461,40.366567749687675,39.52192910175682,40.199398040771484,268000,0.0,0.0
2016-04-25 00:00:00-04:00,40.21699728892453,40.21699728892453,39.39875575531972,39.57472229003906,250600,0.0,0.0
2016-04-26 00:00:00-04:00,39.63631053244724,40.19060394852895,39.592319737328936,40.04983139038086,188900,0.0,0.0
2016-04-27 00:00:00-04:00,40.16420864007483,40.55133232142822,39.84746955702097,40.340171813964844,164100,0.0,0.0
2016-04-28 00:00:00-04:00,39.8298763763823,41.140820271123005,39.460346292062404,40.30498504638672,425600,0.0,0.0
2016-04-29 00:00:00-04:00,40.384166212673435,40.61292035391008,39.829872813912154,40.32257843017578,320700,0.0,0.0
2016-05-02 00:00:00-04:00,40.58652063485151,40.6217112509492,40.11141207657233,40.524932861328125,234600,0.0,0.0
2016-05-03 00:00:00-04:00,40.16421170984247,40.47215064396829,39.32837314485181,39.821075439453125,197100,0.0,0.0
2016-05-04 00:00:00-04:00,39.67149980434871,39.83866614847833,39.26677916722514,39.53952407836914,151600,0.0,0.0
2016-05-05 00:00:00-04:00,39.68910972737385,40.01464570626754,39.22280116115182,39.257991790771484,199600,0.0,0.0
2016-05-06 00:00:00-04:00,39.24039019801421,39.68030490138335,38.95884505636059,39.592323303222656,296600,0.0,0.0
2016-05-09 00:00:00-04:00,39.51313069787126,39.865063733389,39.073216081615165,39.161197662353516,169700,0.0,0.0
2016-05-10 00:00:00-04:00,39.240385709532966,39.56592496931321,39.05562236075982,39.51313400268555,153700,0.0,0.0
2016-05-11 00:00:00-04:00,39.53952129297485,39.53952129297485,38.950037366032255,39.213985443115234,154600,0.0,0.0
2016-05-12 00:00:00-04:00,39.42648682926552,39.42648682926552,38.47026565848602,38.7801513671875,175900,0.28,0.0
2016-05-13 00:00:00-04:00,38.7358807321858,38.81556610764918,38.26662428640185,38.346309661865234,197500,0.0,0.0
2016-05-16 00:00:00-04:00,38.434847222831124,38.850982333998274,38.328601182054676,38.647342681884766,308700,0.0,0.0
2016-05-17 00:00:00-04:00,38.65619160893705,39.32908764288881,38.32859770934872,38.48796844482422,186900,0.0,0.0
2016-05-18 00:00:00-04:00,38.33744972970952,38.88639149189001,37.82392443670207,38.50567626953125,160500,0.0,0.0
2016-05-19 00:00:00-04:00,38.39057359252297,38.71816748144662,37.74423824302482,37.939022064208984,139100,0.0,0.0
2016-05-20 00:00:00-04:00,38.018706817352836,38.46140253269113,38.00099858343927,38.25776290893555,164800,0.0,0.0
2016-05-23 00:00:00-04:00,38.2489202676052,38.61193071196727,37.96559520749341,38.32860565185547,178500,0.0,0.0
2016-05-24 00:00:00-04:00,38.65619869725678,39.5061738573176,38.59422155292949,39.45305252075195,228800,0.0,0.0
2016-05-25 00:00:00-04:00,39.42648548455435,39.81605993649297,39.42648548455435,39.780643463134766,130000,0.0,0.0
2016-05-26 00:00:00-04:00,39.72753113038931,39.88690193265312,39.364520609122174,39.38222885131836,105200,0.0,0.0
2016-05-27 00:00:00-04:00,39.45305131519902,40.17021635692947,39.45305131519902,39.99313735961914,161800,0.0,0.0
2016-05-31 00:00:00-04:00,40.05510793345314,40.25874754766885,39.7452189207335,40.019691467285156,192600,0.0,0.0
2016-06-01 00:00:00-04:00,39.886893054551514,40.15250987336906,39.382220085547836,40.08168029785156,161700,0.0,0.0
2016-06-02 00:00:00-04:00,39.94000981712705,40.258751287246064,39.67439305119468,39.87803268432617,186800,0.0,0.0
2016-06-03 00:00:00-04:00,39.82491785502313,40.25876126970435,39.417638487772194,40.2144889831543,195100,0.0,0.0
2016-06-06 00:00:00-04:00,40.311887882332094,40.96707930545718,40.01971034239239,40.745731353759766,146700,0.0,0.0
2016-06-07 00:00:00-04:00,40.807699945205385,41.17956280480865,40.65718161334145,41.00248718261719,98400,0.0,0.0
2016-06-08 00:00:00-04:00,41.020196526127876,41.639967975507304,41.020196526127876,41.533721923828125,149600,0.0,0.0
2016-06-09 00:00:00-04:00,41.330084869386155,41.77278071984873,40.99363507733423,41.728511810302734,230500,0.0,0.0
2016-06-10 00:00:00-04:00,41.17071610931851,41.28581798177616,40.754580908703424,40.99363708496094,256800,0.0,0.0
2016-06-13 00:00:00-04:00,40.90509538813463,40.93165605714766,40.444691319402246,40.85197067260742,185700,0.0,0.0
2016-06-14 00:00:00-04:00,40.834256491789944,41.223830927295296,40.294167117112536,41.1618537902832,138600,0.0,0.0
2016-06-15 00:00:00-04:00,41.223832917605584,41.223832917605584,40.152506545742256,40.205631256103516,179600,0.0,0.0
2016-06-16 00:00:00-04:00,39.94886639820326,40.480103362787546,39.59471179931451,40.44468688964844,110800,0.0,0.0
2016-06-17 00:00:00-04:00,40.55979259822381,40.728015795391336,39.76293876427006,40.08168029785156,342000,0.0,0.0
2016-06-20 00:00:00-04:00,40.53322634894863,40.949361481561546,40.338442493736956,40.37385559082031,143400,0.0,0.0
2016-06-21 00:00:00-04:00,40.19677709460954,40.285314897229554,39.807202657079856,40.13479995727539,116000,0.0,0.0
2016-06-22 00:00:00-04:00,40.16136259870612,40.409271160241076,39.95772294065944,40.267608642578125,144600,0.0,0.0
2016-06-23 00:00:00-04:00,40.719158024482134,41.17070621949893,40.71030221776575,41.1618537902832,122800,0.0,0.0
2016-06-24 00:00:00-04:00,39.68324601143413,39.824908513662564,38.90410056042748,39.41762924194336,597900,0.0,0.0
2016-06-27 00:00:00-04:00,38.868679611869474,38.97492562269127,37.983288307521654,38.5499382019043,173800,0.0,0.0
2016-06-28 00:00:00-04:00,38.71817795673065,38.76244686545409,37.947888136938964,38.133819580078125,190600,0.0,0.0
2016-06-29 00:00:00-04:00,38.69160893324068,38.96607813456712,38.310890320916414,38.8155632019043,130300,0.0,0.0
2016-06-30 00:00:00-04:00,39.01919944788084,39.984276226790875,38.7181662312254,39.96656799316406,146600,0.0,0.0
2016-07-01 00:00:00-04:00,39.90459749438397,40.20563076105619,39.46190171266016,39.718666076660156,126900,0.0,0.0
2016-07-05 00:00:00-04:00,39.444193804390466,39.81606002043396,39.18742943825338,39.559295654296875,127900,0.0,0.0
2016-07-06 00:00:00-04:00,39.497323926309015,39.99314111230087,39.116605228493114,39.851478576660156,181000,0.0,0.0
2016-07-07 00:00:00-04:00,39.940018811376056,40.276468591990394,39.249414388931896,39.60356903076172,159500,0.0,0.0
2016-07-08 00:00:00-04:00,40.01083558592794,40.49780355106159,39.754074650448516,40.46238708496094,149300,0.0,0.0
2016-07-11 00:00:00-04:00,40.44469213946636,40.90509621753399,39.807209050218695,40.81655502319336,106400,0.0,0.0
2016-07-12 00:00:00-04:00,41.214984603490635,41.28581756351665,40.69260334455374,41.01134490966797,155300,0.0,0.0
2016-07-13 00:00:00-04:00,41.179566219709464,41.23269093727298,40.76343442004975,41.020198822021484,140500,0.0,0.0
2016-07-14 00:00:00-04:00,41.37435045915855,41.37435045915855,40.86082507012662,40.984779357910156,90100,0.0,0.0
2016-07-15 00:00:00-04:00,41.232688177158906,41.53372146819844,40.745723453345235,41.046756744384766,129200,0.0,0.0
2016-07-18 00:00:00-04:00,41.07330926896742,41.18841110441139,40.75456780312282,40.922794342041016,98500,0.0,0.0
2016-07-19 00:00:00-04:00,40.7368652597754,40.789989970671414,40.400418889936525,40.550933837890625,152500,0.0,0.0
2016-07-20 00:00:00-04:00,40.55092817272219,41.082165074963314,40.35614434831744,40.922794342041016,164900,0.0,0.0
2016-07-21 00:00:00-04:00,40.96706903456014,41.19726936051094,40.70145223461665,41.055606842041016,181400,0.0,0.0
2016-07-22 00:00:00-04:00,40.98477233119542,41.43632049891902,40.78998512521638,41.250389099121094,105700,0.0,0.0
2016-07-25 00:00:00-04:00,41.170705461548145,41.52486341866923,40.931649347116505,41.32122039794922,109600,0.0,0.0
2016-07-26 00:00:00-04:00,41.44517146899385,41.746204671516445,41.15299069411894,41.58683395385742,152200,0.0,0.0
2016-07-27 00:00:00-04:00,41.66652553577043,41.861309370612155,41.42746942357778,41.70193862915039,96100,0.0,0.0
2016-07-28 00:00:00-04:00,41.5691389498349,41.83475577129528,41.35664346616592,41.799339294433594,88900,0.0,0.0
2016-07-29 00:00:00-04:00,41.71964487164893,41.825894279214964,41.26809671074469,41.569129943847656,161500,0.0,0.0
2016-08-01 00:00:00-04:00,41.61340082944965,41.94985054781345,41.25039044667575,41.70193862915039,149400,0.0,0.0
2016-08-02 00:00:00-04:00,41.66653302646441,41.66653302646441,41.232689623934306,41.41862106323242,99900,0.0,0.0
2016-08-03 00:00:00-04:00,41.480594802339056,41.480594802339056,40.90509229309422,41.400909423828125,161000,0.0,0.0
2016-08-04 00:00:00-04:00,41.330077140300126,41.82589761599591,41.20612286575135,41.4451789855957,110500,0.0,0.0
2016-08-05 00:00:00-04:00,41.61341561706019,42.39256136580351,41.61341561706019,42.365997314453125,121700,0.0,0.0
2016-08-08 00:00:00-04:00,42.277446913650394,42.58733260809046,42.277446913650394,42.56077194213867,102000,0.0,0.0
2016-08-09 00:00:00-04:00,42.58733170866771,42.844096065781464,42.44566919741541,42.817535400390625,119800,0.0,0.0
2016-08-10 00:00:00-04:00,42.79098002837314,43.03888860935653,42.70243883694971,42.826393127441406,116000,0.0,0.0
2016-08-11 00:00:00-04:00,42.81748994491326,43.25385595585276,42.56813454149582,42.91544723510742,167900,0.28,0.0
2016-08-12 00:00:00-04:00,41.19669187673768,41.348086593397184,39.210772997358625,40.77813720703125,506700,0.0,0.0
2016-08-15 00:00:00-04:00,40.8315630300103,41.02748438243715,40.36848175600014,40.804847717285156,200600,0.0,0.0
2016-08-16 00:00:00-04:00,40.71578247797766,40.93841907788408,40.600010494820154,40.82264709472656,125100,0.0,0.0
2016-08-17 00:00:00-04:00,40.911709059920156,40.99185838878591,40.4842471050247,40.78703308105469,201900,0.0,0.0
2016-08-18 00:00:00-04:00,40.87608393519761,41.15215116403289,40.23488939592701,41.09872055053711,238000,0.0,0.0
2016-08-19 00:00:00-04:00,41.15215608712298,41.51728004407344,40.8849927961875,41.29464340209961,177400,0.0,0.0
2016-08-22 00:00:00-04:00,41.0631190698755,41.62416458129883,41.00078105718034,41.62416458129883,109300,0.0,0.0
2016-08-23 00:00:00-04:00,41.748829458859404,41.837882768311374,41.47275876409269,41.722110748291016,103600,0.0,0.0
2016-08-24 00:00:00-04:00,41.59743498217965,41.864598309152996,41.392609651594555,41.83788299560547,115400,0.0,0.0
2016-08-25 00:00:00-04:00,41.65087230251766,42.09614568176566,41.23231423893133,42.08723831176758,155800,0.0,0.0
2016-08-26 00:00:00-04:00,41.97147186875531,42.345499896196685,41.91803783747806,42.14958190917969,174800,0.0,0.0
2016-08-29 00:00:00-04:00,42.04270881233357,42.44345550601046,42.03380484010344,42.300968170166016,96000,0.0,0.0
2016-08-30 00:00:00-04:00,42.25643868800784,42.60375133357288,42.22971997877265,42.51469802856445,102000,0.0,0.0
2016-08-31 00:00:00-04:00,42.470162641225265,42.73732931700459,42.06051205420623,42.31877136230469,226100,0.0,0.0
2016-09-01 00:00:00-04:00,42.47017085294004,42.63937689993875,42.069427556117134,42.532508850097656,161500,0.0,0.0
2016-09-02 00:00:00-04:00,42.78186161828203,43.15588957834275,42.53250624774236,43.10245895385742,299300,0.0,0.0
2016-09-06 00:00:00-04:00,43.20042192715624,43.244951982986485,42.57704191152839,42.91544723510742,146800,0.0,0.0
2016-09-07 00:00:00-04:00,42.9154479718465,43.022316031074155,42.50579726963955,43.01340866088867,177500,0.0,0.0
2016-09-08 00:00:00-04:00,43.03121335909539,43.03121335909539,42.630466691791966,42.98668670654297,121500,0.0,0.0
2016-09-09 00:00:00-04:00,42.67499359348906,42.69280493404718,41.80225828913632,41.90021896362305,234900,0.0,0.0
2016-09-12 00:00:00-04:00,41.76663694728653,42.37220890776183,41.544000297028425,42.211910247802734,166200,0.0,0.0
2016-09-13 00:00:00-04:00,42.05161620344921,42.48798218343805,41.29464947118721,41.34808349609375,196200,0.0,0.0
2016-09-14 00:00:00-04:00,41.32136332466726,41.44603930429343,41.06310399706124,41.143253326416016,99900,0.0,0.0
2016-09-15 00:00:00-04:00,41.16997275592358,41.73101811753581,41.05420073590322,41.722110748291016,135400,0.0,0.0
2016-09-16 00:00:00-04:00,41.67758950001007,41.67758950001007,40.94734139684442,40.965152740478516,314200,0.0,0.0
2016-09-19 00:00:00-04:00,41.1343556218049,41.463860384988614,40.938437635150386,41.08092498779297,108100,0.0,0.0
2016-09-20 00:00:00-04:00,41.18778741113071,41.18778741113071,40.546592660556115,40.55550003051758,99900,0.0,0.0
2016-09-21 00:00:00-04:00,40.778124052276986,41.03638334627577,40.600014077203156,40.94732666015625,214500,0.0,0.0
2016-09-22 00:00:00-04:00,41.17887705107995,41.7042996908211,41.16996968250011,41.58852767944336,169000,0.0,0.0
2016-09-23 00:00:00-04:00,41.419315206511456,41.508371892630976,40.89389264848454,40.94732666015625,115800,0.0,0.0
2016-09-26 00:00:00-04:00,40.795941672149866,41.27683426259275,40.64454698101424,40.87609100341797,173800,0.0,0.0
2016-09-27 00:00:00-04:00,40.74251150560592,40.94733683884849,40.58221282790894,40.8671875,131400,0.0,0.0
2016-09-28 00:00:00-04:00,40.902810955828684,41.26793497366429,40.67126690715277,41.19668960571289,150200,0.0,0.0
2016-09-29 00:00:00-04:00,41.20560000229053,41.47276335740209,40.822664614336304,41.10763931274414,177500,0.0,0.0
2016-09-30 00:00:00-04:00,41.25013310796097,41.83789393992025,40.876105031790026,41.62416458129883,155300,0.0,0.0
2016-10-03 00:00:00-04:00,41.57962642747997,41.8467931695252,41.196691054192485,41.633060455322266,163400,0.0,0.0
2016-10-04 00:00:00-04:00,41.78444146599847,41.85568681888277,41.00076296726359,41.2412109375,100600,0.0,0.0
2016-10-05 00:00:00-04:00,41.31245957487917,41.78444822399571,41.22340626653618,41.73992156982422,167300,0.0,0.0
2016-10-06 00:00:00-04:00,41.67758533548717,42.078332034294625,41.25012332248125,42.04270935058594,163200,0.0,0.0
2016-10-07 00:00:00-04:00,41.99817854285663,41.99817854285663,41.161065941450836,41.46385192871094,114400,0.0,0.0
2016-10-10 00:00:00-04:00,41.66867724656841,41.90912524209829,41.48166327132264,41.70429992675781,109400,0.0,0.0
2016-10-11 00:00:00-04:00,41.69538583773415,41.69538583773415,40.68906736615746,40.94732666015625,114500,0.0,0.0
2016-10-12 00:00:00-04:00,40.84046377830529,41.16996503810773,40.84046377830529,41.01857376098633,87400,0.0,0.0
2016-10-13 00:00:00-04:00,40.6445490545954,40.78703638443406,40.44862770213002,40.56439971923828,100500,0.0,0.0
2016-10-14 00:00:00-04:00,40.74252328135431,41.214512081454686,40.45754852689743,40.5020751953125,112100,0.0,0.0
2016-10-17 00:00:00-04:00,40.57329894131001,40.77812422450215,40.35066232081873,40.58220291137695,79800,0.0,0.0
2016-10-18 00:00:00-04:00,40.938439314488534,40.938439314488534,40.30614847635629,40.31505584716797,103300,0.0,0.0
2016-10-19 00:00:00-04:00,40.40410076147574,40.982957445738684,40.154748785321054,40.69798278808594,118700,0.0,0.0
2016-10-20 00:00:00-04:00,40.537681037813954,40.77812902390401,40.04788109451894,40.0745964050293,196500,0.0,0.0
2016-10-21 00:00:00-04:00,39.65603967756908,40.092409013657836,39.48683704370424,39.91429901123047,146200,0.0,0.0
2016-10-24 00:00:00-04:00,40.03007305468278,40.34176302688065,39.49574302027312,39.85196304321289,136000,0.0,0.0
2016-10-25 00:00:00-04:00,39.67385951769217,39.67385951769217,38.73878605106527,39.05047607421875,344300,0.0,0.0
2016-10-26 00:00:00-04:00,42.657186907886434,43.10246024347119,41.85569354496749,42.70171356201172,529300,0.0,0.0
2016-10-27 00:00:00-04:00,43.057925805999126,45.239765607540214,43.01339915640963,44.74996566772461,323800,0.0,0.0
2016-10-28 00:00:00-04:00,45.061655612016644,45.239765607540214,44.21563907831951,44.74996566772461,220800,0.0,0.0
2016-10-31 00:00:00-04:00,44.794499435645974,45.35554482169345,44.43828278515775,45.23977279663086,173100,0.0,0.0
2016-11-01 00:00:00-04:00,45.10619315220889,45.28429978015549,44.08206305568509,44.39375305175781,195100,0.0,0.0
2016-11-02 00:00:00-04:00,44.215637209096975,44.79449042362045,43.70802595147179,43.725833892822266,198300,0.0,0.0
2016-11-03 00:00:00-04:00,43.814901566801375,43.85942822566828,43.28057146889954,43.50320816040039,168000,0.0,0.0
2016-11-04 00:00:00-04:00,43.50320984083631,44.12659328055194,43.36962985907568,43.814903259277344,231200,0.0,0.0
2016-11-07 00:00:00-05:00,44.34921902708798,44.83901896690359,44.34921902708798,44.74996566772461,370500,0.0,0.0
2016-11-08 00:00:00-05:00,44.92807373512647,45.81862027736023,44.88354708744787,45.2842903137207,295900,0.0,0.0
2016-11-09 00:00:00-05:00,44.74996998914542,47.626435314121125,44.74996998914542,47.5997200012207,357600,0.0,0.0
2016-11-10 00:00:00-05:00,48.163717325237485,48.83514462089151,48.07419505183928,48.298004150390625,345000,0.28,0.0
2016-11-11 00:00:00-05:00,48.56658197784196,49.30962994041664,48.2980117006071,49.14848709106445,369600,0.0,0.0
2016-11-14 00:00:00-05:00,49.64085336212303,50.67037305485674,49.46180541967421,50.17799377441406,230300,0.0,0.0
2016-11-15 00:00:00-05:00,49.90942474501165,50.715138797500416,49.55132885167097,50.53609085083008,218100,0.0,0.0
2016-11-16 00:00:00-05:00,50.536097142123765,50.938954218520266,50.222762342679395,50.715145111083984,147900,0.0,0.0
2016-11-17 00:00:00-05:00,50.71513722383437,51.38656444172244,50.688277812881154,50.983707427978516,131400,0.0,0.0
2016-11-18 00:00:00-05:00,51.2522860413738,51.38657287300678,50.71514554495385,51.3418083190918,187400,0.0,0.0
2016-11-21 00:00:00-05:00,51.476095674571205,52.729428065713606,51.252286562942636,52.23704528808594,242700,0.0,0.0
2016-11-22 00:00:00-05:00,52.37132967699002,53.06961297986535,52.37132967699002,52.908470153808594,191000,0.0,0.0
2016-11-23 00:00:00-05:00,52.99799434335383,53.71418276386082,52.86370752042187,53.62466049194336,123800,0.0,0.0
2016-11-25 00:00:00-05:00,53.71419059785075,53.98276086782875,53.53514261284666,53.9379997253418,43400,0.0,0.0
2016-11-28 00:00:00-05:00,53.714181067924,53.84846788661608,52.953231535484015,53.2218017578125,181100,0.0,0.0
2016-11-29 00:00:00-05:00,52.99799294630224,53.35608543958837,52.33551654038661,52.95323181152344,181000,0.0,0.0
2016-11-30 00:00:00-05:00,53.71418566441193,54.519899815400485,53.04275834360678,53.579898834228516,271000,0.0,0.0
2016-12-01 00:00:00-05:00,53.893233435389384,54.83323099805921,53.31132839346923,54.117042541503906,228200,0.0,0.0
2016-12-02 00:00:00-05:00,53.98276365901338,54.56466878660007,53.80371566475159,53.848480224609375,143600,0.0,0.0
2016-12-05 00:00:00-05:00,54.25131752312041,54.564652272008445,54.00960673133834,54.340843200683594,184600,0.0,0.0
2016-12-06 00:00:00-05:00,54.25132884102079,55.10180417249227,54.161806559836904,54.92275619506836,217100,0.0,0.0
2016-12-07 00:00:00-05:00,54.92276280098452,55.32561994487852,54.60943136409838,54.8332405090332,292200,0.0,0.0
2016-12-08 00:00:00-05:00,54.96751403808594,55.28084539902167,54.60941812696878,54.96751403808594,304100,0.0,0.0
2016-12-09 00:00:00-05:00,54.96750517030168,55.72845458984374,54.609409316955315,55.72845458984375,194900,0.0,0.0
2016-12-12 00:00:00-05:00,55.683705416621926,56.0865624843618,55.37037062391052,55.77322769165039,136300,0.0,0.0
2016-12-13 00:00:00-05:00,56.041796245193844,56.041796245193844,54.70789594611211,55.37036895751953,176900,0.0,0.0
2016-12-14 00:00:00-05:00,55.370367669273115,55.95227267107457,54.833227217653075,54.96751403808594,202200,0.0,0.0
2016-12-15 00:00:00-05:00,54.83323043392551,55.50465774536133,54.65418246786477,55.50465774536133,274100,0.0,0.0
2016-12-16 00:00:00-05:00,55.638936761094065,55.90750696494575,53.89322531347493,54.07227325439453,1011200,0.0,0.0
2016-12-19 00:00:00-05:00,53.89323426487273,54.92275411981157,53.89323426487273,54.743709564208984,345700,0.0,0.0
2016-12-20 00:00:00-05:00,55.057040567617136,55.63894561443548,54.96751829044015,55.594181060791016,211000,0.0,0.0
2016-12-21 00:00:00-05:00,55.7732274640232,56.04179770306837,55.32560926059596,55.459896087646484,187200,0.0,0.0
2016-12-22 00:00:00-05:00,55.28084087925485,55.54941108310655,53.982747576407014,54.07227325439453,260300,0.0,0.0
2016-12-23 00:00:00-05:00,54.117047654836654,54.92275846394422,53.89323852757518,54.788475036621094,150900,0.0,0.0
2016-12-27 00:00:00-05:00,54.96751472623969,55.19132381972592,54.4303708528393,54.47513198852539,168600,0.0,0.0
2016-12-28 00:00:00-05:00,54.65418187055165,54.8779909719176,53.356088399618024,53.75894546508789,181600,0.0,0.0
2016-12-29 00:00:00-05:00,53.893227942329155,54.18865415645997,53.35608409336904,53.71417999267578,116300,0.0,0.0
2016-12-30 00:00:00-05:00,53.66941170532804,53.66941170532804,52.90845887449396,53.177032470703125,154400,0.0,0.0
2017-01-03 00:00:00-05:00,53.624665549395914,54.251328342031535,52.63990339015006,54.02751922607422,309100,0.0,0.0
2017-01-04 00:00:00-05:00,54.02752311125074,54.43038023195501,53.7589528358,54.29609680175781,257800,0.0,0.0
2017-01-05 00:00:00-05:00,54.16180387828203,54.34085184684126,52.908471513423365,53.579898834228516,176500,0.0,0.0
2017-01-06 00:00:00-05:00,53.75893809119357,53.98274716186054,53.23074854781732,53.4903678894043,135000,0.0,0.0
2017-01-09 00:00:00-05:00,53.22180661068568,53.561997411350745,52.77418839430491,53.31132888793945,178500,0.0,0.0
2017-01-10 00:00:00-05:00,53.5799048471474,54.29609680175781,53.445621416950196,54.29609680175781,277200,0.0,0.0
2017-01-11 00:00:00-05:00,54.60942479586861,55.19132986873228,54.385615677852755,54.92275619506836,259400,0.0,0.0
2017-01-12 00:00:00-05:00,54.698957315607935,54.74372187963503,53.57991151606557,54.51991271972656,119200,0.0,0.0
2017-01-13 00:00:00-05:00,54.74370864500187,55.370371409200544,54.59151667722795,54.698944091796875,146700,0.0,0.0
2017-01-17 00:00:00-05:00,54.833234543662996,54.922756825875084,54.16180718190386,54.385616302490234,180000,0.0,0.0
2017-01-18 00:00:00-05:00,54.65418246786477,56.176085056797156,54.206564260240896,55.50465774536133,176800,0.0,0.0
2017-01-19 00:00:00-05:00,55.54941691724384,55.63894260463388,55.10179872546096,55.37036895751953,216900,0.0,0.0
2017-01-20 00:00:00-05:00,55.41513793739587,55.86275616495139,55.32561224285113,55.68370819091797,137600,0.0,0.0
2017-01-23 00:00:00-05:00,55.45989856083655,55.7284688118584,54.60942325338735,55.638946533203125,174400,0.0,0.0
2017-01-24 00:00:00-05:00,55.90751455705006,56.757989830619074,55.68370545427168,56.62370300292969,212400,0.0,0.0
2017-01-25 00:00:00-05:00,57.16084403798286,57.966558181822066,56.981799486068304,57.51893997192383,271700,0.0,0.0
2017-01-26 00:00:00-05:00,59.085594116191714,59.6674990606309,56.757981168545705,57.697975158691406,349000,0.0,0.0
2017-01-27 00:00:00-05:00,57.563702555042696,57.563702555042696,55.817987498113425,55.952274322509766,341000,0.0,0.0
2017-01-30 00:00:00-05:00,55.683695786105886,55.683695786105886,54.11703233867155,55.057029724121094,361400,0.0,0.0
2017-01-31 00:00:00-05:00,55.01227896596202,55.101801242385456,53.669424329274854,54.117042541503906,279200,0.0,0.0
2017-02-01 00:00:00-05:00,54.25132433044781,55.14656072807933,54.2065631935774,54.564659118652344,311500,0.0,0.0
2017-02-02 00:00:00-05:00,54.51989114075456,54.7437002120794,54.072272998104864,54.340843200683594,255000,0.0,0.0
2017-02-03 00:00:00-05:00,54.564663967083824,54.78847308637863,54.117045728494226,54.6541862487793,301900,0.0,0.0
2017-02-06 00:00:00-05:00,54.60942976863045,54.994381759876134,54.206572636506316,54.430381774902344,324000,0.0,0.0
2017-02-07 00:00:00-05:00,54.519898501772545,54.83322987790968,54.25132484787686,54.60942077636719,233500,0.0,0.0
2017-02-08 00:00:00-05:00,54.29609289726787,54.47513745798885,53.44561757361884,54.02751922607422,139700,0.0,0.0
2017-02-09 00:00:00-05:00,54.02751768157467,54.92275411981157,54.02751768157467,54.743709564208984,385800,0.0,0.0
2017-02-10 00:00:00-05:00,55.236085549018135,55.37036895751953,54.68103994742299,55.37036895751953,220500,0.0,0.0
2017-02-13 00:00:00-05:00,55.63121929687899,56.080946222257616,55.63121929687899,55.901058197021484,305400,0.29,0.0
2017-02-14 00:00:00-05:00,55.76613182007785,56.35077812290712,55.40634895200696,55.81110382080078,265900,0.0,0.0
2017-02-15 00:00:00-05:00,55.45131456823002,56.21584873861798,55.45131456823002,56.03595733642578,128600,0.0,0.0
2017-02-16 00:00:00-05:00,55.85607180259144,56.48569006084162,55.79311031988077,56.21585464477539,150000,0.0,0.0
2017-02-17 00:00:00-05:00,56.21585343695995,56.530660843749565,55.676182616422494,56.350772857666016,198800,0.0,0.0
2017-02-21 00:00:00-05:00,56.66558359886589,57.52006530761719,56.66558359886589,57.52006530761719,140800,0.0,0.0
2017-02-22 00:00:00-05:00,57.25023132012597,57.25023132012597,56.75552902342441,56.98039245605469,128000,0.0,0.0
2017-02-23 00:00:00-05:00,57.34018160209861,57.34018160209861,56.17089231055913,56.395755767822266,200600,0.0,0.0
2017-02-24 00:00:00-05:00,55.67617986392785,56.69255997339748,55.406341035855895,56.62060546875,159500,0.0,0.0
2017-02-27 00:00:00-05:00,56.57564562062179,57.367162497390254,56.485698181572666,57.29520797729492,167100,0.0,0.0
2017-02-28 00:00:00-05:00,56.98038762562888,57.2052510391967,56.35077281255369,56.71055221557617,292400,0.0,0.0
2017-03-01 00:00:00-05:00,57.4301078759855,58.14967346191406,57.205244488168574,58.14967346191406,222600,0.0,0.0
2017-03-02 00:00:00-05:00,58.01475946794873,58.01475946794873,56.66557901520573,56.8454704284668,233300,0.0,0.0
2017-03-03 00:00:00-05:00,56.9803864150551,57.070333837257294,56.530659597474106,56.8454704284668,152100,0.0,0.0
2017-03-06 00:00:00-05:00,56.35077454515061,56.737539902870466,56.12591112466899,56.530662536621094,201600,0.0,0.0
2017-03-07 00:00:00-05:00,56.44071859733003,56.62061002012393,56.12591118079834,56.17088317871094,120800,0.0,0.0
2017-03-08 00:00:00-05:00,56.39573482659332,56.575626211834205,55.36136193481532,55.406333923339844,188300,0.0,0.0
2017-03-09 00:00:00-05:00,55.27143225286378,55.49629568478663,53.38257736602569,53.65241622924805,317700,0.0,0.0
2017-03-10 00:00:00-05:00,53.87727285725491,54.44392616371695,53.74235344268209,54.32699966430664,149900,0.0,0.0
2017-03-13 00:00:00-04:00,54.327006534513195,55.54126769465134,54.10214310255104,54.7767333984375,156300,0.0,0.0
2017-03-14 00:00:00-04:00,54.32700212523706,54.32700212523706,53.33760104621894,53.697383880615234,154800,0.0,0.0
2017-03-15 00:00:00-04:00,53.922245831667276,55.09153486502277,53.56246300703022,54.95661544799805,159300,0.0,0.0
2017-03-16 00:00:00-04:00,55.136516825457605,55.2714362668671,54.506898484119844,54.73176193237305,156800,0.0,0.0
2017-03-17 00:00:00-04:00,54.95662890881104,56.080946222257616,54.55187742088559,55.901058197021484,351500,0.0,0.0
2017-03-20 00:00:00-04:00,55.94602043651072,56.48569128029397,55.49629358964351,56.080936431884766,150200,0.0,0.0
2017-03-21 00:00:00-04:00,56.48568484281085,56.620604253952116,55.18147644930344,55.2264518737793,233200,0.0,0.0
2017-03-22 00:00:00-04:00,55.13650874654468,55.58623557715457,54.73175391276708,55.541263580322266,167900,0.0,0.0
2017-03-23 00:00:00-04:00,55.63120932198297,55.76612874786263,55.13651047899677,55.36137390136719,132600,0.0,0.0
2017-03-24 00:00:00-04:00,55.496300000143805,55.90105489530715,54.821709651919555,55.09154510498047,124200,0.0,0.0
2017-03-27 00:00:00-04:00,54.102152693932155,54.41696018203165,53.337614831035225,54.19209671020508,117900,0.0,0.0
2017-03-28 00:00:00-04:00,53.967220905189,55.046566009521484,53.74235748475072,55.046566009521484,207600,0.0,0.0
2017-03-29 00:00:00-04:00,54.95662032914267,55.04656775886256,54.68678490227025,54.866676330566406,83300,0.0,0.0
2017-03-30 00:00:00-04:00,54.95661905487173,55.496293327246846,54.86667505838098,55.36137390136719,136800,0.0,0.0
2017-03-31 00:00:00-04:00,55.27142711351449,56.215852753545384,55.09153569847447,55.63120651245117,194900,0.0,0.0
2017-04-03 00:00:00-04:00,55.586239694815035,55.76613112661349,54.551869966475344,54.7767333984375,141100,0.0,0.0
2017-04-04 00:00:00-04:00,54.68678846170569,55.36137878836607,54.68678846170569,55.27143478393555,104100,0.0,0.0
2017-04-05 00:00:00-04:00,55.766130511522626,56.21585737048652,54.82170479392718,55.18148422241211,149300,0.0,0.0
2017-04-06 00:00:00-04:00,55.2714329544898,55.2714329544898,54.327007214653875,54.68678665161133,165300,0.0,0.0
2017-04-07 00:00:00-04:00,54.55187225341797,54.91165170095401,54.28203337883617,54.55187225341797,113200,0.0,0.0
2017-04-10 00:00:00-04:00,54.50689673125987,55.181487054325686,54.371980725333,54.911651611328125,95100,0.0,0.0
2017-04-11 00:00:00-04:00,54.68678191593478,55.541263580322266,54.416946503797526,55.541263580322266,83300,0.0,0.0
2017-04-12 00:00:00-04:00,55.18147589092553,55.18147589092553,53.60743212220638,53.74235153198242,97200,0.0,0.0
2017-04-13 00:00:00-04:00,53.74235944978207,54.057166877448864,52.797933735638054,52.97782516479492,93800,0.0,0.0
2017-04-17 00:00:00-04:00,53.112746929296904,53.562473835440215,52.977830916140306,53.51750183105469,104100,0.0,0.0
2017-04-18 00:00:00-04:00,52.97782692095994,53.60744179716467,52.75296348484575,52.797935485839844,198500,0.0,0.0
2017-04-19 00:00:00-04:00,52.88788347622524,54.14712018588413,52.88788347622524,53.51750183105469,225000,0.0,0.0
2017-04-20 00:00:00-04:00,53.832302460922556,55.406346432658815,53.74235846356648,55.316402435302734,235100,0.0,0.0
2017-04-21 00:00:00-04:00,55.13651457462294,55.99099632933146,54.50689625898805,55.721160888671875,270200,0.0,0.0
2017-04-24 00:00:00-04:00,56.80049963968934,56.87245414783648,56.17088139547076,56.71055221557617,168500,0.0,0.0
2017-04-25 00:00:00-04:00,57.115314036865385,57.74492892700239,56.80050659179688,56.800506591796875,167400,0.0,0.0
2017-04-26 00:00:00-04:00,56.80050145190547,58.01476255145527,56.755526022842254,57.65497970581055,253000,0.0,0.0
2017-04-27 00:00:00-04:00,58.82427117939426,62.06230300731873,58.82427117939426,60.03853225708008,405800,0.0,0.0
2017-04-28 00:00:00-04:00,60.35334186994942,60.35334186994942,56.53066364669712,57.56503677368164,304200,0.0,0.0
2017-05-01 00:00:00-04:00,57.78990634095435,58.059745224426486,56.66558909696692,57.340179443359375,215900,0.0,0.0
2017-05-02 00:00:00-04:00,57.25023343813855,58.014767764908505,57.070341999150386,57.92482376098633,144500,0.0,0.0
2017-05-03 00:00:00-04:00,57.430123989152655,57.699962875156054,56.93542508338638,57.29520797729492,164200,0.0,0.0
2017-05-04 00:00:00-04:00,57.38515144689009,57.61001832683151,56.96241049632869,57.340179443359375,146100,0.0,0.0
2017-05-05 00:00:00-04:00,57.47509277618019,57.789900198578835,56.80050250148861,57.56503677368164,117800,0.0,0.0
2017-05-08 00:00:00-04:00,57.47508762160809,57.56503161104304,56.33278111383926,56.57563400268555,198000,0.0,0.0
2017-05-09 00:00:00-04:00,56.66558255499857,56.66558255499857,55.58623743915085,56.125911712646484,166000,0.0,0.0
2017-05-10 00:00:00-04:00,56.12590666919013,56.665577463047576,55.901043266558986,56.62060546875,140000,0.0,0.0
2017-05-11 00:00:00-04:00,56.430851012989585,56.83747912666349,55.39169066104777,56.29530715942383,85800,0.29,0.0
2017-05-12 00:00:00-04:00,56.29531348427814,56.29531348427814,55.30133660319918,55.52724075317383,67600,0.0,0.0
2017-05-15 00:00:00-04:00,55.61758917003662,56.02421724265404,55.12060083551445,55.79831314086914,136900,0.0,0.0
2017-05-16 00:00:00-04:00,56.02423147794018,56.02423147794018,55.16579498363147,55.61760330200195,145300,0.0,0.0
2017-05-17 00:00:00-04:00,55.617601250895135,55.617601250895135,53.31337960158722,53.539283752441406,162600,0.0,0.0
2017-05-18 00:00:00-04:00,53.44891427964826,54.12662661566903,52.87059685741104,53.90072250366211,253100,0.0,0.0
2017-05-19 00:00:00-04:00,53.991088829203846,54.75916151742075,53.991088829203846,54.12663269042969,245900,0.0,0.0
2017-05-22 00:00:00-04:00,54.53325671433852,55.43687325275025,54.39771630179089,55.391693115234375,123300,0.0,0.0
2017-05-23 00:00:00-04:00,55.43687438964844,55.75314225279268,54.80434555740717,55.43687438964844,113300,0.0,0.0
2017-05-24 00:00:00-04:00,55.662773080640704,55.979040912828815,55.1657847123717,55.933860778808594,146000,0.0,0.0
2017-05-25 00:00:00-04:00,56.204949378614344,56.313382398057165,55.16578898063144,55.391693115234375,98300,0.0,0.0
2017-05-26 00:00:00-04:00,55.346510245107126,55.88867876257638,55.030245851087294,55.70795822143555,90700,0.0,0.0
2017-05-30 00:00:00-04:00,55.527231982819345,55.75313609711314,55.07542375423176,55.482051849365234,97400,0.0,0.0
2017-05-31 00:00:00-04:00,55.34650493729935,55.93385698074929,54.53324879206451,55.79831314086914,178100,0.0,0.0
2017-06-01 00:00:00-04:00,56.02423170459418,57.56038068267332,55.43687950952676,57.19893264770508,270800,0.0,0.0
2017-06-02 00:00:00-04:00,57.37965230378458,58.283268875497726,56.97302415710893,57.7411003112793,203100,0.0,0.0
2017-06-05 00:00:00-04:00,57.74109354443011,58.23807846420081,57.06338119506837,57.06338119506836,103200,0.0,0.0
2017-06-06 00:00:00-04:00,56.79229761110084,56.79229761110084,55.43687281420561,55.662776947021484,126600,0.0,0.0
2017-06-07 00:00:00-04:00,55.75313931663989,56.15976743525456,54.66879881600859,54.759159088134766,142600,0.0,0.0
2017-06-08 00:00:00-04:00,54.668813911054286,55.05736939312621,54.171825383085945,55.0302619934082,327000,0.0,0.0
2017-06-09 00:00:00-04:00,55.3916922093257,56.61157658444494,55.21096821519431,56.06940460205078,231300,0.0,0.0
2017-06-12 00:00:00-04:00,56.06940551904317,56.74711792285197,55.30133284020262,55.391693115234375,152000,0.0,0.0
2017-06-13 00:00:00-04:00,55.48205639838759,56.15976879683521,55.25615226557172,55.662776947021484,131100,0.0,0.0
2017-06-14 00:00:00-04:00,55.662782201095204,55.662782201095204,54.44290114755293,54.713985443115234,124000,0.0,0.0
2017-06-15 00:00:00-04:00,53.85554780738634,54.89470827284224,53.72000738603802,54.80434799194336,126200,0.0,0.0
2017-06-16 00:00:00-04:00,54.35252494993096,54.89469338230509,54.12662086193794,54.397705078125,333000,0.0,0.0
2017-06-19 00:00:00-04:00,54.75915451965361,54.93987849585184,54.126625773494496,54.578433990478516,195200,0.0,0.0
2017-06-20 00:00:00-04:00,54.171809899986144,54.397714025134526,53.26819339939263,53.448917388916016,110500,0.0,0.0
2017-06-21 00:00:00-04:00,53.403740275509655,53.403740275509655,52.22903937184141,52.27421951293945,118000,0.0,0.0
2017-06-22 00:00:00-04:00,52.04831221114962,52.90674862816651,51.596503933459005,52.72602462768555,139500,0.0,0.0
2017-06-23 00:00:00-04:00,52.7712070750751,53.08747148382892,52.36457894451766,52.680843353271484,712400,0.0,0.0
2017-06-26 00:00:00-04:00,52.7712141863229,53.40374308906773,52.59049016538552,53.08747863769531,141500,0.0,0.0
2017-06-27 00:00:00-04:00,53.22301971111747,53.448923863631514,52.27421951293945,52.27421951293945,164700,0.0,0.0
2017-06-28 00:00:00-04:00,52.59048373323734,53.17783242066738,52.59048373323734,53.132652282714844,134800,0.0,0.0
2017-06-29 00:00:00-04:00,53.223017357449265,53.26819749654932,52.09349664482957,52.319400787353516,118300,0.0,0.0
2017-06-30 00:00:00-04:00,52.45493456959392,53.765179119903785,52.36457430282354,53.358551025390625,171900,0.0,0.0
2017-07-03 00:00:00-04:00,53.62963481163524,54.21698688166253,53.539274545641746,53.90072250366211,61000,0.0,0.0
2017-07-05 00:00:00-04:00,53.94590151330864,53.94590151330864,52.906741240906605,53.71999740600586,79400,0.0,0.0
2017-07-06 00:00:00-04:00,53.44891896334574,53.85554364297194,52.99711069974019,53.22301483154297,139800,0.0,0.0
2017-07-07 00:00:00-04:00,53.49409443530143,53.8103588134358,52.95192249804126,53.76517868041992,86200,0.0,0.0
2017-07-10 00:00:00-04:00,53.313379146001054,54.081451873532245,53.087474997077315,53.810367584228516,130100,0.0,0.0
2017-07-11 00:00:00-04:00,53.629640868346684,54.08144914338591,53.17783259330746,53.9910888671875,157800,0.0,0.0
2017-07-12 00:00:00-04:00,54.397714025134526,54.80434213980629,52.906745420345864,53.448917388916016,225500,0.0,0.0
2017-07-13 00:00:00-04:00,53.58446104470244,53.58446104470244,51.95795193442093,52.72602462768555,219000,0.0,0.0
2017-07-14 00:00:00-04:00,52.77121633657626,52.95193691785341,52.09350381571453,52.45494842529297,360300,0.0,0.0
2017-07-17 00:00:00-04:00,52.4549345461223,53.49409484863281,52.183850298909235,53.49409484863281,279700,0.0,0.0
2017-07-18 00:00:00-04:00,53.177831531479534,53.177831531479534,51.86759031764687,51.957950592041016,214500,0.0,0.0
2017-07-19 00:00:00-04:00,52.31939861937639,52.31939861937639,51.415782086724114,51.82240676879883,226800,0.0,0.0
2017-07-20 00:00:00-04:00,51.86758498127965,52.319393200813366,51.64168087151279,52.04830551147461,120500,0.0,0.0
2017-07-21 00:00:00-04:00,52.45493445872707,52.45493445872707,51.09950977789679,51.3705940246582,127600,0.0,0.0
2017-07-24 00:00:00-04:00,51.32541006648905,51.6868579999172,51.099505969852196,51.506134033203125,145900,0.0,0.0
2017-07-25 00:00:00-04:00,51.91277422105734,52.5453065287764,51.37060219428796,52.09349822998047,144600,0.0,0.0
2017-07-26 00:00:00-04:00,52.183854495876325,52.183854495876325,51.14469410978973,51.23505783081055,94500,0.0,0.0
2017-07-27 00:00:00-04:00,51.50614209982598,51.64168595784545,51.14469410978973,51.23505783081055,204000,0.0,0.0
2017-07-28 00:00:00-04:00,51.00916290283203,51.37060751106346,50.60253470242558,51.00916290283203,157400,0.0,0.0
2017-07-31 00:00:00-04:00,51.09951668725023,51.23506055246993,50.73807212503717,51.05433654785156,125800,0.0,0.0
2017-08-01 00:00:00-04:00,51.325427365912546,51.325427365912546,50.6928949927274,51.00916290283203,120300,0.0,0.0
2017-08-02 00:00:00-04:00,51.00914964036632,51.144690040578325,50.2410735844054,50.376617431640625,156500,0.0,0.0
2017-08-03 00:00:00-04:00,50.15071418068626,50.64770255072984,49.63565306756539,49.69890594482422,233100,0.0,0.0
2017-08-04 00:00:00-04:00,49.92481895855495,50.64771157533739,49.56337092665178,50.60253143310547,373500,0.0,0.0
2017-08-07 00:00:00-04:00,50.64769744873047,51.23504947499349,50.5121570598395,50.64769744873047,236200,0.0,0.0
2017-08-08 00:00:00-04:00,50.69289171756931,51.144700033936324,50.28626699045812,50.60253143310547,143000,0.0,0.0
2017-08-09 00:00:00-04:00,50.33145417429235,50.448925318149215,49.92482594326809,50.15073013305664,226700,0.0,0.0
2017-08-10 00:00:00-04:00,49.96999942732912,50.24108372951602,49.42783082295532,49.60855484008789,366300,0.0,0.0
2017-08-11 00:00:00-04:00,49.59946147423108,51.32545149469743,49.099833878410344,50.37161636352539,409600,0.29,0.0
2017-08-14 00:00:00-04:00,51.007504512517265,52.05217970126943,50.73497723557226,52.00675964355469,309500,0.0,0.0
2017-08-15 00:00:00-04:00,52.18845365508032,52.18845365508032,51.143774794513284,51.32545852661133,237600,0.0,0.0
2017-08-16 00:00:00-04:00,51.461711829329346,51.9159193354476,50.87124068524432,51.14376449584961,285000,0.0,0.0
2017-08-17 00:00:00-04:00,51.00750368429606,51.41628766241949,50.00824510415556,50.05366516113281,336700,0.0,0.0
2017-08-18 00:00:00-04:00,49.59946590262998,50.09909700838787,49.37236211467778,49.41778564453125,409700,0.0,0.0
2017-08-21 00:00:00-04:00,49.37235405657154,49.91740513789583,49.099830248573504,49.190673828125,252700,0.0,0.0
2017-08-22 00:00:00-04:00,49.41777998124463,50.00824768305537,49.37235645659669,49.690303802490234,194700,0.0,0.0
2017-08-23 00:00:00-04:00,49.4177841785912,50.053671993731214,49.05441674251516,49.91741180419922,201400,0.0,0.0
2017-08-24 00:00:00-04:00,50.09910126947439,50.417045213518094,49.871997462206295,50.18994140625,142500,0.0,0.0
2017-08-25 00:00:00-04:00,50.507882693937844,51.00751381591389,50.371622495940755,50.87125015258789,245000,0.0,0.0
2017-08-28 00:00:00-04:00,51.052927348673386,51.280031114934985,50.53513103882321,50.68955993652344,182200,0.0,0.0
2017-08-29 00:00:00-04:00,50.32619640557274,51.09834783111147,50.18993275855838,50.916664123535156,159400,0.0,0.0
2017-08-30 00:00:00-04:00,50.96207636217166,51.77965118811519,50.87123625499036,51.552547454833984,116000,0.0,0.0
2017-08-31 00:00:00-04:00,51.73423539920814,51.87049557121262,51.23460783786855,51.77965545654297,181100,0.0,0.0
2017-09-01 00:00:00-04:00,51.91592038534501,52.733491833694686,51.55255298697071,52.460968017578125,127500,0.0,0.0
2017-09-05 00:00:00-04:00,52.37012815711543,52.64265197456659,51.59797329812074,51.825077056884766,141600,0.0,0.0
2017-09-06 00:00:00-04:00,52.188443952006196,53.3239627348378,52.00676025368748,53.096858978271484,312400,0.0,0.0
2017-09-07 00:00:00-04:00,53.14227616131227,53.14227616131227,51.87049380721798,52.37012481689453,150200,0.0,0.0
2017-09-08 00:00:00-04:00,52.233865831819806,52.915177125278326,51.96134200750208,52.824337005615234,110600,0.0,0.0
2017-09-11 00:00:00-04:00,53.14227873798654,53.460222609261976,52.86975492470355,53.41480255126953,97000,0.0,0.0
2017-09-12 00:00:00-04:00,53.55106624149399,53.869010113071745,53.414802602058785,53.732749938964844,108600,0.0,0.0
2017-09-13 00:00:00-04:00,53.68733900754127,54.23239022779126,53.59649887016416,54.096126556396484,94400,0.0,0.0
2017-09-14 00:00:00-04:00,53.869014739990234,54.09611851500311,53.68733102691421,53.869014739990234,162000,0.0,0.0
2017-09-15 00:00:00-04:00,53.95986219811692,54.94094877454566,53.64191481110489,54.73201370239258,327700,0.0,0.0
2017-09-18 00:00:00-04:00,54.82284550794786,55.549580302004436,54.504901634544346,55.14079284667969,235600,0.0,0.0
2017-09-19 00:00:00-04:00,55.14079365611821,55.322477357299384,54.732006194792675,55.27705383300781,119500,0.0,0.0
2017-09-20 00:00:00-04:00,55.413315255301335,55.86752275739397,55.27705161854225,55.640419006347656,161700,0.0,0.0
2017-09-21 00:00:00-04:00,55.73126336092998,55.95836712925541,55.549583118532425,55.86752700805664,134900,0.0,0.0
2017-09-22 00:00:00-04:00,55.91294295747082,56.503414097831985,55.73125926310367,56.18546676635742,136500,0.0,0.0
2017-09-25 00:00:00-04:00,56.23089760459245,57.27557291879152,56.23089760459245,56.82136535644531,191500,0.0,0.0
2017-09-26 00:00:00-04:00,56.95762564146309,57.548093358381756,56.63967828743443,57.36641311645508,139300,0.0,0.0
2017-09-27 00:00:00-04:00,57.593511869320345,59.45575844421576,57.348239405681895,58.72903060913086,253900,0.0,0.0
2017-09-28 00:00:00-04:00,58.59277193197689,58.95613934559341,58.00230075118216,58.865299224853516,137500,0.0,0.0
2017-09-29 00:00:00-04:00,58.910724994226385,60.000827404840635,58.72904472445303,59.77372360229492,241000,0.0,0.0
2017-10-02 00:00:00-04:00,60.000817609835465,60.72754550095016,59.09240254794943,60.68212890625,206800,0.0,0.0
2017-10-03 00:00:00-04:00,60.818379453634606,60.90922649513626,60.30058319809369,60.40959548950195,218000,0.0,0.0
2017-10-04 00:00:00-04:00,60.273333627368174,60.45502078504913,59.72828601563812,59.81912612915039,253100,0.0,0.0
2017-10-05 00:00:00-04:00,59.81913677829564,60.00082396832099,59.36492919921875,59.36492919921875,139500,0.0,0.0
2017-10-06 00:00:00-04:00,59.50118551987868,59.81912939988408,59.04697799682618,59.04697799682617,179700,0.0,0.0
2017-10-09 00:00:00-04:00,58.63820804596212,59.319519493758776,57.95689313283624,58.36568069458008,190700,0.0,0.0
2017-10-10 00:00:00-04:00,58.72903969646295,58.774456294689,57.86604462760734,57.91146469116211,152800,0.0,0.0
2017-10-11 00:00:00-04:00,58.819873204383555,58.819873204383555,57.36641054222124,57.729774475097656,216000,0.0,0.0
2017-10-12 00:00:00-04:00,57.59351429976712,58.18398545551775,57.548090775995284,57.729774475097656,207500,0.0,0.0
2017-10-13 00:00:00-04:00,58.002298291087044,58.18398545551775,57.41183060066475,57.729774475097656,117600,0.0,0.0
2017-10-16 00:00:00-04:00,58.22940974999037,59.18324843009939,57.72978211037489,58.0477294921875,105000,0.0,0.0
2017-10-17 00:00:00-04:00,58.27482716720927,58.59277105034332,57.866039699373744,58.093143463134766,130300,0.0,0.0
2017-10-18 00:00:00-04:00,58.36566222442914,59.50118094474877,58.36566222442914,59.137813568115234,158000,0.0,0.0
2017-10-19 00:00:00-04:00,58.68360112368723,59.09239198687039,58.27481719115974,59.00154495239258,164600,0.0,0.0
2017-10-20 00:00:00-04:00,59.501179912275326,59.95538739252171,59.36491628207019,59.63744354248047,167100,0.0,0.0
2017-10-23 00:00:00-04:00,59.63745921090686,59.63745921090686,58.81988414553235,59.228668212890625,200600,0.0,0.0
2017-10-24 00:00:00-04:00,59.54659748237872,60.72753265462087,58.865286330089056,59.90995788574219,258100,0.0,0.0
2017-10-25 00:00:00-04:00,60.63670432750996,63.63447675191923,58.45650683072656,59.04697799682617,229900,0.0,0.0
2017-10-26 00:00:00-04:00,59.45577201268033,59.59203567868574,59.00156441310093,59.228668212890625,240500,0.0,0.0
2017-10-27 00:00:00-04:00,59.36492144740339,59.36492144740339,57.91145877028063,58.81987380981445,143900,0.0,0.0
2017-10-30 00:00:00-04:00,58.411084521704225,58.411084521704225,56.957618510950525,57.593509674072266,201400,0.0,0.0
2017-10-31 00:00:00-04:00,58.138565383789704,58.320245628351216,57.72977790286922,57.820621490478516,322400,0.0,0.0
2017-11-01 00:00:00-04:00,58.456510832008384,58.456510832008384,56.73052420546406,57.86604309082031,282100,0.0,0.0
2017-11-02 00:00:00-04:00,57.63894539893787,57.956889334272866,57.18473779684274,57.502681732177734,218200,0.0,0.0
2017-11-03 00:00:00-04:00,57.54809872160257,57.54809872160257,56.95763094965499,57.09389114379883,185200,0.0,0.0
2017-11-06 00:00:00-05:00,57.18473198860902,57.275572113669845,56.59426077972771,56.68510437011719,178400,0.0,0.0
2017-11-07 00:00:00-05:00,56.63967426961117,56.75776919074905,55.86752290021109,56.18546676635742,186800,0.0,0.0
2017-11-08 00:00:00-05:00,55.86753122430098,56.39441366993675,55.28614608796411,56.094635009765625,298700,0.0,0.0
2017-11-09 00:00:00-05:00,55.77668759325443,56.36715531918157,55.140796340824124,55.458740234375,293300,0.0,0.0
2017-11-10 00:00:00-05:00,55.36789868335183,56.36715386472356,54.95911121267123,55.95836639404297,177400,0.0,0.0
2017-11-13 00:00:00-05:00,55.68584554978202,56.003792917478336,55.322481584980196,55.5041618347168,80800,0.0,0.0
2017-11-14 00:00:00-05:00,55.31248618744157,55.495036347773514,54.85611252753907,55.266849517822266,89100,0.29,0.0
2017-11-15 00:00:00-05:00,54.947379460282576,55.038652783095614,54.4453692211027,54.582279205322266,420700,0.0,0.0
2017-11-16 00:00:00-05:00,54.94738989275131,56.3165108860166,54.49101622832955,56.13396072387695,140500,0.0,0.0
2017-11-17 00:00:00-05:00,55.768857346207604,56.72724477450461,55.58631067591727,56.362144470214844,185600,0.0,0.0
2017-11-20 00:00:00-05:00,56.45341996814575,56.68160679660528,55.79624426984349,56.042686462402344,178100,0.0,0.0
2017-11-21 00:00:00-05:00,56.270860492714185,56.95542082239755,56.270860492714185,56.5903205871582,217400,0.0,0.0
2017-11-22 00:00:00-05:00,56.68159839976848,57.001062001399156,56.22522481045681,56.31650161743164,71400,0.0,0.0
2017-11-24 00:00:00-05:00,56.63597799786549,56.63597799786549,55.7688672328478,56.40779113769531,55400,0.0,0.0
2017-11-27 00:00:00-05:00,56.31651233858477,56.68160919042626,55.997048676136785,56.08832550048828,131300,0.0,0.0
2017-11-28 00:00:00-05:00,56.27087709159451,57.13798431282444,56.17960026493273,57.04671096801758,376700,0.0,0.0
2017-11-29 00:00:00-05:00,57.046704860860785,58.23327562559578,56.54469455445612,58.005088806152344,133500,0.0,0.0
2017-11-30 00:00:00-05:00,58.37019348144531,58.55274364704247,57.77690631371827,58.37019348144531,244900,0.0,0.0
2017-12-01 00:00:00-05:00,58.46146667139145,58.59837319383373,56.59033194264297,58.2332763671875,184300,0.0,0.0
2017-12-04 00:00:00-05:00,59.05474853515624,59.876222511956485,58.55274168979065,59.05474853515625,483100,0.0,0.0
2017-12-05 00:00:00-05:00,59.41984435889471,59.96749131409428,58.05072348904133,58.461463928222656,293900,0.0,0.0
2017-12-06 00:00:00-05:00,58.370179986546795,58.689643572947105,57.7768929559848,58.050716400146484,184400,0.0,0.0
2017-12-07 00:00:00-05:00,57.9138169141088,58.46146738353116,57.731266757634685,57.95945358276367,206700,0.0,0.0
2017-12-08 00:00:00-05:00,58.23326652353895,58.41581664693141,57.63998297483095,58.050716400146484,174400,0.0,0.0
2017-12-11 00:00:00-05:00,58.1876348811077,58.351929658143874,57.2748876672864,57.63998794555664,118200,0.0,0.0
2017-12-12 00:00:00-05:00,57.8225446427069,58.09637163988198,57.046710768990586,57.183624267578125,165400,0.0,0.0
2017-12-13 00:00:00-05:00,57.001066853807586,57.91381411013163,56.90979003906251,56.9097900390625,158700,0.0,0.0
2017-12-14 00:00:00-05:00,57.04669805587966,57.13797138002741,55.7688506266863,55.95140075683594,173300,0.0,0.0
2017-12-15 00:00:00-05:00,56.22522697865019,58.1876348811077,56.22522697865019,57.63998794555664,662300,0.0,0.0
2017-12-18 00:00:00-05:00,58.09637234712631,58.735292730033066,57.457448482364605,57.913822174072266,245400,0.0,0.0
2017-12-19 00:00:00-05:00,58.005088766757076,58.278912253532326,57.411805125719795,57.50307846069336,137500,0.0,0.0
2017-12-20 00:00:00-05:00,57.95945213863456,58.278912293113564,57.548715167265456,58.005088806152344,83500,0.0,0.0
2017-12-21 00:00:00-05:00,58.050729297361244,58.844821988265075,57.77690579236379,58.507102966308594,87000,0.0,0.0
2017-12-22 00:00:00-05:00,58.50709229041593,59.0091060201385,58.18763217318715,58.73527908325195,99900,0.0,0.0
2017-12-26 00:00:00-05:00,58.46146531111755,59.28293228149414,58.27891167926018,59.28293228149414,100700,0.0,0.0
2017-12-27 00:00:00-05:00,59.282934116996,60.42386823752101,58.68965394529038,60.2413215637207,223400,0.0,0.0
2017-12-28 00:00:00-05:00,60.652054271857686,62.20372883379243,60.19568062959026,62.15808868408203,235900,0.0,0.0
2017-12-29 00:00:00-05:00,62.11245549808078,62.933922483194834,62.11245549808078,62.15808868408203,215800,0.0,0.0
2018-01-02 00:00:00-05:00,62.43191584201854,63.11647630747114,61.51916855474841,62.021175384521484,197500,0.0,0.0
2018-01-03 00:00:00-05:00,61.929904393032416,63.527212206224824,61.701717562576356,63.34466552734375,337600,0.0,0.0
2018-01-04 00:00:00-05:00,63.572854925075234,64.12050194754363,63.070841092315206,63.755401611328125,148600,0.0,0.0
2018-01-05 00:00:00-05:00,63.892307847363135,64.53122814035319,63.5728477008681,64.25740814208984,280100,0.0,0.0
2018-01-08 00:00:00-05:00,64.16613424104122,64.32129960172044,63.43593365805489,63.89230728149414,298100,0.0,0.0
2018-01-09 00:00:00-05:00,65.03325918988148,65.35271942122996,64.25742520983206,64.43997192382812,534500,0.0,0.0
2018-01-10 00:00:00-05:00,64.21178930595299,64.30306266900136,62.687502555540476,63.299041748046875,367200,0.0,0.0
2018-01-11 00:00:00-05:00,63.572853820264825,64.89633468187228,63.25339364301919,64.80506134033203,263400,0.0,0.0
2018-01-12 00:00:00-05:00,64.6681467748883,64.80506026678538,63.73714756466524,64.07485961914062,248200,0.0,0.0
2018-01-16 00:00:00-05:00,64.4855836290349,65.21577712652203,63.9835699415,64.1204833984375,303800,0.0,0.0
2018-01-17 00:00:00-05:00,64.62250786448047,64.62250786448047,63.66412046977452,63.89230728149414,229900,0.0,0.0
2018-01-18 00:00:00-05:00,64.02922643098125,64.39432675480363,63.801039599055954,64.07485961914062,144800,0.0,0.0
2018-01-19 00:00:00-05:00,64.30304354643971,65.48961780433643,64.30304354643971,64.94197082519531,231600,0.0,0.0
2018-01-22 00:00:00-05:00,64.94199058209477,64.94199058209477,63.57286923586808,64.53125,249700,0.0,0.0
2018-01-23 00:00:00-05:00,64.43997663632715,65.0058826330369,64.25742990898144,64.53125,191200,0.0,0.0
2018-01-24 00:00:00-05:00,65.12452988402771,65.8547306375766,64.39433609418931,65.03325653076172,217800,0.0,0.0
2018-01-25 00:00:00-05:00,67.9083996452724,67.9083996452724,64.48559731399565,66.95001220703125,518200,0.0,0.0
2018-01-26 00:00:00-05:00,67.58892515950564,68.7754922045927,67.26945810534019,68.18220520019531,352900,0.0,0.0
2018-01-29 00:00:00-05:00,68.18223347563932,68.72988753063288,67.81714005725773,68.27351379394531,344200,0.0,0.0
2018-01-30 00:00:00-05:00,67.58891460974398,68.22783469093227,67.04126086734647,68.0452880859375,212300,0.0,0.0
2018-01-31 00:00:00-05:00,68.27349664472612,68.501683455753,66.63054881984905,67.31510925292969,281000,0.0,0.0
2018-02-01 00:00:00-05:00,67.08692328862061,68.63859083770377,66.58490951254193,68.54731750488281,360100,0.0,0.0
2018-02-02 00:00:00-05:00,68.45604594581978,68.54731928100571,67.13256517635091,67.72584533691406,412600,0.0,0.0
2018-02-05 00:00:00-05:00,67.04126348670466,67.54327711561429,63.846649028533726,63.98356246948242,347800,0.0,0.0
2018-02-06 00:00:00-05:00,62.52319550772437,64.39433042154167,62.203735317580154,63.20775604248047,521700,0.0,0.0
2018-02-07 00:00:00-05:00,63.116455616318774,64.43993596350684,62.70571529347267,63.98356246948242,261600,0.0,0.0
2018-02-08 00:00:00-05:00,64.16612883828387,64.48558895505117,62.29499435424805,62.29499435424805,525100,0.0,0.0
2018-02-09 00:00:00-05:00,63.070841092315206,64.3486887872146,61.83863355083389,63.755401611328125,340100,0.0,0.0
2018-02-12 00:00:00-05:00,64.16612981315119,64.34867646444641,63.025195833285125,63.52720260620117,567600,0.0,0.0
2018-02-13 00:00:00-05:00,63.29902285620666,64.1204968058923,63.14385748896303,63.937950134277344,202700,0.0,0.0
2018-02-14 00:00:00-05:00,63.52544744861086,65.35879361458912,63.20460627463618,64.76295471191406,335000,0.3,0.0
2018-02-15 00:00:00-05:00,65.2671152874158,66.04629293813242,64.80877878401076,65.9087905883789,365400,0.0,0.0
2018-02-16 00:00:00-05:00,65.63379693464427,66.32130180545478,65.45046509989261,66.13796997070312,328600,0.0,0.0
2018-02-20 00:00:00-05:00,65.81712755122824,66.82546650387695,65.45045693381225,65.58795928955078,280600,0.0,0.0
2018-02-21 00:00:00-05:00,65.90880387297754,68.0629844744466,65.63379911804046,66.27547454833984,266200,0.0,0.0
2018-02-22 00:00:00-05:00,66.82546615082363,67.90714061997289,66.57796051306983,67.1004638671875,283500,0.0,0.0
2018-02-23 00:00:00-05:00,67.6962890625,67.83379138972445,66.50461854509206,67.6962890625,175400,0.0,0.0
2018-02-26 00:00:00-05:00,67.92546521730803,67.92546521730803,66.5504557716392,67.19213104248047,204400,0.0,0.0
2018-02-27 00:00:00-05:00,67.32963863476793,67.5404765319844,66.0004653930664,66.0004653930664,204200,0.0,0.0
2018-02-28 00:00:00-05:00,66.32130041761634,66.41296633307397,64.5337905883789,64.5337905883789,246200,0.0,0.0
2018-03-01 00:00:00-05:00,64.39628773841305,64.62545602217965,62.92961212103905,63.25044631958008,225900,0.0,0.0
2018-03-02 00:00:00-05:00,62.92961717703192,64.99213189664115,62.51711003691313,64.85462951660156,205700,0.0,0.0
2018-03-05 00:00:00-05:00,64.533807083573,65.03797324428811,63.70879964625582,64.62547302246094,146800,0.0,0.0
2018-03-06 00:00:00-05:00,65.0379567424974,66.13796871104012,64.67129307997756,66.04630279541016,205900,0.0,0.0
2018-03-07 00:00:00-05:00,65.35880188055582,66.96297997866814,65.31296542314514,66.82547760009766,173600,0.0,0.0
2018-03-08 00:00:00-05:00,66.96295608011933,67.41212382906114,66.04628320835127,66.77961730957031,163600,0.0,0.0
2018-03-09 00:00:00-05:00,67.32962865930105,68.93380639993194,66.77962626124531,68.33797454833984,222300,0.0,0.0
2018-03-12 00:00:00-04:00,68.3837954058115,69.11713650680909,67.92545896610277,68.29212951660156,240400,0.0,0.0
2018-03-13 00:00:00-04:00,68.75046522271172,69.11713576929799,67.60462413566653,67.74212646484375,225300,0.0,0.0
2018-03-14 00:00:00-04:00,68.06297880802202,68.20048117404313,67.10046923953516,67.42131042480469,117200,0.0,0.0
2018-03-15 00:00:00-04:00,67.83379608934553,68.12713114403957,66.77962083246842,67.0087890625,110000,0.0,0.0
2018-03-16 00:00:00-04:00,66.96296881122704,68.0171372192533,66.87129591169403,67.6046371459961,362100,0.0,0.0
2018-03-19 00:00:00-04:00,67.51298230833758,67.87965298560134,66.77964095381007,67.83381652832031,156600,0.0,0.0
2018-03-20 00:00:00-04:00,67.92547548513663,68.20048021330486,67.32963656987931,67.37547302246094,107500,0.0,0.0
2018-03-21 00:00:00-04:00,67.46714585105656,68.42965550466623,67.421316387437,67.83381652832031,117600,0.0,0.0
2018-03-22 00:00:00-04:00,67.14630455375581,67.83380937853829,65.77129490419084,65.86296081542969,172400,0.0,0.0
2018-03-23 00:00:00-04:00,66.09211974386623,66.09211974386623,64.25877380371094,64.25877380371094,146100,0.0,0.0
2018-03-26 00:00:00-04:00,65.31296054522196,66.18379722169387,64.7629580656786,66.0004653930664,119900,0.0,0.0
2018-03-27 00:00:00-04:00,66.27546118983496,66.62379441470519,65.63378588887186,65.9087905883789,325400,0.0,0.0
2018-03-28 00:00:00-04:00,65.77129780162466,66.18379791720179,65.31296123157848,65.54212951660156,104600,0.0,0.0
2018-03-29 00:00:00-04:00,66.04630677974681,67.42131657812881,66.04630677974681,66.82547760009766,209600,0.0,0.0
2018-04-02 00:00:00-04:00,66.6421274058456,66.6421274058456,63.250439945369614,64.07544708251953,178300,0.0,0.0
2018-04-03 00:00:00-04:00,64.48795883438316,65.12963427668075,63.98379276578673,64.85462951660156,164300,0.0,0.0
2018-04-04 00:00:00-04:00,63.89210979301707,65.9087947309502,63.68127890464899,65.67962646484375,94100,0.0,0.0
2018-04-05 00:00:00-04:00,66.18378203565446,67.10045495578075,65.86294791234214,67.0087890625,100400,0.0,0.0
2018-04-06 00:00:00-04:00,66.41296787602472,66.91714091324654,64.57962154963441,65.12963104248047,110600,0.0,0.0
2018-04-09 00:00:00-04:00,65.81713918321717,66.183802871774,64.80879305870117,64.85462951660156,187000,0.0,0.0
2018-04-10 00:00:00-04:00,65.72546191044773,66.36713731020839,65.3587982461972,66.09213256835938,265000,0.0,0.0
2018-04-11 00:00:00-04:00,65.49628831427526,65.81712948497848,64.62545169177933,65.2212905883789,106700,0.0,0.0
2018-04-12 00:00:00-04:00,65.4046242655747,66.32129736528468,65.08379007940836,65.86296081542969,71700,0.0,0.0
2018-04-13 00:00:00-04:00,66.32130547155322,66.32130547155322,65.17546395686273,65.35880279541016,150400,0.0,0.0
2018-04-16 00:00:00-04:00,65.86297256112856,67.37548484411663,65.77130663354242,67.14631652832031,212000,0.0,0.0
2018-04-17 00:00:00-04:00,67.55880262135108,67.92547324895055,67.19213898741211,67.23796844482422,158700,0.0,0.0
2018-04-18 00:00:00-04:00,67.60462785931395,68.01712787590704,66.85295634455677,67.0087890625,164500,0.0,0.0
2018-04-19 00:00:00-04:00,67.10045495578075,68.01712787590704,66.59628904590691,67.0087890625,113000,0.0,0.0
2018-04-20 00:00:00-04:00,67.05464185466185,67.05464185466185,65.81713450950473,66.04630279541016,126100,0.0,0.0
2018-04-23 00:00:00-04:00,66.13797194363374,66.50464261773624,65.63379889253514,65.77130126953125,102000,0.0,0.0
2018-04-24 00:00:00-04:00,66.18380969855582,66.55048041859588,63.98379936564009,64.80879974365234,247300,0.0,0.0
2018-04-25 00:00:00-04:00,64.80878350904356,65.72545658268582,64.12127870381187,65.2212905883789,130900,0.0,0.0
2018-04-26 00:00:00-04:00,67.37547785688935,67.78797798507927,58.71291921561093,60.86709976196289,533000,0.0,0.0
2018-04-27 00:00:00-04:00,60.867094792666684,60.95876070326276,58.712914422185776,59.308746337890625,502100,0.0,0.0
2018-04-30 00:00:00-04:00,59.53791208068416,59.58374853086436,57.70456946887237,58.62124252319336,682700,0.0,0.0
2018-05-01 00:00:00-04:00,58.43791597768862,59.49209154699882,57.24624152770582,59.21708679199219,546200,0.0,0.0
2018-05-02 00:00:00-04:00,59.17125630751363,59.99625657097411,59.07958339498575,59.62959289550781,230100,0.0,0.0
2018-05-03 00:00:00-04:00,59.58375108413813,59.62958753628251,58.30040735436302,59.033748626708984,155600,0.0,0.0
2018-05-04 00:00:00-04:00,58.896239351886955,60.6837488771651,58.896239351886955,60.59208297729492,176000,0.0,0.0
2018-05-07 00:00:00-04:00,60.637923838307266,62.10459932397913,60.637923838307266,61.875431060791016,220000,0.0,0.0
2018-05-08 00:00:00-04:00,61.87541976963009,62.92959498665932,61.87541976963009,62.883758544921875,339600,0.0,0.0
2018-05-09 00:00:00-04:00,63.0212608764751,63.433760877475656,62.19625388081487,62.883758544921875,262500,0.0,0.0
2018-05-10 00:00:00-04:00,63.20459164348568,63.47959630218618,62.51708699039341,62.562923431396484,126200,0.0,0.0
2018-05-11 00:00:00-04:00,62.56293547266146,64.25877921128358,62.56293547266146,64.12127685546875,215900,0.0,0.0
2018-05-14 00:00:00-04:00,64.62761765259911,64.62761765259911,63.4768409349689,63.56890869140625,182900,0.3,0.0
2018-05-15 00:00:00-04:00,63.15462477569382,64.35143536996802,62.970503310628715,64.21334075927734,317400,0.0,0.0
2018-05-16 00:00:00-04:00,64.58160362890199,66.17427498920702,64.58160362890199,65.64031982421875,283800,0.0,0.0
2018-05-17 00:00:00-04:00,65.59428665642474,66.19269207980179,64.90382048109396,65.45619201660156,189600,0.0,0.0
2018-05-18 00:00:00-04:00,65.73236658020019,66.32156368933789,65.54823809372992,65.68633270263672,245000,0.0,0.0
2018-05-21 00:00:00-04:00,66.0085442556264,66.79107797793557,65.96251740499729,66.19267272949219,155100,0.0,0.0
2018-05-22 00:00:00-04:00,66.23870568157288,66.23870568157288,63.753030757577925,63.79906463623047,278400,0.0,0.0
2018-05-23 00:00:00-04:00,63.70699691772461,63.983186142240584,62.924470146641006,63.70699691772461,211700,0.0,0.0
2018-05-24 00:00:00-04:00,63.70699687892538,64.07524683679449,63.108598599144784,63.79906463623047,136800,0.0,0.0
2018-05-25 00:00:00-04:00,63.6149361841472,64.02922002092116,63.24668622605381,63.70699691772461,180200,0.0,0.0
2018-05-29 00:00:00-04:00,63.33877361576253,64.1673274985597,63.24670582986424,63.61495590209961,216700,0.0,0.0
2018-05-30 00:00:00-04:00,63.84509385522973,64.94984376974503,63.84509385522973,64.71968841552734,235100,0.0,0.0
2018-05-31 00:00:00-04:00,64.58159071319123,64.74730284126329,63.706996194672804,64.21334075927734,186100,0.0,0.0
2018-06-01 00:00:00-04:00,64.90383233020323,65.31810930151974,64.12130526005735,64.48955535888672,521200,0.0,0.0
2018-06-04 00:00:00-04:00,64.81175205802708,65.96252888070588,64.81175205802708,65.87046813964844,212200,0.0,0.0
2018-06-05 00:00:00-04:00,66.00854870005466,66.17426082579989,65.08792734008857,66.10061645507812,194700,0.0,0.0
2018-06-06 00:00:00-04:00,66.19268153828807,66.69901910528945,65.77839768479528,66.65299224853516,141400,0.0,0.0
2018-06-07 00:00:00-04:00,66.74507193548982,67.34347743346177,66.51491651502262,66.97522735595703,250100,0.0,0.0
2018-06-08 00:00:00-04:00,66.88315394105251,67.11330931798402,66.33078244117384,66.83712005615234,220800,0.0,0.0
2018-06-11 00:00:00-04:00,66.88314045904671,68.17201171481516,66.88314045904671,67.94185638427734,149800,0.0,0.0
2018-06-12 00:00:00-04:00,67.94185955632936,68.12598101984253,67.38948111822268,68.03392028808594,99800,0.0,0.0
2018-06-13 00:00:00-04:00,68.12598230393075,68.31010377091437,67.57361087919617,68.07994842529297,162700,0.0,0.0
2018-06-14 00:00:00-04:00,68.3561431821061,68.90851465154806,68.12598781785658,68.86248779296875,99300,0.0,0.0
2018-06-15 00:00:00-04:00,68.8624800931175,69.55294610866166,68.12598020035699,69.50691223144531,267800,0.0,0.0
2018-06-18 00:00:00-04:00,69.46087835422895,70.0132567856911,69.18469616228141,69.50691223144531,165600,0.0,0.0
2018-06-19 00:00:00-04:00,68.90852020963713,70.04088778354543,68.86249334734534,69.46089172363281,230200,0.0,0.0
2018-06-20 00:00:00-04:00,69.69103618514572,70.15134687863753,69.36882010445821,69.7831039428711,242800,0.0,0.0
2018-06-21 00:00:00-04:00,69.69105128463528,69.78311906230836,68.26409203991132,68.49424743652344,180400,0.0,0.0
2018-06-22 00:00:00-04:00,68.90851465154806,69.09264315721826,68.40217706446973,68.86248779296875,195100,0.0,0.0
2018-06-25 00:00:00-04:00,68.49424157957306,68.5586848041625,66.51490393320518,66.83712005615234,179100,0.0,0.0
2018-06-26 00:00:00-04:00,66.83711617117262,67.25140003983945,66.42283932629007,67.15933227539062,190700,0.0,0.0
2018-06-27 00:00:00-04:00,67.02123271511232,67.61963093452874,65.50220618200079,65.54823303222656,250900,0.0,0.0
2018-06-28 00:00:00-04:00,65.59429863158837,65.59429863158837,64.21336602881809,64.48955535888672,186300,0.0,0.0
2018-06-29 00:00:00-04:00,64.62762323292094,65.41015708750491,64.5355624923182,64.58159637451172,203500,0.0,0.0
2018-07-02 00:00:00-04:00,64.12129485612182,65.2720718383789,63.614950174414595,65.2720718383789,291100,0.0,0.0
2018-07-03 00:00:00-04:00,65.4101473895073,65.75998096144355,64.85776898022038,64.94983673095703,62700,0.0,0.0
2018-07-05 00:00:00-04:00,65.2260320321154,66.00855890430047,64.6736605355015,65.96253204345703,83300,0.0,0.0
2018-07-06 00:00:00-04:00,65.87043892105721,66.51487084638865,65.62186730429995,65.91646575927734,71100,0.0,0.0
2018-07-09 00:00:00-04:00,66.23871410662049,66.88315337080502,66.23871410662049,66.60696411132812,125800,0.0,0.0
2018-07-10 00:00:00-04:00,67.06727211321754,67.75773820983362,66.88315063030034,67.38948822021484,167500,0.0,0.0
2018-07-11 00:00:00-04:00,66.88315077672617,67.57361687485385,66.37680616191878,66.74505615234375,122200,0.0,0.0
2018-07-12 00:00:00-04:00,67.15933878687343,67.15933878687343,66.0545957442193,66.69902801513672,94700,0.0,0.0
2018-07-13 00:00:00-04:00,66.92917748913746,67.75773820983362,66.74505600622025,67.38948822021484,115700,0.0,0.0
2018-07-16 00:00:00-04:00,67.3894883677492,67.89583298255658,66.60696152796135,66.74505615234375,73200,0.0,0.0
2018-07-17 00:00:00-04:00,66.60696711033367,67.48156178886637,66.60696711033367,67.11331176757812,70500,0.0,0.0
2018-07-18 00:00:00-04:00,67.1133245958072,68.31012861402328,66.7450745041306,68.12600708007812,79900,0.0,0.0
2018-07-19 00:00:00-04:00,67.84980404393757,69.64502024415464,67.84980404393757,69.46089172363281,141700,0.0,0.0
2018-07-20 00:00:00-04:00,69.27676764547293,70.47357840102153,69.09264615559681,69.59898376464844,130400,0.0,0.0
2018-07-23 00:00:00-04:00,69.46087523153092,69.6450037083351,68.72438239566387,69.00056457519531,87100,0.0,0.0
2018-07-24 00:00:00-04:00,69.41484972044812,69.73706578134785,67.89582312045417,68.17201232910156,177600,0.0,0.0
2018-07-25 00:00:00-04:00,68.1259925732956,68.54026944834902,67.20537105203485,67.71171569824219,161400,0.0,0.0
2018-07-26 00:00:00-04:00,67.71170726126036,68.95454475534596,67.66567338141928,68.77041625976562,129300,0.0,0.0
2018-07-27 00:00:00-04:00,68.81645871424116,69.0005802089794,67.63806429083297,67.71171569824219,81300,0.0,0.0
2018-07-30 00:00:00-04:00,67.66567688472199,68.21804835249348,66.97521079406157,67.15933227539062,151800,0.0,0.0
2018-07-31 00:00:00-04:00,67.5275924999036,69.36883568748807,67.48156563448521,68.72440338134766,143000,0.0,0.0
2018-08-01 00:00:00-04:00,68.77042590964167,69.04661517987513,66.19268982386394,66.4688720703125,301000,0.0,0.0
2018-08-02 00:00:00-04:00,66.00855816495775,66.88315279660294,65.59428130308369,66.3768081665039,277600,0.0,0.0
2018-08-03 00:00:00-04:00,66.46885490461622,66.88313870297691,65.73236208050237,66.19267272949219,170500,0.0,0.0
2018-08-06 00:00:00-04:00,66.19268892739858,67.34346583147789,66.19268892739858,67.29743194580078,163300,0.0,0.0
2018-08-07 00:00:00-04:00,67.80377067181944,68.31010825112509,67.25139921085683,67.9878921508789,147900,0.0,0.0
2018-08-08 00:00:00-04:00,67.61963325505451,68.63232232773701,67.61963325505451,68.58628845214844,137600,0.0,0.0
2018-08-09 00:00:00-04:00,68.67835107182347,69.13866174525899,68.26407427524488,68.63232421875,190700,0.0,0.0
2018-08-10 00:00:00-04:00,71.0259528864552,71.0259528864552,64.53556825003298,66.4688720703125,374800,0.0,0.0
2018-08-13 00:00:00-04:00,66.83711974278677,69.6450181377002,66.19268749991384,67.89583587646484,402400,0.0,0.0
2018-08-14 00:00:00-04:00,68.31179357706066,71.0849380493164,68.31179357706066,71.0849380493164,412800,0.3,0.0
2018-08-15 00:00:00-04:00,70.76141099939996,70.85384774459266,69.09752137604501,70.57653045654297,300500,0.0,0.0
2018-08-16 00:00:00-04:00,70.992518684687,71.22361411393081,70.57654268056446,70.62276458740234,281400,0.0,0.0
2018-08-17 00:00:00-04:00,70.57654268056446,71.08495544588996,70.53032782619938,70.62276458740234,183800,0.0,0.0
2018-08-20 00:00:00-04:00,70.80764250099647,71.66731783319574,70.43788838078123,71.31605529785156,206400,0.0,0.0
2018-08-21 00:00:00-04:00,71.54712933818901,72.93370158484977,71.54712933818901,72.37907409667969,243900,0.0,0.0
2018-08-22 00:00:00-04:00,72.14799039700898,72.33286390549097,71.68579957333172,72.10176849365234,85800,0.0,0.0
2018-08-23 00:00:00-04:00,72.00934383035545,72.14800251123498,70.85386657714844,70.85386657714844,84700,0.0,0.0
2018-08-24 00:00:00-04:00,71.17737277131087,71.362246243235,70.57652340885109,71.22359466552734,84100,0.0,0.0
2018-08-27 00:00:00-04:00,71.54714819529212,72.19421259328688,71.03873541652982,71.13117218017578,96800,0.0,0.0
2018-08-28 00:00:00-04:00,71.40848952358668,71.48244175549264,70.76142512559193,71.13117218017578,151800,0.0,0.0
2018-08-29 00:00:00-04:00,71.22360226280088,71.73200789105827,70.62275283624973,71.54713439941406,69100,0.0,0.0
2018-08-30 00:00:00-04:00,71.54713952378336,71.96310843601128,70.9000681517406,71.03872680664062,100300,0.0,0.0
2018-08-31 00:00:00-04:00,70.8076187749917,71.362246243235,70.8076187749917,71.22359466552734,120600,0.0,0.0
2018-09-04 00:00:00-04:00,71.03873353905207,71.03873353905207,69.69838287042711,70.62276458740234,250500,0.0,0.0
2018-09-05 00:00:00-04:00,70.57652540841441,71.40847016058535,69.9571915022037,71.0849380493164,137300,0.0,0.0
2018-09-06 00:00:00-04:00,71.0849488207734,71.22360747589127,69.46728096683339,70.39166259765625,207800,0.0,0.0
2018-09-07 00:00:00-04:00,70.34543004246336,70.85384268341404,69.6983658198635,70.76140594482422,178900,0.0,0.0
2018-09-10 00:00:00-04:00,71.13115188049062,72.05553335809269,70.8538416686926,71.63956451416016,255400,0.0,0.0
2018-09-11 00:00:00-04:00,71.3160485040719,72.47152561187451,71.08495308251138,72.05554962158203,235500,0.0,0.0
2018-09-12 00:00:00-04:00,72.05555760580276,73.02616130489514,71.63958862189081,72.70262908935547,170700,0.0,0.0
2018-09-13 00:00:00-04:00,72.88748324172367,73.5345545531882,72.65638785601594,73.30345916748047,152700,0.0,0.0
2018-09-14 00:00:00-04:00,73.25724483555135,74.27406322719074,73.25724483555135,73.62699890136719,127800,0.0,0.0
2018-09-17 00:00:00-04:00,73.5345545531882,73.99674532460367,72.61017301035729,73.30345916748047,183000,0.0,0.0
2018-09-18 00:00:00-04:00,73.48835727713939,74.41273912968202,72.79507088773241,74.13542175292969,121900,0.0,0.0
2018-09-19 00:00:00-04:00,74.04296676576425,75.05978514295877,73.58077595317836,73.85809326171875,170400,0.0,0.0
2018-09-20 00:00:00-04:00,74.41273737958876,75.05980184016093,73.99676837671718,74.92115020751953,124200,0.0,0.0
2018-09-21 00:00:00-04:00,75.61442217894836,76.12282785757348,74.96735078914502,75.0135726928711,384300,0.0,0.0
2018-09-24 00:00:00-04:00,75.15222954128453,75.15222954128453,72.84127546009462,72.97992706298828,122500,0.0,0.0
2018-09-25 00:00:00-04:00,73.07237637421287,73.8858297331954,72.53623329438514,73.44212341308594,263400,0.0,0.0
2018-09-26 00:00:00-04:00,73.48835073362193,73.71944617618048,72.00934131174179,72.28665161132812,176400,0.0,0.0
2018-09-27 00:00:00-04:00,72.3328496115476,73.0723576042834,72.3328496115476,72.5177230834961,114700,0.0,0.0
2018-09-28 00:00:00-04:00,72.33287048339844,73.39591088502284,72.2404337207513,72.33287048339844,180900,0.0,0.0
2018-10-01 00:00:00-04:00,72.83202261328644,72.8412684034077,71.36225229275195,71.69503021240234,125900,0.0,0.0
2018-10-02 00:00:00-04:00,71.56562644654389,72.36059523858536,70.47485580531064,71.95386505126953,97300,0.0,0.0
2018-10-03 00:00:00-04:00,72.1572275863841,72.84127506851901,71.8521870091857,72.40681457519531,86800,0.0,0.0
2018-10-04 00:00:00-04:00,72.14799727396142,72.14799727396142,70.77990920238646,71.12193298339844,129300,0.0,0.0
2018-10-05 00:00:00-04:00,71.2975377104827,71.51014854412024,69.62440956598506,70.23450469970703,216400,0.0,0.0
2018-10-08 00:00:00-04:00,70.04963374399098,70.72443538834061,69.40256947061872,70.50257873535156,127900,0.0,0.0
2018-10-09 00:00:00-04:00,70.52107700305547,71.1219264867167,70.12359261101547,70.32695770263672,260300,0.0,0.0
2018-10-10 00:00:00-04:00,69.99416964261617,69.99416964261617,67.50758110342633,67.7201919555664,238700,0.0,0.0
2018-10-11 00:00:00-04:00,67.3781667019367,68.21935724876619,65.76049908339185,65.76974487304688,132600,0.0,0.0
2018-10-12 00:00:00-04:00,67.08237900307405,67.08237900307405,64.22604296437798,65.27059173583984,202800,0.0,0.0
2018-10-15 00:00:00-04:00,65.11344187298066,66.79581609544546,64.75293361477192,66.167236328125,192400,0.0,0.0
2018-10-16 00:00:00-04:00,65.79748513799674,67.59078776877551,64.77142095775449,67.48910522460938,259500,0.0,0.0
2018-10-17 00:00:00-04:00,67.29499016801843,67.29499016801843,66.26892592311728,66.56472778320312,159500,0.0,0.0
2018-10-18 00:00:00-04:00,66.06555023321818,66.2411849837815,64.5865411698393,65.32604217529297,164000,0.0,0.0
2018-10-19 00:00:00-04:00,65.19662525834963,65.80672042597232,64.15207671518871,64.4756088256836,125600,0.0,0.0
2018-10-22 00:00:00-04:00,64.7344497834831,65.63110116726246,63.99494864970181,64.5588150024414,139700,0.0,0.0
2018-10-23 00:00:00-04:00,63.44030603936344,64.77141778694104,62.39575738062216,64.06888580322266,132100,0.0,0.0
2018-10-24 00:00:00-04:00,64.16133282238742,64.37393664955616,61.20330735190334,61.31423568725586,156100,0.0,0.0
2018-10-25 00:00:00-04:00,61.78565072366115,62.6268412009932,61.30497548837894,62.33103942871094,161500,0.0,0.0
2018-10-26 00:00:00-04:00,61.62852121625919,62.06298170819396,60.27892489071056,61.59154510498047,167200,0.0,0.0
2018-10-29 00:00:00-04:00,62.49743058107719,63.35710561418472,60.44530262769336,61.268001556396484,139700,0.0,0.0
2018-10-30 00:00:00-04:00,61.194057362407236,62.7285341600474,60.42682601605888,62.64533615112305,198300,0.0,0.0
2018-10-31 00:00:00-04:00,62.016761783616964,65.3075652676413,59.12344974539633,60.75960922241211,330700,0.0,0.0
2018-11-01 00:00:00-04:00,60.99994315091842,62.89492835571553,60.62095034144239,62.21088790893555,289800,0.0,0.0
2018-11-02 00:00:00-04:00,62.37727817633418,63.42182692423675,61.20330950639503,61.785667419433594,136300,0.0,0.0
2018-11-05 00:00:00-05:00,62.0814738147917,62.830220680215916,61.08313995924463,61.91508483886719,214400,0.0,0.0
2018-11-06 00:00:00-05:00,61.859609210538785,62.59911724256294,61.62851383209015,62.11843490600586,184300,0.0,0.0
2018-11-07 00:00:00-05:00,62.830218820888255,65.08571219390235,62.33105190788651,64.64200592041016,173100,0.0,0.0
2018-11-08 00:00:00-05:00,64.5403170548862,64.5403170548862,63.4495465857687,63.726863861083984,119400,0.0,0.0
2018-11-09 00:00:00-05:00,63.40331948415382,63.856271466816466,61.36968314035791,62.38650131225586,94300,0.0,0.0
2018-11-12 00:00:00-05:00,62.5344128994696,62.78399281341132,60.90749940636522,61.09237289428711,126600,0.0,0.0
2018-11-13 00:00:00-05:00,61.28650158969113,62.275589598429534,60.362120009469365,60.51001739501953,128300,0.0,0.0
2018-11-14 00:00:00-05:00,61.262211371620715,61.577944691796795,60.11998423434698,60.77931594848633,144100,0.3,0.0
2018-11-15 00:00:00-05:00,60.28713578250332,61.940109151678385,59.72995478282892,61.55008316040039,123500,0.0,0.0
2018-11-16 00:00:00-05:00,61.06718910441371,61.72652071857076,60.314988094931316,61.355064392089844,233200,0.0,0.0
2018-11-19 00:00:00-05:00,61.27151126450767,61.550098290355415,60.333585315452396,60.64931869506836,127000,0.0,0.0
2018-11-20 00:00:00-05:00,60.036414241501745,60.890759019051586,58.32772114393122,60.01783752441406,174300,0.0,0.0
2018-11-21 00:00:00-05:00,60.06427430274922,61.38293786376512,60.06427430274922,60.46358871459961,81500,0.0,0.0
2018-11-23 00:00:00-05:00,59.739251339435974,60.3985831061204,59.49780360862674,59.64638900756836,35800,0.0,0.0
2018-11-26 00:00:00-05:00,60.259288777786026,60.63074520691549,59.51637591952709,60.12928009033203,104000,0.0,0.0
2018-11-27 00:00:00-05:00,59.683534612762905,60.15714176602511,58.89419408062092,59.09849548339844,92600,0.0,0.0
2018-11-28 00:00:00-05:00,59.079916281380385,61.03005714112687,58.29057582973811,60.807186126708984,198200,0.0,0.0
2018-11-29 00:00:00-05:00,60.575027582481866,61.03934633508885,59.63710171843202,59.82282638549805,87500,0.0,0.0
2018-11-30 00:00:00-05:00,59.82283003761275,61.048631335931276,59.61852864040261,60.57503128051758,169900,0.0,0.0
2018-12-03 00:00:00-05:00,61.28079532875601,61.92155756177577,60.17572136485445,60.73290252685547,106700,0.0,0.0
2018-12-04 00:00:00-05:00,60.51001385481281,60.69573849307112,57.05547819518783,57.213348388671875,130100,0.0,0.0
2018-12-06 00:00:00-05:00,56.12684674294534,56.53544949205951,54.79889489326581,56.13613510131836,142100,0.0,0.0
2018-12-07 00:00:00-05:00,56.321855900357605,57.343355553966454,54.882465194176525,55.38393020629883,177400,0.0,0.0
2018-12-10 00:00:00-05:00,55.476812252161,55.58824777321205,54.037421126003075,54.51102828979492,169300,0.0,0.0
2018-12-11 00:00:00-05:00,55.32822680669537,55.86683474241602,53.517382879716706,54.26957702636719,91700,0.0,0.0
2018-12-12 00:00:00-05:00,55.1610662022348,56.154707994935016,54.204567215428696,55.1053466796875,119300,0.0,0.0
2018-12-13 00:00:00-05:00,55.16106906404662,55.551095114700374,53.76811281033303,54.17671203613281,117500,0.0,0.0
2018-12-14 00:00:00-05:00,53.443087906434734,54.54816880874674,52.765182950316685,53.034488677978516,135300,0.0,0.0
2018-12-17 00:00:00-05:00,52.92305892889704,53.3780893738094,51.33508592422965,51.68796920776367,257700,0.0,0.0
2018-12-18 00:00:00-05:00,51.94797444213743,53.14591752821667,51.790107785856094,52.05012512207031,157900,0.0,0.0
2018-12-19 00:00:00-05:00,52.16156277350218,53.57309209303181,50.70360229093928,50.842899322509766,176700,0.0,0.0
2018-12-20 00:00:00-05:00,50.70360683545962,51.474377672284,50.09070621806293,50.87076187133789,218600,0.0,0.0
2018-12-21 00:00:00-05:00,50.870757640428934,51.242214032035825,48.79989658202663,49.18992614746094,863800,0.0,0.0
2018-12-24 00:00:00-05:00,48.66060751666568,49.17135744471389,47.74125481220209,47.80625915527344,109900,0.0,0.0
2018-12-26 00:00:00-05:00,47.94555856486146,49.54281277084659,46.95191665180211,49.42209243774414,194800,0.0,0.0
2018-12-27 00:00:00-05:00,48.27057517268889,49.79354005376521,47.00762764912196,49.75639724731445,173700,0.0,0.0
2018-12-28 00:00:00-05:00,49.942118179346046,50.573591893996884,49.01348078044428,49.50566101074219,179100,0.0,0.0
2018-12-31 00:00:00-05:00,49.83997331949895,50.11856740568302,49.032059679989665,50.09070587158203,163600,0.0,0.0
2019-01-02 00:00:00-05:00,48.038413096250316,49.86782993904357,48.038413096250316,49.54280471801758,226900,0.0,0.0
2019-01-03 00:00:00-05:00,49.21778968229074,49.26422085085529,47.91769570765689,48.22414779663086,131600,0.0,0.0
2019-01-04 00:00:00-05:00,49.09706660850519,50.33215625874056,49.09706660850519,49.923553466796875,203300,0.0,0.0
2019-01-07 00:00:00-05:00,49.8028319833201,50.99148689427584,49.74711245594239,50.647891998291016,166000,0.0,0.0
2019-01-08 00:00:00-05:00,50.96362780500797,52.282291375660975,50.96362780500797,51.89226531982422,207600,0.0,0.0
2019-01-09 00:00:00-05:00,51.65081500868451,52.765180679434906,51.502233155415844,52.319435119628906,135100,0.0,0.0
2019-01-10 00:00:00-05:00,51.929414670924075,53.294513123288645,51.40009150418504,53.145931243896484,141500,0.0,0.0
2019-01-11 00:00:00-05:00,52.755894892489984,54.334575725988145,52.755894892489984,53.82382583618164,202900,0.0,0.0
2019-01-14 00:00:00-05:00,53.48951955412453,54.25100203455172,52.89519211012974,53.563812255859375,137600,0.0,0.0
2019-01-15 00:00:00-05:00,55.17036222599383,55.801836106597925,53.675255054047994,54.58531951904297,199500,0.0,0.0
2019-01-16 00:00:00-05:00,54.761755737414354,55.253932489867836,54.5017348226994,54.854618072509766,189200,0.0,0.0
2019-01-17 00:00:00-05:00,54.52958897618791,57.148346147083934,54.52958897618791,56.646881103515625,217200,0.0,0.0
2019-01-18 00:00:00-05:00,56.869760335906086,58.262716543708635,56.79546763777062,57.826255798339844,199300,0.0,0.0
2019-01-22 00:00:00-05:00,57.24121724920669,57.66838966629723,56.64688979195532,57.32479476928711,267400,0.0,0.0
2019-01-23 00:00:00-05:00,57.56623659569132,57.6776720968539,55.73681970112476,56.108272552490234,257700,0.0,0.0
2019-01-24 00:00:00-05:00,52.28228716654708,53.57309264142685,50.954335343872174,51.372222900390625,537800,0.0,0.0
2019-01-25 00:00:00-05:00,51.892269260554095,55.662535589842925,51.892269260554095,54.5946044921875,612200,0.0,0.0
2019-01-28 00:00:00-05:00,54.00028035456358,55.07749987868736,53.99099199435004,54.58531951904297,276200,0.0,0.0
2019-01-29 00:00:00-05:00,54.789608001708984,55.83896928244705,54.33457410538059,54.789608001708984,344300,0.0,0.0
2019-01-30 00:00:00-05:00,54.99391210348055,54.99391210348055,53.340934998105894,54.24171447753906,341000,0.0,0.0
2019-01-31 00:00:00-05:00,54.037410568579865,55.031052331460614,53.55451868174062,54.798892974853516,251600,0.0,0.0
2019-02-01 00:00:00-05:00,54.91962804418558,55.188933803022344,53.693826674446754,53.75883102416992,278300,0.0,0.0
2019-02-04 00:00:00-05:00,53.721676082097744,54.668886724118494,53.721676082097744,54.3624382019043,368800,0.0,0.0
2019-02-05 00:00:00-05:00,54.38101487812643,54.48316203046155,53.61024403002253,53.842403411865234,186200,0.0,0.0
2019-02-06 00:00:00-05:00,53.52666912477058,53.740255341399575,53.18307421475621,53.28522491455078,122700,0.0,0.0
2019-02-07 00:00:00-05:00,52.92305504048513,53.13664124990015,51.72511176194465,51.94798278808594,225400,0.0,0.0
2019-02-08 00:00:00-05:00,51.539386597479364,52.20800680044289,51.36294672946235,52.180145263671875,195900,0.0,0.0
2019-02-11 00:00:00-05:00,52.430870035985855,52.700175749037356,51.938693316766106,52.30086135864258,234900,0.0,0.0
2019-02-12 00:00:00-05:00,52.85804188195374,53.8423988529087,52.64445569383979,53.81454086303711,250300,0.0,0.0
2019-02-13 00:00:00-05:00,54.01883990758451,54.43672747740902,53.72167620070281,54.1117057800293,173300,0.0,0.0
2019-02-14 00:00:00-05:00,53.77560068217553,54.737215433278685,53.58888269066104,53.96232223510742,187300,0.31,0.0
2019-02-15 00:00:00-05:00,54.52248959492287,54.78389764512711,53.784941383083655,54.08369445800781,429200,0.0,0.0
2019-02-19 00:00:00-05:00,53.98100188916067,55.42808788337684,53.81295282542792,55.18535232543945,321700,0.0,0.0
2019-02-20 00:00:00-05:00,55.15734628673396,56.529742249000954,55.14800824891114,56.483062744140625,248200,0.0,0.0
2019-02-21 00:00:00-05:00,56.24966538105468,56.28701041198164,55.736183670772675,56.118961334228516,216100,0.0,0.0
2019-02-22 00:00:00-05:00,56.548422866125456,56.71647195683697,55.96958908779605,56.14697265625,150100,0.0,0.0
2019-02-25 00:00:00-05:00,56.44571602580788,56.69778961820859,56.22165298461914,56.22165298461914,274100,0.0,0.0
2019-02-26 00:00:00-05:00,56.18431358975133,56.18431358975133,55.37207875153452,55.59614181518555,184300,0.0,0.0
2019-02-27 00:00:00-05:00,55.353405002911195,55.59614057669553,54.643863673846624,54.998634338378906,134400,0.0,0.0
2019-02-28 00:00:00-05:00,54.8866027290729,55.12000382566387,54.270423976529464,54.27975845336914,173500,0.0,0.0
2019-03-01 00:00:00-05:00,54.93327322652944,55.03597026201307,53.90630999452812,54.9239387512207,164200,0.0,0.0
2019-03-04 00:00:00-05:00,54.989299995638156,55.381412129957965,54.29843118001329,54.46648025512695,179200,0.0,0.0
2019-03-05 00:00:00-05:00,54.52249780063755,54.541166754389636,53.91565352256952,54.46648025512695,141800,0.0,0.0
2019-03-06 00:00:00-05:00,54.447804334081475,54.447804334081475,53.094077340975836,53.2341194152832,124200,0.0,0.0
2019-03-07 00:00:00-05:00,53.29013896524019,53.29013896524019,52.24449951022645,52.440555572509766,105900,0.0,0.0
2019-03-08 00:00:00-05:00,52.97271556357873,53.495531751632235,52.41255078312661,53.2527961730957,131600,0.0,0.0
2019-03-11 00:00:00-04:00,53.32747715852328,54.20506748871262,53.11274859472017,54.07435989379883,101000,0.0,0.0
2019-03-12 00:00:00-04:00,54.07436426166162,54.65320154449639,53.99034328598551,54.270423889160156,103400,0.0,0.0
2019-03-13 00:00:00-04:00,54.466485059151225,55.26938547519615,54.25175645788174,54.87726974487305,181200,0.0,0.0
2019-03-14 00:00:00-04:00,54.74656064655108,54.74656064655108,54.102374902070515,54.27975845336914,118800,0.0,0.0
2019-03-15 00:00:00-04:00,54.970618049760546,55.0826495601436,54.07435528244362,54.20506286621094,366500,0.0,0.0
2019-03-18 00:00:00-04:00,54.26107963917111,54.86792384442709,54.1023686213945,54.6905403137207,148100,0.0,0.0
2019-03-19 00:00:00-04:00,55.007970123229356,55.3067268109097,54.13972129850496,54.34511184692383,242500,0.0,0.0
2019-03-20 00:00:00-04:00,54.345109959227166,54.97996122083702,53.49553011816369,54.25175094604492,205800,0.0,0.0
2019-03-21 00:00:00-04:00,54.130375522463815,55.64281345315115,54.130375522463815,55.4094123840332,135000,0.0,0.0
2019-03-22 00:00:00-04:00,55.01730062183982,55.34406069596482,52.34719180555771,52.39387130737305,157700,0.0,0.0
2019-03-25 00:00:00-04:00,52.40322051821711,53.08475136200928,52.22583338751087,52.91670227050781,192200,0.0,0.0
2019-03-26 00:00:00-04:00,53.41150220516297,54.307761496157816,53.327477674043585,53.56087875366211,141000,0.0,0.0
2019-03-27 00:00:00-04:00,53.39283935905485,54.16773279317582,53.06607921299088,53.84096908569336,116900,0.0,0.0
2019-03-28 00:00:00-04:00,54.139713502825536,54.59717760342289,53.383492757566366,54.513153076171875,106700,0.0,0.0
2019-03-29 00:00:00-04:00,55.04530984519347,55.642816040087745,55.00796481765812,55.52145004272461,218300,0.0,0.0
2019-04-01 00:00:00-04:00,56.12829560197897,56.70713289493406,55.55879634742988,55.9322395324707,164700,0.0,0.0
2019-04-02 00:00:00-04:00,56.03492679025135,56.03492679025135,54.643854908654276,54.76522445678711,237600,0.0,0.0
2019-04-03 00:00:00-04:00,55.39074377412624,55.73617636135401,54.998628123652864,55.41875076293945,103300,0.0,0.0
2019-04-04 00:00:00-04:00,55.62415193201746,56.36169670227495,55.62415193201746,55.9322395324707,94600,0.0,0.0
2019-04-05 00:00:00-04:00,56.17496450006988,56.94052324095541,55.894883944896755,56.85649871826172,119700,0.0,0.0
2019-04-08 00:00:00-04:00,56.72579317789613,56.77247623995395,55.876213445140905,56.427040100097656,119000,0.0,0.0
2019-04-09 00:00:00-04:00,56.118958573752515,56.118958573752515,55.194688691574946,55.27871322631836,139400,0.0,0.0
2019-04-10 00:00:00-04:00,55.21336110593798,56.772482234143965,55.17601607691577,56.520408630371094,148100,0.0,0.0
2019-04-11 00:00:00-04:00,56.87517232032977,57.51002353006707,56.87517232032977,57.08056640625,87300,0.0,0.0
2019-04-12 00:00:00-04:00,57.59404674272422,57.84612032565772,56.92185408298588,57.724754333496094,208900,0.0,0.0
2019-04-15 00:00:00-04:00,57.7247625645821,58.21023372528829,57.556713485330654,57.76210403442383,122800,0.0,0.0
2019-04-16 00:00:00-04:00,58.07952284188931,58.07952284188931,57.19259804164886,57.444671630859375,161700,0.0,0.0
2019-04-17 00:00:00-04:00,57.84612583093125,58.42496310375643,57.49135873503998,58.340938568115234,203600,0.0,0.0
2019-04-18 00:00:00-04:00,58.25691813074479,59.01313544329612,58.098203524960326,58.5369987487793,109100,0.0,0.0
2019-04-22 00:00:00-04:00,58.39694386326641,58.57433094624035,57.79943772600525,58.47163391113281,150300,0.0,0.0
2019-04-23 00:00:00-04:00,58.63968495004531,59.610630675379575,58.396945847648524,59.2745361328125,117400,0.0,0.0
2019-04-24 00:00:00-04:00,59.106494775738824,59.862715608154794,58.86375564174047,59.283878326416016,154600,0.0,0.0
2019-04-25 00:00:00-04:00,58.95711101776591,59.3118780758004,57.49135260020392,57.51935958862305,213500,0.0,0.0
2019-04-26 00:00:00-04:00,57.08057124987765,57.08057124987765,53.514202801535106,55.33473205566406,344400,0.0,0.0
2019-04-29 00:00:00-04:00,55.1480067975637,56.84716637197156,55.00796472525031,56.05360412597656,203800,0.0,0.0
2019-04-30 00:00:00-04:00,56.34302086455544,56.64177397040454,55.68950067139674,55.960243225097656,287000,0.0,0.0
2019-05-01 00:00:00-04:00,56.36169523150152,56.36169523150152,55.23203479028815,55.50278091430664,379800,0.0,0.0
2019-05-02 00:00:00-04:00,55.57745886535744,55.57745886535744,53.971662005941795,54.9239387512207,175500,0.0,0.0
2019-05-03 00:00:00-04:00,55.43742699564547,56.34302078840627,55.38140945284274,56.30567932128906,147600,0.0,0.0
2019-05-06 00:00:00-04:00,55.25070667157112,56.02559644350881,55.25070667157112,56.006927490234375,116900,0.0,0.0
2019-05-07 00:00:00-04:00,55.23203383179073,55.57746644802289,53.962331331521376,54.391788482666016,93700,0.0,0.0
2019-05-08 00:00:00-04:00,54.62519056043994,54.70921509687157,53.75694176587053,53.89698028564453,134200,0.0,0.0
2019-05-09 00:00:00-04:00,53.46752411133798,53.62623514895479,52.6646237620766,53.40217208862305,91900,0.0,0.0
2019-05-10 00:00:00-04:00,53.20611357911614,53.374159085945124,52.04844261579474,53.11275100708008,90700,0.0,0.0
2019-05-13 00:00:00-04:00,51.9457464617724,51.9457464617724,50.732061495747615,51.0028076171875,190900,0.0,0.0
2019-05-14 00:00:00-04:00,51.20937708035454,51.82907235889791,50.66479453588818,51.425331115722656,114100,0.31,0.0
2019-05-15 00:00:00-04:00,50.899522736226366,51.472272052958864,50.514560609171475,51.28448486328125,80500,0.0,0.0
2019-05-16 00:00:00-04:00,51.537995780797864,52.27036186284251,51.41593357320954,51.80089569091797,278900,0.0,0.0
2019-05-17 00:00:00-04:00,51.537999343197406,52.035632373677075,51.17181627686385,51.67884063720703,194900,0.0,0.0
2019-05-20 00:00:00-04:00,51.1624257627893,52.3830371118265,51.08730945491368,52.3736457824707,187800,0.0,0.0
2019-05-21 00:00:00-04:00,52.749213821101364,53.275017167832864,52.63654295456685,53.068450927734375,132800,0.0,0.0
2019-05-22 00:00:00-04:00,52.94639250271134,53.021508806910745,51.67883531415784,51.96990203857422,131500,0.0,0.0
2019-05-23 00:00:00-04:00,51.61310998507941,51.76333901070597,50.65539860355664,51.40654373168945,210400,0.0,0.0
2019-05-24 00:00:00-04:00,51.68823042907594,52.148308903521674,51.359605505716864,51.96052169799805,211900,0.0,0.0
2019-05-28 00:00:00-04:00,52.20463557433123,52.39242275473379,51.8008943900756,51.97929382324219,117600,0.0,0.0
2019-05-29 00:00:00-04:00,51.58494527168639,52.0919696322694,51.293878517151725,51.90418243408203,111500,0.0,0.0
2019-05-30 00:00:00-04:00,51.9980759621426,52.42059624749918,51.237539448500755,51.51921844482422,101400,0.0,0.0
2019-05-31 00:00:00-04:00,50.80562552761556,51.378374783419666,50.505167488790846,51.01219177246094,131300,0.0,0.0
2019-06-03 00:00:00-04:00,51.09670198528657,52.28914662135712,51.09670198528657,51.96052169799805,169000,0.0,0.0
2019-06-04 00:00:00-04:00,52.58960752107089,54.18579348050049,52.58960752107089,54.14823532104492,129000,0.0,0.0
2019-06-05 00:00:00-04:00,54.382961637915265,54.382961637915265,53.25624564922485,53.838382720947266,106400,0.0,0.0
2019-06-06 00:00:00-04:00,53.913491321685896,53.96982854950497,52.87127947010188,53.500362396240234,73200,0.0,0.0
2019-06-07 00:00:00-04:00,53.941664497581705,54.47685565325818,53.65998550750082,53.80082321166992,321700,0.0,0.0
2019-06-10 00:00:00-04:00,54.1294475727451,54.627080536808265,54.082498093179396,54.44868469238281,355100,0.0,0.0
2019-06-11 00:00:00-04:00,54.87120520627302,55.13410869967453,53.181127693801216,53.350135803222656,405100,0.0,0.0
2019-06-12 00:00:00-04:00,53.321974831922375,54.26090728433132,53.12479987653483,53.63182067871094,67700,0.0,0.0
2019-06-13 00:00:00-04:00,53.70693100388399,54.22334307876176,53.453418840200136,54.007389068603516,327900,0.0,0.0
2019-06-14 00:00:00-04:00,53.932272856928385,54.12945137241518,52.93700685893838,53.350135803222656,96400,0.0,0.0
2019-06-17 00:00:00-04:00,53.47220085586332,53.47220085586332,52.692885245216786,52.768001556396484,114700,0.0,0.0
2019-06-18 00:00:00-04:00,53.29380108419852,54.4580788282169,53.1060174708748,53.64120864868164,146400,0.0,0.0
2019-06-19 00:00:00-04:00,53.65998542829586,54.59891778167467,53.46280691196188,54.57074737548828,191900,0.0,0.0
2019-06-20 00:00:00-04:00,55.350066276632894,55.941594697722415,55.00266228787874,55.659912109375,220600,0.0,0.0
2019-06-21 00:00:00-04:00,55.21860720231891,55.89463599028935,54.664637028635916,54.95570373535156,268700,0.0,0.0
2019-06-24 00:00:00-04:00,55.209222634763236,55.481513881657385,54.52380243453305,54.92754364013672,229700,0.0,0.0
2019-06-25 00:00:00-04:00,55.040214804242595,56.101209390584295,54.636473596565914,55.265560150146484,216000,0.0,0.0
2019-06-26 00:00:00-04:00,55.39700858613145,55.94159106774007,54.94632148846018,55.55662536621094,271800,0.0,0.0
2019-06-27 00:00:00-04:00,55.66929507973035,57.19036435237937,55.66929507973035,57.068302154541016,212000,0.0,0.0
2019-06-28 00:00:00-04:00,57.030764171970006,58.551833886986444,57.030764171970006,57.772518157958984,332700,0.0,0.0
2019-07-01 00:00:00-04:00,58.65510371812401,59.02128675322619,56.80540588448802,57.28425979614258,287100,0.0,0.0
2019-07-02 00:00:00-04:00,57.28426651057433,57.39694098207615,56.43922946476868,57.030757904052734,107700,0.0,0.0
2019-07-03 00:00:00-04:00,57.3312113124055,57.631669381702196,56.91807878081551,57.340599060058594,54500,0.0,0.0
2019-07-05 00:00:00-04:00,57.049522308449426,57.490821615003206,56.06364415582757,57.4814338684082,107000,0.0,0.0
2019-07-08 00:00:00-04:00,57.31243124564394,57.42510212424884,56.5518947561399,56.871131896972656,116100,0.0,0.0
2019-07-09 00:00:00-04:00,56.74906701660669,56.74906701660669,55.528455740932614,56.02608871459961,158800,0.0,0.0
2019-07-10 00:00:00-04:00,55.84769525685409,56.53311543651478,55.15288732974276,55.65052032470703,93300,0.0,0.0
2019-07-11 00:00:00-04:00,55.63174173064621,56.0918201580563,54.3547931617247,54.67403030395508,183100,0.0,0.0
2019-07-12 00:00:00-04:00,54.598914221421154,55.89463820573838,54.598914221421154,55.56601333618164,159600,0.0,0.0
2019-07-15 00:00:00-04:00,55.77258696493484,55.77258696493484,54.45808014932298,55.115333557128906,115200,0.0,0.0
2019-07-16 00:00:00-04:00,55.1528901507831,55.857089443107114,54.78670351011065,55.18105697631836,113400,0.0,0.0
2019-07-17 00:00:00-04:00,55.08715156568697,55.19043468284858,53.979214842546334,54.01676940917969,101600,0.0,0.0
2019-07-18 00:00:00-04:00,53.932267757805974,54.15761307630979,53.397076655819546,53.75387191772461,80900,0.0,0.0
2019-07-19 00:00:00-04:00,53.71632228960084,54.936933705641444,53.71632228960084,53.782047271728516,177800,0.0,0.0
2019-07-22 00:00:00-04:00,53.706932367793684,54.44868980091967,53.584870156606975,54.15761947631836,96100,0.0,0.0
2019-07-23 00:00:00-04:00,54.523803697028704,56.03548542067661,54.523803697028704,55.96036911010742,115400,0.0,0.0
2019-07-24 00:00:00-04:00,55.72563756015566,57.75373143920376,55.72563756015566,57.65983963012695,120100,0.0,0.0
2019-07-25 00:00:00-04:00,57.55655185438006,57.62227683178765,56.54250678741826,56.86174392700195,130400,0.0,0.0
2019-07-26 00:00:00-04:00,56.9274637548598,57.22792179061353,56.3734935798622,56.936851501464844,155900,0.0,0.0
2019-07-29 00:00:00-04:00,56.79601332531016,57.10585910501418,56.242043155058944,56.814788818359375,183000,0.0,0.0
2019-07-30 00:00:00-04:00,56.51433057181783,57.78189125239137,56.20448479328359,57.57532501220703,182000,0.0,0.0
2019-07-31 00:00:00-04:00,58.0072442405133,58.683276734654264,56.9086950192772,57.12464904785156,310200,0.0,0.0
2019-08-01 00:00:00-04:00,57.002584111778276,57.06830909204823,55.40639834434465,55.50029373168945,166300,0.0,0.0
2019-08-02 00:00:00-04:00,54.96510872810863,55.47213313144044,54.09190122739603,54.354801177978516,157900,0.0,0.0
2019-08-05 00:00:00-04:00,53.199904764021944,53.199904764021944,51.85723126856219,52.41120147705078,267400,0.0,0.0
2019-08-06 00:00:00-04:00,52.79616428808529,53.64120481461311,52.195248172217774,52.54265213012695,188400,0.0,0.0
2019-08-07 00:00:00-04:00,51.82906832110708,52.082580494635145,51.06853180052289,51.64128112792969,244200,0.0,0.0
2019-08-08 00:00:00-04:00,52.07318921779634,53.697541814202985,52.045022392401165,53.40647506713867,212900,0.0,0.0
2019-08-09 00:00:00-04:00,53.28441630341222,53.28441630341222,51.8572385558729,51.96052169799805,177400,0.0,0.0
2019-08-12 00:00:00-04:00,51.38776295119307,51.584937869210755,50.79623461539763,50.918296813964844,166200,0.0,0.0
2019-08-13 00:00:00-04:00,50.6929547550357,51.941732809702515,50.307992668199475,50.58028030395508,395500,0.0,0.0
2019-08-14 00:00:00-04:00,47.12390084806661,52.232924667741,46.69893510285886,49.834232330322266,553100,0.31,0.0
2019-08-15 00:00:00-04:00,50.089211844733235,50.476402057004165,49.229838271035646,49.598140716552734,288900,0.0,0.0
2019-08-16 00:00:00-04:00,49.900345648109,50.551957492735625,49.862570108644746,50.240318298339844,164000,0.0,0.0
2019-08-19 00:00:00-04:00,50.91081167248171,51.31688966576452,50.53306352908779,50.86359405517578,280300,0.0,0.0
2019-08-20 00:00:00-04:00,50.70305423139234,50.8352686147799,50.296976202885986,50.5614013671875,344200,0.0,0.0
2019-08-21 00:00:00-04:00,51.071361643559,51.071361643559,50.58029044285474,50.835269927978516,163700,0.0,0.0
2019-08-22 00:00:00-04:00,50.948591723536026,51.165795664375416,50.29697629854424,50.32530975341797,217800,0.0,0.0
2019-08-23 00:00:00-04:00,50.06088486483375,50.14587802497671,48.41768857203478,48.502681732177734,191600,0.0,0.0
2019-08-26 00:00:00-04:00,49.10707562298357,49.10707562298357,47.94550484342906,48.09660339355469,352200,0.0,0.0
2019-08-27 00:00:00-04:00,48.57822604884793,48.823763429955655,47.577199563869414,47.96438980102539,230800,0.0,0.0
2019-08-28 00:00:00-04:00,47.82273094897775,49.21095120410525,47.8038431819553,48.823760986328125,249900,0.0,0.0
2019-08-29 00:00:00-04:00,49.50370342794045,50.22142417709612,49.45648581081861,49.98533248901367,118900,0.0,0.0
2019-08-30 00:00:00-04:00,50.400854816040855,50.854150445124446,49.96644695514493,50.419742584228516,360800,0.0,0.0
2019-09-03 00:00:00-04:00,50.051440125351384,50.051440125351384,48.65377770131763,49.012638092041016,161000,0.0,0.0
2019-09-04 00:00:00-04:00,49.617031925542896,49.720912848659324,48.63488960104469,48.6632194519043,202100,0.0,0.0
2019-09-05 00:00:00-04:00,49.32427165031664,50.92025005512301,48.49322795671706,50.44806671142578,260200,0.0,0.0
2019-09-06 00:00:00-04:00,50.58972548863773,50.83526285606896,49.56981129250093,49.76812744140625,309300,0.0,0.0
2019-09-09 00:00:00-04:00,50.06088399190114,50.684165954589844,49.80590811839202,50.684165954589844,422900,0.0,0.0
2019-09-10 00:00:00-04:00,50.769159758710494,52.78066213760942,50.19309901210013,52.55401611328125,294700,0.0,0.0
2019-09-11 00:00:00-04:00,52.97897464010423,53.932787100304004,52.04405355017589,53.48893356323242,373800,0.0,0.0
2019-09-12 00:00:00-04:00,53.47004870046457,53.75335802788132,52.19515492585239,53.38505554199219,213600,0.0,0.0
2019-09-13 00:00:00-04:00,53.69668857826989,54.404963569501085,53.17728763852826,54.06499099731445,339300,0.0,0.0
2019-09-16 00:00:00-04:00,53.84779598380277,55.16990735743106,53.772244909751926,53.810020446777344,229900,0.0,0.0
2019-09-17 00:00:00-04:00,53.706137569877775,53.706137569877775,52.59178448543034,53.25284194946289,216500,0.0,0.0
2019-09-18 00:00:00-04:00,53.23395552419572,53.23395552419572,51.54354168953926,52.176265716552734,298900,0.0,0.0
2019-09-19 00:00:00-04:00,52.45956840855008,52.99785712851706,51.77962684791827,51.80795669555664,296500,0.0,0.0
2019-09-20 00:00:00-04:00,51.73240923057168,52.232926055996145,51.19412047315952,51.694637298583984,685000,0.0,0.0
2019-09-23 00:00:00-04:00,51.43021874810749,52.2895924535781,51.18468494760462,51.82685470581055,145200,0.0,0.0
2019-09-24 00:00:00-04:00,51.722977701854916,52.22349102693189,51.12802552135607,51.59076690673828,403900,0.0,0.0
2019-09-25 00:00:00-04:00,51.609650547318864,52.38403108743186,50.94859302216849,52.35569763183594,413700,0.0,0.0
2019-09-26 00:00:00-04:00,52.26125675213181,53.05452497629484,52.062940596709375,52.091270446777344,126200,0.0,0.0
2019-09-27 00:00:00-04:00,52.44068053266888,52.92230955634917,52.26125216054713,52.33679962158203,287700,0.0,0.0
2019-09-30 00:00:00-04:00,52.37458206104953,53.86668333986745,52.37458206104953,53.64003372192383,309100,0.0,0.0
2019-10-01 00:00:00-04:00,54.03666149553465,54.46162361100886,51.23189135955654,51.35466003417969,177900,0.0,0.0
2019-10-02 00:00:00-04:00,50.83527385066271,51.01470227145888,50.09866519152935,50.65584182739258,171600,0.0,0.0
2019-10-03 00:00:00-04:00,50.32530410434622,50.995803620691376,49.63591682102996,50.88248062133789,189100,0.0,0.0
2019-10-04 00:00:00-04:00,50.94858621672508,51.826847570937666,50.882480833287424,51.7607421875,138000,0.0,0.0
2019-10-07 00:00:00-04:00,51.23190318213569,51.590763604823024,50.95803592265131,50.995811462402344,228100,0.0,0.0
2019-10-08 00:00:00-04:00,50.21198383162665,50.54251439157397,49.54148423076653,49.84368133544922,227200,0.0,0.0
2019-10-09 00:00:00-04:00,50.3253119575027,50.53307022165879,49.85312851696124,50.230873107910156,134900,0.0,0.0
2019-10-10 00:00:00-04:00,50.24030724339971,51.071350916380794,50.19308963069608,50.70304489135742,101900,0.0,0.0
2019-10-11 00:00:00-04:00,51.741861339529684,53.56448967511992,51.741861339529684,52.29903793334961,166400,0.0,0.0
2019-10-14 00:00:00-04:00,51.8646241386598,52.459576245253764,51.60964826687877,52.157379150390625,74200,0.0,0.0
2019-10-15 00:00:00-04:00,52.100713857789415,52.80898894733505,52.04405415620874,52.36513900756836,100100,0.0,0.0
2019-10-16 00:00:00-04:00,52.23292922973633,53.14896257999761,52.09127276813716,52.23292922973633,106000,0.0,0.0
2019-10-17 00:00:00-04:00,52.47845600854025,53.186731017044,52.32735748415837,52.57289123535156,162100,0.0,0.0
2019-10-18 00:00:00-04:00,52.232938318650056,52.89399231454515,52.12905737573109,52.6201286315918,114300,0.0,0.0
2019-10-21 00:00:00-04:00,52.7901053192831,53.73447211495919,52.7901053192831,52.88454055786133,123200,0.0,0.0
2019-10-22 00:00:00-04:00,52.79955208609062,54.21610240526938,52.601235905999296,54.102779388427734,117700,0.0,0.0
2019-10-23 00:00:00-04:00,53.88557323430557,54.065001637171626,53.13952256546098,53.66836929321289,100100,0.0,0.0
2019-10-24 00:00:00-04:00,53.68724980205132,53.696695487201225,52.78065856122154,53.25284194946289,86200,0.0,0.0
2019-10-25 00:00:00-04:00,53.11119140267707,53.706139903936695,52.99786479079317,53.4511604309082,113400,0.0,0.0
2019-10-28 00:00:00-04:00,53.7722379939974,54.33886016908383,53.6683606842476,53.85723114013672,153300,0.0,0.0
2019-10-29 00:00:00-04:00,53.57392173553452,54.546618270613166,53.41338112788865,54.27275466918945,189500,0.0,0.0
2019-10-30 00:00:00-04:00,56.435359505262895,57.55915832519531,55.59487361294359,57.55915832519531,667100,0.0,0.0
2019-10-31 00:00:00-04:00,57.1719713807578,57.568603738402075,55.76486315429036,56.51091384887695,318000,0.0,0.0
2019-11-01 00:00:00-04:00,56.9453101393487,59.022917557880696,56.9453101393487,58.80571365356445,169100,0.0,0.0
2019-11-04 00:00:00-05:00,59.42900456015872,59.50455203284032,58.786834831234096,59.07958984375,238100,0.0,0.0
2019-11-05 00:00:00-05:00,59.50455515622113,60.278939307314516,59.16458610759868,59.617881774902344,346800,0.0,0.0
2019-11-06 00:00:00-05:00,59.62731809160031,59.62731809160031,58.475189463754106,59.060699462890625,167000,0.0,0.0
2019-11-07 00:00:00-05:00,59.46678011433168,59.91063007233466,58.97570893310678,59.665096282958984,174600,0.0,0.0
2019-11-08 00:00:00-05:00,59.67453908322534,60.45836168399345,59.372341983835994,60.24116134643555,121500,0.0,0.0
2019-11-11 00:00:00-05:00,59.636760642141155,60.2789303089104,59.57065525901548,59.87285232543945,125000,0.0,0.0
2019-11-12 00:00:00-05:00,60.345041070258944,60.467806162734746,59.580102651307314,60.260047912597656,139700,0.0,0.0
2019-11-13 00:00:00-05:00,59.68398716789619,60.26949362118755,59.287351207459395,59.617881774902344,124800,0.0,0.0
2019-11-14 00:00:00-05:00,59.35214752083571,59.76022940719943,58.6783392415842,58.83967208862305,107500,0.31,0.0
2019-11-15 00:00:00-05:00,59.32367370603156,59.38061662694992,58.40312001614663,58.94406509399414,104100,0.0,0.0
2019-11-18 00:00:00-05:00,58.88712666738552,58.88712666738552,58.080455137520985,58.611907958984375,108700,0.0,0.0
2019-11-19 00:00:00-05:00,59.55144054111683,59.9120717923268,59.010495474427124,59.30469512939453,172500,0.0,0.0
2019-11-20 00:00:00-05:00,59.06744606819876,59.883606302392785,58.58344023812049,58.72579574584961,159100,0.0,0.0
2019-11-21 00:00:00-05:00,58.744778350837045,59.589411882153186,58.32720411405078,59.3426628112793,183100,0.0,0.0
2019-11-22 00:00:00-05:00,59.87411470396917,60.377097864974644,59.741251500703626,60.253726959228516,249600,0.0,0.0
2019-11-25 00:00:00-05:00,60.566895921279624,61.364082275138976,59.95951929000611,61.21223449707031,210800,0.0,0.0
2019-11-26 00:00:00-05:00,61.25970746666985,61.68676680217611,61.22174551054664,61.51594161987305,258900,0.0,0.0
2019-11-27 00:00:00-05:00,61.66777656545073,62.094835811768434,61.49695141882339,61.95248031616211,202600,0.0,0.0
2019-11-29 00:00:00-05:00,61.83860540708169,61.83860540708169,60.49098512763703,60.595375061035156,78200,0.0,0.0
2019-12-02 00:00:00-05:00,60.908554518732515,61.487461580985396,60.1683146005735,60.377098083496094,232500,0.0,0.0
2019-12-03 00:00:00-05:00,59.71278081403065,60.05443113450777,58.915601559918606,59.959529876708984,176100,0.0,0.0
2019-12-04 00:00:00-05:00,60.39607388533219,61.05090479092472,60.29168034268698,60.31066131591797,246300,0.0,0.0
2019-12-05 00:00:00-05:00,60.62384348681494,61.316632736251435,60.34862479833659,60.95600509643555,233000,0.0,0.0
2019-12-06 00:00:00-05:00,61.857589162599965,62.45547365313441,61.66778663114529,61.96198272705078,223000,0.0,0.0
2019-12-09 00:00:00-05:00,62.05687509449327,62.05687509449327,60.80415974121185,60.81365203857422,261800,0.0,0.0
2019-12-10 00:00:00-05:00,60.79466947766381,61.31663724253515,60.48149243899184,60.54792404174805,160000,0.0,0.0
2019-12-11 00:00:00-05:00,61.26918171186068,61.59185466170771,60.3581166472068,61.563385009765625,219600,0.0,0.0
2019-12-12 00:00:00-05:00,61.61082933467532,64.20167615616498,61.458988784092334,64.14472961425781,322000,0.0,0.0
2019-12-13 00:00:00-05:00,64.22066129801205,64.41047105988602,63.40449742320915,63.86952590942383,305800,0.0,0.0
2019-12-16 00:00:00-05:00,64.61924156385761,64.7331274044623,63.3950031697371,63.52786636352539,305700,0.0,0.0
2019-12-17 00:00:00-05:00,63.61327804621793,63.86002709121042,63.2811200474788,63.736656188964844,118500,0.0,0.0
2019-12-18 00:00:00-05:00,63.841040332911355,63.92645652426427,62.483931492201876,62.92049026489258,301500,0.0,0.0
2019-12-19 00:00:00-05:00,63.02490233788443,63.119803613564,62.578858377636884,62.87305450439453,123600,0.0,0.0
2019-12-20 00:00:00-05:00,63.015396938219666,63.366532309288694,62.87304143404224,63.26214599609375,384100,0.0,0.0
2019-12-23 00:00:00-05:00,63.281118897834716,63.546845291998494,62.8635447124338,63.06283950805664,76800,0.0,0.0
2019-12-24 00:00:00-05:00,63.04386548176545,63.44245509404809,63.02488812710981,63.3950080871582,50900,0.0,0.0
2019-12-26 00:00:00-05:00,63.54684371670899,63.91696364804794,63.37601857605247,63.52786636352539,88700,0.0,0.0
2019-12-27 00:00:00-05:00,63.84104792688613,64.06881963725357,63.12927762311728,63.195709228515625,89600,0.0,0.0
2019-12-30 00:00:00-05:00,63.252664192448066,64.00239654770053,63.110308664652784,63.442466735839844,118800,0.0,0.0
2019-12-31 00:00:00-05:00,63.25264169441888,63.88848795317342,63.233657102530486,63.29060363769531,168600,0.0,0.0
2020-01-02 00:00:00-05:00,63.88849948577038,64.09728659122905,62.464958938190385,63.214691162109375,132000,0.0,0.0
2020-01-03 00:00:00-05:00,62.30363096185295,63.214696114823646,62.30363096185295,63.15775680541992,151200,0.0,0.0
2020-01-06 00:00:00-05:00,62.85407450702359,63.51839064939772,62.502931837195604,63.442466735839844,223800,0.0,0.0
2020-01-07 00:00:00-05:00,63.072335971263065,63.300100432662134,62.151778587460505,62.91100311279297,159400,0.0,0.0
2020-01-08 00:00:00-05:00,62.929974991817886,63.290609868195745,62.436484161644316,62.49342346191406,132500,0.0,0.0
2020-01-09 00:00:00-05:00,62.66426099753292,62.66426099753292,61.95249064137648,62.161277770996094,221200,0.0,0.0
2020-01-10 00:00:00-05:00,62.151777345241634,62.521897302805705,61.6772638365183,61.6867561340332,172200,0.0,0.0
2020-01-13 00:00:00-05:00,61.82910374621076,62.60730551160917,61.82910374621076,62.56934356689453,135100,0.0,0.0
2020-01-14 00:00:00-05:00,63.916958342824955,63.916958342824955,62.37004714897143,63.23365783691406,240000,0.0,0.0
2020-01-15 00:00:00-05:00,63.043863232195065,64.02135987336639,63.043863232195065,63.50888442993164,179000,0.0,0.0
2020-01-16 00:00:00-05:00,63.88848371358179,64.6287234570997,63.88848371358179,64.47688293457031,157100,0.0,0.0
2020-01-17 00:00:00-05:00,64.78058412931081,64.95140927651003,63.746140948909556,64.04034423828125,161400,0.0,0.0
2020-01-21 00:00:00-05:00,63.57531092127259,63.57531092127259,62.87303303247646,63.091312408447266,226200,0.0,0.0
2020-01-22 00:00:00-05:00,63.423482412513444,63.58481528072911,61.86707855801636,62.8350830078125,270300,0.0,0.0
2020-01-23 00:00:00-05:00,62.88252585092441,63.07232833903916,61.392553873671105,62.40801239013672,414700,0.0,0.0
2020-01-24 00:00:00-05:00,62.52189500858735,62.74966669757766,61.515928723967946,62.45546340942383,212100,0.0,0.0
2020-01-27 00:00:00-05:00,61.20276355685359,61.8860643155918,60.76621190332709,61.02245330810547,281600,0.0,0.0
2020-01-28 00:00:00-05:00,61.28816214237143,62.58832442939181,61.19326089551243,62.218204498291016,195100,0.0,0.0
2020-01-29 00:00:00-05:00,62.332090617482415,63.25264792118223,61.8765544938213,62.49342346191406,204800,0.0,0.0
2020-01-30 00:00:00-05:00,61.72472472390595,62.797122762408165,61.72472472390595,62.74967575073242,193400,0.0,0.0
2020-01-31 00:00:00-05:00,62.25617176243327,62.588329775059876,61.05091061933055,61.2786750793457,302300,0.0,0.0
2020-02-03 00:00:00-05:00,61.75319280712536,62.53139473572152,61.43052707013525,62.33209991455078,264200,0.0,0.0
2020-02-04 00:00:00-05:00,63.25266081166584,64.37251313502948,63.205206558102816,63.8410530090332,185000,0.0,0.0
2020-02-05 00:00:00-05:00,64.72363340402288,65.1127379188048,64.17320329017404,64.77108764648438,147200,0.0,0.0
2020-02-06 00:00:00-05:00,64.9893678437537,64.9893678437537,63.67970603652779,63.78409957885742,126000,0.0,0.0
2020-02-07 00:00:00-05:00,63.442466735839844,63.47093639329832,62.673757022449365,63.442466735839844,165800,0.0,0.0
2020-02-10 00:00:00-05:00,63.48040478989201,64.72362763414533,63.12926225228222,64.65719604492188,218000,0.0,0.0
2020-02-11 00:00:00-05:00,64.91345283460997,66.65965916254883,64.74262767292012,65.51133728027344,385700,0.0,0.0
2020-02-12 00:00:00-05:00,65.86247226222733,67.02028630821809,65.86247226222733,66.82099151611328,274700,0.0,0.0
2020-02-13 00:00:00-05:00,66.40153142760576,66.85914019557484,66.25852596003034,66.80194091796875,245300,0.32,0.0
2020-02-14 00:00:00-05:00,66.78285810992239,66.99259115993523,66.18223676995844,66.33477783203125,265400,0.0,0.0
2020-02-18 00:00:00-05:00,66.13457211738367,66.20130701261583,63.56049628651916,64.52339172363281,160500,0.0,0.0
2020-02-19 00:00:00-05:00,64.65686982285506,64.75220436064369,64.12299059239147,64.31365966796875,107600,0.0,0.0
2020-02-20 00:00:00-05:00,63.88464130388571,64.68546003291102,63.5128315691871,64.51385498046875,156900,0.0,0.0
2020-02-21 00:00:00-05:00,64.38994246798374,64.58061157986594,63.58911619624564,63.9609260559082,422700,0.0,0.0
2020-02-24 00:00:00-05:00,62.05419164889095,62.84548210197115,61.32010773513859,62.52134323120117,223700,0.0,0.0
2020-02-25 00:00:00-05:00,62.626217401481114,62.835957754111405,60.643226961142794,60.7194938659668,301800,0.0,0.0
2020-02-26 00:00:00-05:00,61.15803064153104,61.73958068255767,60.28093776284757,60.53834533691406,251800,0.0,0.0
2020-02-27 00:00:00-05:00,59.13690534028643,60.99595761822916,58.317015356604486,58.412353515625,215100,0.0,0.0
2020-02-28 00:00:00-05:00,56.505636636266374,57.735471669677295,55.10419654532002,56.23869705200195,250500,0.0,0.0
2020-03-02 00:00:00-05:00,56.53423337787172,56.610503904780536,55.03745883668575,55.9240837097168,463000,0.0,0.0
2020-03-03 00:00:00-05:00,55.90501960438588,57.71640472816154,54.98979504442263,55.19953536987305,243100,0.0,0.0
2020-03-04 00:00:00-05:00,55.93362242484863,56.19103002891232,54.67518767394568,56.09569549560547,202800,0.0,0.0
2020-03-05 00:00:00-05:00,54.627522396058104,55.399745236362676,51.75791065241077,52.75893783569336,255400,0.0,0.0
2020-03-06 00:00:00-05:00,50.97615119418168,53.94110084273144,50.97615119418168,53.57882308959961,368200,0.0,0.0
2020-03-09 00:00:00-04:00,50.203931927600365,50.728279142519256,46.53349778638873,46.54302978515625,407000,0.0,0.0
2020-03-10 00:00:00-04:00,47.95399983015884,48.19233979316836,44.68397524672594,46.66696548461914,303100,0.0,0.0
2020-03-11 00:00:00-04:00,45.23692966601479,46.99111209277432,44.55050934869772,45.370399475097656,396000,0.0,0.0
2020-03-12 00:00:00-04:00,42.205239008257955,43.1490631787122,40.21271687012461,40.33665466308594,443300,0.0,0.0
2020-03-13 00:00:00-04:00,42.434042095487904,42.777252197265625,38.94474545537932,42.777252197265625,295000,0.0,0.0
2020-03-16 00:00:00-04:00,38.143924861637984,40.37478698963003,37.438440630257595,38.973350524902344,377300,0.0,0.0
2020-03-17 00:00:00-04:00,39.73603936173569,42.128971016535814,38.4871366325638,42.09083938598633,465800,0.0,0.0
2020-03-18 00:00:00-04:00,39.22122469344524,39.81230679791573,29.516020870590914,30.536115646362305,363700,0.0,0.0
2020-03-19 00:00:00-04:00,30.42171565310277,35.255250275941975,29.230015723669442,34.797637939453125,353400,0.0,0.0
2020-03-20 00:00:00-04:00,35.035972648621204,36.246740030987034,32.86231346847603,33.558265686035156,524200,0.0,0.0
2020-03-23 00:00:00-04:00,33.615464883985084,35.0455045812696,31.74688055236029,34.53069305419922,255900,0.0,0.0
2020-03-24 00:00:00-04:00,35.48405440478007,37.953256535587556,35.48405440478007,37.79118347167969,256700,0.0,0.0
2020-03-25 00:00:00-04:00,38.07718848431336,44.29309471576867,37.18103159610911,42.67238235473633,393900,0.0,0.0
2020-03-26 00:00:00-04:00,43.4827439761132,47.96353606397934,43.4827439761132,47.28664779663086,417800,0.0,0.0
2020-03-27 00:00:00-04:00,44.912785690141966,46.600233157793355,41.34721804655248,42.10990524291992,310100,0.0,0.0
2020-03-30 00:00:00-04:00,41.966898410545234,43.75921583482626,41.37581635878515,42.71051788330078,217700,0.0,0.0
2020-03-31 00:00:00-04:00,42.30057791456109,44.17869808887215,41.97643540178831,43.587615966796875,269900,0.0,0.0
2020-04-01 00:00:00-04:00,41.54741966288205,42.31010673575076,40.71799406165717,41.25187683105469,191600,0.0,0.0
2020-04-02 00:00:00-04:00,40.498727971227616,42.17664342584311,40.29852326576831,41.852500915527344,168100,0.0,0.0
2020-04-03 00:00:00-04:00,41.29954712054564,41.652289235725114,39.45956237659842,40.63219451904297,197800,0.0,0.0
2020-04-06 00:00:00-04:00,42.462652903573826,43.93082809448243,41.66183040278546,43.93082809448242,342800,0.0,0.0
2020-04-07 00:00:00-04:00,45.446671362992696,46.69557432468424,43.74969165549331,44.36937713623047,243700,0.0,0.0
2020-04-08 00:00:00-04:00,45.28458956975751,46.26654897981667,43.78781500544679,45.732669830322266,236100,0.0,0.0
2020-04-09 00:00:00-04:00,47.13410750259255,49.75584696927015,46.085413170633124,49.56517791748047,200100,0.0,0.0
2020-04-13 00:00:00-04:00,48.88829412767509,48.88829412767509,46.590696932031186,47.01017761230469,142000,0.0,0.0
2020-04-14 00:00:00-04:00,48.449752360769914,48.88829706487685,47.3343229650919,47.868202209472656,125300,0.0,0.0
2020-04-15 00:00:00-04:00,45.66593502898074,45.76126955250354,43.56854278046854,43.78781509399414,245300,0.0,0.0
2020-04-16 00:00:00-04:00,43.616209438535634,44.521901946582325,41.88109494962801,43.34926986694336,293900,0.0,0.0
2020-04-17 00:00:00-04:00,45.04625087088726,45.780338358530024,44.03568816644807,44.80791091918945,214600,0.0,0.0
2020-04-20 00:00:00-04:00,43.56854848776542,45.05578761550533,43.0728008995923,44.45517349243164,160200,0.0,0.0
2020-04-21 00:00:00-04:00,42.8535289585823,43.177671475546624,41.58555852444026,42.00503921508789,169100,0.0,0.0
2020-04-22 00:00:00-04:00,43.139530217163234,44.254959418560844,42.453110009054576,43.3206672668457,155100,0.0,0.0
2020-04-23 00:00:00-04:00,43.20626298796209,45.027179940079364,43.13952809731738,44.560035705566406,177800,0.0,0.0
2020-04-24 00:00:00-04:00,44.63630147405892,46.23794608292522,44.55049895441327,45.990074157714844,218000,0.0,0.0
2020-04-27 00:00:00-04:00,46.333285513148994,48.31627567224225,46.333285513148994,47.6584587097168,397300,0.0,0.0
2020-04-28 00:00:00-04:00,49.31729853713924,50.30879353199388,48.43067369476829,49.88931655883789,270800,0.0,0.0
2020-04-29 00:00:00-04:00,51.51003067231215,54.78959082913306,51.26215871563062,53.97923278808594,272700,0.0,0.0
2020-04-30 00:00:00-04:00,50.96661650349423,53.91249857363492,48.0302700684116,49.9465217590332,343800,0.0,0.0
2020-05-01 00:00:00-04:00,48.516481521852704,49.20290176824516,47.20084392852688,49.040828704833984,256100,0.0,0.0
2020-05-04 00:00:00-04:00,48.211401420008954,48.24953668216625,45.27505533269354,45.85660171508789,399900,0.0,0.0
2020-05-05 00:00:00-04:00,47.86818648824683,50.81406791126661,47.86818648824683,49.37449645996094,314200,0.0,0.0
2020-05-06 00:00:00-04:00,49.422176195992336,49.82258559889573,48.068403278791855,48.735755920410156,203400,0.0,0.0
2020-05-07 00:00:00-04:00,49.75584851449809,50.213460799207304,48.90735884263439,49.68911361694336,164300,0.0,0.0
2020-05-08 00:00:00-04:00,51.00475399133522,51.36703176695507,49.90838866578169,51.33842849731445,237500,0.0,0.0
2020-05-11 00:00:00-04:00,50.2420572857902,51.328886769875545,48.51647490689587,50.81407165527344,224900,0.0,0.0
2020-05-12 00:00:00-04:00,50.88081680114983,51.25262657994687,48.6976253959709,48.74529266357422,177000,0.0,0.0
2020-05-13 00:00:00-04:00,48.25908240442403,48.25908240442403,45.68500966518837,46.48583221435547,163900,0.0,0.0
2020-05-14 00:00:00-04:00,44.88318835151408,48.34755302454443,44.096269378010625,48.27077865600586,267600,0.32,0.0
2020-05-15 00:00:00-04:00,48.337967453792665,49.78705293451643,47.81015634034405,48.098052978515625,599000,0.0,0.0
2020-05-18 00:00:00-04:00,50.13252367553536,53.702448101980984,50.13252367553536,53.25141143798828,231000,0.0,0.0
2020-05-19 00:00:00-04:00,52.67561789429324,53.53931140875188,51.4184684753418,51.4184684753418,125100,0.0,0.0
2020-05-20 00:00:00-04:00,52.74279161534687,54.17268334283952,52.72359802012101,53.51051712036133,161800,0.0,0.0
2020-05-21 00:00:00-04:00,53.23222715448657,53.932777012064214,52.31095274898853,52.60844802856445,153800,0.0,0.0
2020-05-22 00:00:00-04:00,53.16504631569325,53.16504631569325,51.95587537552147,52.973114013671875,107100,0.0,0.0
2020-05-26 00:00:00-04:00,55.410648132831554,56.523851137864746,55.19952222575143,55.88087844848633,145900,0.0,0.0
2020-05-27 00:00:00-04:00,57.56028180506789,57.95374140722173,56.69659187050809,57.57947540283203,219600,0.0,0.0
2020-05-28 00:00:00-04:00,58.76945460743057,58.76945460743057,56.21676460083924,56.38949966430664,199400,0.0,0.0
2020-05-29 00:00:00-04:00,55.545005944669384,56.13999287835483,54.78687524771898,55.66016387939453,256300,0.0,0.0
2020-06-01 00:00:00-04:00,56.130387477404355,57.38753687812648,55.880874394265874,56.27433395385742,182200,0.0,0.0
2020-06-02 00:00:00-04:00,56.917305991348876,58.00171668015284,56.54303637062101,57.493099212646484,161500,0.0,0.0
2020-06-03 00:00:00-04:00,58.731064342938055,60.765538070443014,58.731064342938055,60.132164001464844,154700,0.0,0.0
2020-06-04 00:00:00-04:00,59.19170544118055,62.12825656379483,58.63510204673709,61.43730163574219,215000,0.0,0.0
2020-06-05 00:00:00-04:00,64.10514166511501,65.53502968568377,63.35660245786202,64.24908447265625,266800,0.0,0.0
2020-06-08 00:00:00-04:00,65.1511615548693,66.40831081608198,65.1511615548693,65.38147735595703,240100,0.0,0.0
2020-06-09 00:00:00-04:00,64.08595105802752,65.97647822367603,63.22225751514134,64.10514831542969,206200,0.0,0.0
2020-06-10 00:00:00-04:00,64.05717291997384,64.05717291997384,61.45650056091712,62.320194244384766,161600,0.0,0.0
2020-06-11 00:00:00-04:00,59.297262507568085,59.43161402781214,56.71578041417679,56.77336120605469,222200,0.0,0.0
2020-06-12 00:00:00-04:00,59.61394211377105,59.61394211377105,55.67934655830734,57.022865295410156,266800,0.0,0.0
2020-06-15 00:00:00-04:00,55.04596627696672,59.3932144880289,54.52775024019275,58.539119720458984,193700,0.0,0.0
2020-06-16 00:00:00-04:00,61.47567644149688,61.47567644149688,59.335643643544934,60.35287857055664,142500,0.0,0.0
2020-06-17 00:00:00-04:00,60.62157993306296,60.62157993306296,58.78863372792989,58.92298889160156,141300,0.0,0.0
2020-06-18 00:00:00-04:00,58.07849555395578,59.546770944385855,58.07849555395578,58.93259048461914,141300,0.0,0.0
2020-06-19 00:00:00-04:00,59.91144169248952,59.91144169248952,57.29157612151891,57.685035705566406,302000,0.0,0.0
2020-06-22 00:00:00-04:00,57.20520656442026,58.97097720239399,56.51425172235967,58.7022705078125,159400,0.0,0.0
2020-06-23 00:00:00-04:00,59.978615988035685,59.978615988035685,58.44316488306365,58.519935607910156,119800,0.0,0.0
2020-06-24 00:00:00-04:00,57.589068427336116,57.89616232039173,55.89047718179811,55.91926574707031,212600,0.0,0.0
2020-06-25 00:00:00-04:00,55.44902705367314,57.57946856192153,55.305080578750754,57.493099212646484,245900,0.0,0.0
2020-06-26 00:00:00-04:00,56.926898279276884,57.2435870986476,56.053609860290145,56.5814208984375,802500,0.0,0.0
2020-06-29 00:00:00-04:00,57.637052926784364,59.105328294814335,57.493102782120765,58.98057174682617,182900,0.0,0.0
2020-06-30 00:00:00-04:00,58.68308078410108,60.10337400618271,58.58711279968755,59.87305450439453,240000,0.0,0.0
2020-07-01 00:00:00-04:00,59.959420320739326,60.64077649623766,58.328001290050004,58.42396926879883,152200,0.0,0.0
2020-07-02 00:00:00-04:00,60.3049005730779,61.27415340902856,58.60630570737842,58.90380096435547,190500,0.0,0.0
2020-07-06 00:00:00-04:00,60.48723065796856,60.48723065796856,59.038148974062125,59.604347229003906,198200,0.0,0.0
2020-07-07 00:00:00-04:00,58.788639270434295,59.220486042368805,58.03051233837619,58.31840896606445,221600,0.0,0.0
2020-07-08 00:00:00-04:00,57.84818097667332,58.52954091424603,57.18601829850774,58.491153717041016,248200,0.0,0.0
2020-07-09 00:00:00-04:00,58.20325107814325,58.4623554806377,56.0632108139509,56.75416564941406,221100,0.0,0.0
2020-07-10 00:00:00-04:00,56.58142628547415,58.04970529383428,56.58142628547415,57.972930908203125,219600,0.0,0.0
2020-07-13 00:00:00-04:00,58.77904285084118,59.52757479650477,57.51229479165473,58.05929946899414,198500,0.0,0.0
2020-07-14 00:00:00-04:00,57.97292898624826,59.5947493904947,57.96333401876457,59.51797866821289,192300,0.0,0.0
2020-07-15 00:00:00-04:00,61.25495584494475,61.619623153602,59.700307656570544,60.621578216552734,331600,0.0,0.0
2020-07-16 00:00:00-04:00,60.48723353898415,61.52366578145141,60.31449483190627,60.70795440673828,119100,0.0,0.0
2020-07-17 00:00:00-04:00,60.861498994371246,61.562052445280315,60.592795968249966,60.94786834716797,120500,0.0,0.0
2020-07-20 00:00:00-04:00,60.53521936046461,60.79432376027722,59.93063388569204,60.70795440673828,128800,0.0,0.0
2020-07-21 00:00:00-04:00,61.25495798755538,62.29139014939109,61.25495798755538,61.6963996887207,186400,0.0,0.0
2020-07-22 00:00:00-04:00,61.13979535943372,62.44493050620011,61.13979535943372,61.62922286987305,112600,0.0,0.0
2020-07-23 00:00:00-04:00,61.50446684279589,62.89597508999538,61.50446684279589,62.40654754638672,159300,0.0,0.0
2020-07-24 00:00:00-04:00,62.24341299139473,62.55050323152163,61.45649379346898,61.725196838378906,109000,0.0,0.0
2020-07-27 00:00:00-04:00,61.62922647031095,62.14744257253178,61.1781861227331,61.552452087402344,148400,0.0,0.0
2020-07-28 00:00:00-04:00,61.35091889111265,61.763572007334474,60.39126116237421,60.43924331665039,101500,0.0,0.0
2020-07-29 00:00:00-04:00,60.73674431867321,62.07066810301426,60.669568564123956,61.94591522216797,111900,0.0,0.0
2020-07-30 00:00:00-04:00,60.65996573482029,60.94786232877919,59.88264529721163,60.73674011230469,98100,0.0,0.0
2020-07-31 00:00:00-04:00,60.24731696275683,60.76553306582377,58.79823526062971,60.57360076904297,171800,0.0,0.0
2020-08-03 00:00:00-04:00,60.89028983858661,61.86914126115425,60.47763668022562,61.78276824951172,115300,0.0,0.0
2020-08-04 00:00:00-04:00,61.36051979093492,62.0130910632458,61.101411739824506,61.552452087402344,136100,0.0,0.0
2020-08-05 00:00:00-04:00,62.329768405764334,63.337411979536384,62.07066403280996,63.31822204589844,115500,0.0,0.0
2020-08-06 00:00:00-04:00,63.174286696531915,63.327828166376854,62.19543145503416,62.57929611206055,112400,0.0,0.0
2020-08-07 00:00:00-04:00,62.569677658813745,64.584964639315,62.569677658813745,64.54657745361328,174700,0.0,0.0
2020-08-10 00:00:00-04:00,64.6809417097289,67.17605069997781,64.52739293661402,65.89970397949219,222300,0.0,0.0
2020-08-11 00:00:00-04:00,66.95531353370325,67.41595244451094,66.04364166060536,66.26436614990234,216100,0.0,0.0
2020-08-12 00:00:00-04:00,64.77690379829052,66.11082760188962,62.66565949202656,65.06480407714844,234600,0.0,0.0
2020-08-13 00:00:00-04:00,64.67911640136113,64.91052441184274,61.709352067589656,61.85398483276367,143200,0.32,0.0
2020-08-14 00:00:00-04:00,61.69006378826066,61.69006378826066,60.484803077303326,61.02476119995117,167700,0.0,0.0
2020-08-17 00:00:00-04:00,61.16939530249109,62.287877186999,60.581231116892866,61.22724914550781,228900,0.0,0.0
2020-08-18 00:00:00-04:00,61.17904104133021,61.516512605635754,60.774071485999364,60.9283447265625,145600,0.0,0.0
2020-08-19 00:00:00-04:00,60.947620244319566,61.12117807381825,58.85528950159952,59.019203186035156,184300,0.0,0.0
2020-08-20 00:00:00-04:00,58.25748215982161,59.49167167561121,58.25748215982161,58.78779983520508,129700,0.0,0.0
2020-08-21 00:00:00-04:00,58.305700268564074,58.96136246760066,57.43791098214382,57.7271728515625,169500,0.0,0.0
2020-08-24 00:00:00-04:00,58.353915287187974,59.01921801532249,57.437916218714385,58.421409606933594,226600,0.0,0.0
2020-08-25 00:00:00-04:00,58.459971756011406,58.6431700762392,57.33184571752792,58.08393096923828,157300,0.0,0.0
2020-08-26 00:00:00-04:00,57.804311019119076,58.21892104518037,57.63075316271369,57.84288024902344,92000,0.0,0.0
2020-08-27 00:00:00-04:00,58.50818454920495,58.874584887213594,57.80431263550697,57.92966079711914,104700,0.0,0.0
2020-08-28 00:00:00-04:00,58.238201924092074,58.81672562288768,57.93929592875477,58.55638885498047,89500,0.0,0.0
2020-08-31 00:00:00-04:00,58.517820002813025,58.72994707687492,57.80430768160044,58.05500030517578,270700,0.0,0.0
2020-09-01 00:00:00-04:00,59.34704678950823,60.25340535269077,58.662459471733975,60.21483612060547,160400,0.0,0.0
2020-09-02 00:00:00-04:00,60.16662090286909,61.00548139390454,59.63630320573235,60.735504150390625,196600,0.0,0.0
2020-09-03 00:00:00-04:00,60.97655357918873,60.97655357918873,58.970997922486355,59.2313346862793,236700,0.0,0.0
2020-09-04 00:00:00-04:00,60.417315582530044,60.417315582530044,58.13214204683533,58.778160095214844,139400,0.0,0.0
2020-09-08 00:00:00-04:00,58.23820203029565,58.60459865705784,57.08115095243047,57.17757034301758,220700,0.0,0.0
2020-09-09 00:00:00-04:00,57.785020905799726,58.04535766563622,56.56047555908611,57.37041091918945,167200,0.0,0.0
2020-09-10 00:00:00-04:00,57.79466177620463,57.79466177620463,55.26843629086028,55.326290130615234,141000,0.0,0.0
2020-09-11 00:00:00-04:00,55.50948565833304,56.18443237567171,54.72847541250582,55.36485290527344,173400,0.0,0.0
2020-09-14 00:00:00-04:00,55.78911292658934,56.29050186461271,54.97917751565376,55.335933685302734,261600,0.0,0.0
2020-09-15 00:00:00-04:00,55.51913978733604,56.16515786333533,54.738129401062935,54.89240264892578,157100,0.0,0.0
2020-09-16 00:00:00-04:00,54.95989815132591,56.83046178181078,54.63206703277037,56.03017044067383,284000,0.0,0.0
2020-09-17 00:00:00-04:00,55.23951477135057,55.99159634583222,54.892399066770075,55.76982879638672,180700,0.0,0.0
2020-09-18 00:00:00-04:00,55.9144648805685,56.06873812750898,53.62928758267201,53.85105514526367,585500,0.0,0.0
2020-09-21 00:00:00-04:00,52.722932159176956,53.1086171115321,50.37990471730558,51.21876525878906,341100,0.0,0.0
2020-09-22 00:00:00-04:00,51.2380445991442,52.308316737486564,51.14162521006418,52.231178283691406,167900,0.0,0.0
2020-09-23 00:00:00-04:00,52.231184850475046,53.12789925868194,50.83308514221846,50.87165069580078,148200,0.0,0.0
2020-09-24 00:00:00-04:00,51.074129173621955,52.404734353082766,50.476317211432416,51.430885314941406,129800,0.0,0.0
2020-09-25 00:00:00-04:00,50.94877877503979,51.941912382031035,50.94877877503979,51.73942947387695,146500,0.0,0.0
2020-09-28 00:00:00-04:00,52.54937743308541,53.80284808576464,52.54937743308541,52.935062408447266,151100,0.0,0.0
2020-09-29 00:00:00-04:00,52.82899562709385,53.224321047501086,51.941921709250614,52.76150131225586,171400,0.0,0.0
2020-09-30 00:00:00-04:00,52.92541242067796,54.082463540916734,52.5879408631002,53.12789535522461,312200,0.0,0.0
2020-10-01 00:00:00-04:00,53.13754579854314,54.03426024713007,52.86756852048756,53.53287124633789,259300,0.0,0.0
2020-10-02 00:00:00-04:00,52.50116815872317,54.786341909236064,52.50116815872317,53.53287124633789,428000,0.0,0.0
2020-10-05 00:00:00-04:00,54.30423475017779,55.37450701658392,54.19817120260034,55.2780876159668,285200,0.0,0.0
2020-10-06 00:00:00-04:00,56.14586466199221,57.29327153763021,55.2877196220938,55.50948715209961,311500,0.0,0.0
2020-10-07 00:00:00-04:00,56.18443862108932,57.16793188799337,56.18443862108932,56.762962341308594,215500,0.0,0.0
2020-10-08 00:00:00-04:00,57.52468227038446,58.14177515735944,56.90758938340949,57.56325149536133,200700,0.0,0.0
2020-10-09 00:00:00-04:00,58.431039864794,58.67209201552032,57.70788341261505,57.852516174316406,154600,0.0,0.0
2020-10-12 00:00:00-04:00,57.920013957315945,59.19276909525977,57.920013957315945,58.903507232666016,97700,0.0,0.0
2020-10-13 00:00:00-04:00,58.10320792070077,58.59495636057438,57.44754946447573,57.92000961303711,183100,0.0,0.0
2020-10-14 00:00:00-04:00,58.546749521296725,58.80708629424685,58.0453605894851,58.20927429199219,157300,0.0,0.0
2020-10-15 00:00:00-04:00,57.42827048383384,59.433822631835945,57.19685878152072,59.43382263183594,118400,0.0,0.0
2020-10-16 00:00:00-04:00,59.433825432293894,60.64873048989542,59.433825432293894,60.10877227783203,220600,0.0,0.0
2020-10-19 00:00:00-04:00,60.41731091091788,60.53301491338061,59.57845045627619,59.78093338012695,170600,0.0,0.0
2020-10-20 00:00:00-04:00,60.23411622369311,61.15011150902071,60.05091422409627,60.61015701293945,143500,0.0,0.0
2020-10-21 00:00:00-04:00,60.59087439482462,60.92834596599516,59.617025233615124,59.64595031738281,98900,0.0,0.0
2020-10-22 00:00:00-04:00,59.95449362340665,60.29196517666986,58.45997096469742,58.86493682861328,194900,0.0,0.0
2020-10-23 00:00:00-04:00,59.44345949628726,59.7423617973761,58.52746062401589,59.703792572021484,117700,0.0,0.0
2020-10-26 00:00:00-04:00,58.826370223298305,59.144560854704004,57.77538261006056,58.66245651245117,182300,0.0,0.0
2020-10-27 00:00:00-04:00,58.45997321483628,58.57567722638514,57.592183932809334,57.84288024902344,166000,0.0,0.0
2020-10-28 00:00:00-04:00,56.68582768448981,58.90350685435077,56.51226983241543,58.08393096923828,223300,0.0,0.0
2020-10-29 00:00:00-04:00,57.64039316887143,59.66523358464173,57.177573448223285,59.27954864501953,187900,0.0,0.0
2020-10-30 00:00:00-04:00,58.82636760019347,59.92556854117382,58.15142449366703,58.86493682861328,183200,0.0,0.0
2020-11-02 00:00:00-05:00,59.617021684614336,61.892554652371196,59.50131400010314,61.84434127807617,236500,0.0,0.0
2020-11-03 00:00:00-05:00,62.99174551398565,64.22593126484772,62.45178373073798,63.97523498535156,177400,0.0,0.0
2020-11-04 00:00:00-05:00,62.76997996829571,64.12951765954485,62.22038134671857,63.23280334472656,178200,0.0,0.0
2020-11-05 00:00:00-05:00,63.75348255755937,65.53726719990783,63.75348255755937,64.58270263671875,131500,0.0,0.0
2020-11-06 00:00:00-05:00,64.7466204816276,65.02624190813997,63.753486623931806,64.63091278076172,104400,0.0,0.0
2020-11-09 00:00:00-05:00,69.34588271873028,73.21236137446763,67.14748822521875,67.1957015991211,291000,0.0,0.0
2020-11-10 00:00:00-05:00,67.49460447295961,69.95333943557723,67.41746601661464,69.27838897705078,167900,0.0,0.0
2020-11-11 00:00:00-05:00,69.37480657017895,69.37480657017895,67.71637393973953,69.0855484008789,95700,0.0,0.0
2020-11-12 00:00:00-05:00,68.19847459242789,68.19847459242789,66.18327487949026,66.71359252929688,147700,0.0,0.0
2020-11-13 00:00:00-05:00,67.88570731317907,69.21280613047193,67.56603826165994,68.95126342773438,109400,0.32,0.0
2020-11-16 00:00:00-05:00,70.61741535234529,74.2015609741211,70.24930887657294,74.2015609741211,425900,0.0,0.0
2020-11-17 00:00:00-05:00,73.21349634495837,74.76339684243193,71.86701959491805,74.75370788574219,270000,0.0,0.0
2020-11-18 00:00:00-05:00,75.01528301603973,75.01528301603973,72.41919604499465,74.08534240722656,275700,0.0,0.0
2020-11-19 00:00:00-05:00,73.84314756530863,74.73433945246029,72.70009453074151,74.579345703125,123700,0.0,0.0
2020-11-20 00:00:00-05:00,73.9690789814783,74.33717807296793,73.32005924496663,74.24031066894531,164400,0.0,0.0
2020-11-23 00:00:00-05:00,75.23806005752513,76.70078226804429,74.96682836614606,76.68141174316406,151400,0.0,0.0
2020-11-24 00:00:00-05:00,78.1731818129648,79.84901665897287,76.90420187250497,79.19999694824219,188200,0.0,0.0
2020-11-25 00:00:00-05:00,78.60909948867878,78.60909948867878,77.33043053754669,77.86320495605469,184300,0.0,0.0
2020-11-27 00:00:00-05:00,77.34009364680193,78.22160381306769,76.98168359764514,77.9988021850586,53600,0.0,0.0
2020-11-30 00:00:00-05:00,77.28198674803637,77.92132486597613,75.73208623705777,75.97425842285156,228000,0.0,0.0
2020-12-01 00:00:00-05:00,77.08826831655422,77.08826831655422,75.23806887696547,75.27681732177734,170300,0.0,0.0
2020-12-02 00:00:00-05:00,75.26710028190928,75.55770981432117,73.57189525402387,74.15311431884766,125300,0.0,0.0
2020-12-03 00:00:00-05:00,74.27906638148184,75.17994736906692,74.04658311096277,74.4728012084961,96900,0.0,0.0
2020-12-04 00:00:00-05:00,75.06369645655116,75.77084256453611,74.71496788145028,75.25743865966797,143200,0.0,0.0
2020-12-07 00:00:00-05:00,75.04431961152936,75.14118700967525,74.08531980602015,74.82151794433594,114000,0.0,0.0
2020-12-08 00:00:00-05:00,74.26935851778984,75.79019943330391,74.2015506065443,75.07337188720703,149200,0.0,0.0
2020-12-09 00:00:00-05:00,75.81926941090688,76.51672653202596,75.00557436327402,75.88707733154297,145100,0.0,0.0
2020-12-10 00:00:00-05:00,74.99589018848442,75.625539429121,73.56223480632158,74.34687042236328,101300,0.0,0.0
2020-12-11 00:00:00-05:00,73.53316782594526,75.06369046050928,73.3975445993423,74.58903503417969,118600,0.0,0.0
2020-12-14 00:00:00-05:00,75.57708205371912,75.57708205371912,73.73657960826142,73.96906280517578,175300,0.0,0.0
2020-12-15 00:00:00-05:00,74.68591771135107,76.84609735477716,74.3371890927665,76.76860046386719,233700,0.0,0.0
2020-12-16 00:00:00-05:00,77.20448579113751,77.54353274572186,76.15830762063231,76.80732727050781,145700,0.0,0.0
2020-12-17 00:00:00-05:00,77.1269998994372,77.78570853620826,76.22611907841954,77.6404037475586,101300,0.0,0.0
2020-12-18 00:00:00-05:00,77.60166577900357,78.25068554660947,75.82896337747444,76.04207611083984,558500,0.0,0.0
2020-12-21 00:00:00-05:00,74.24999563868056,76.22612161474684,73.65909489821672,75.55772399902344,145900,0.0,0.0
2020-12-22 00:00:00-05:00,75.48022964533739,75.79989872358072,74.42436239906029,74.91838836669922,98900,0.0,0.0
2020-12-23 00:00:00-05:00,75.1799375048571,75.73208981896178,74.37592403627214,75.12181854248047,92100,0.0,0.0
2020-12-24 00:00:00-05:00,75.34461392631925,75.780528322041,74.74403159829369,75.64490509033203,31400,0.0,0.0
2020-12-28 00:00:00-05:00,76.17768692884559,77.10762729350132,75.66428304538546,75.88707733154297,139100,0.0,0.0
2020-12-29 00:00:00-05:00,76.29393332249118,76.29393332249118,73.91095971871306,74.7149658203125,94100,0.0,0.0
2020-12-30 00:00:00-05:00,74.71495692663905,76.21642737098179,74.71495692663905,75.15087127685547,108100,0.0,0.0
2020-12-31 00:00:00-05:00,74.98620837404678,76.10988361118928,74.11438691992186,75.54804229736328,92700,0.0,0.0
2021-01-04 00:00:00-05:00,76.28424027386833,76.77827361355584,72.2448098959456,74.10469055175781,210700,0.0,0.0
2021-01-05 00:00:00-05:00,74.05625608385995,77.15606468988813,73.51379271877137,75.88707733154297,151900,0.0,0.0
2021-01-06 00:00:00-05:00,77.39823357456551,81.91231936315955,77.39823357456551,81.31173706054688,268500,0.0,0.0
2021-01-07 00:00:00-05:00,81.42797082319034,82.33854057807527,79.52934183319219,81.18579864501953,215500,0.0,0.0
2021-01-08 00:00:00-05:00,81.28269204357282,81.76703651083614,78.6866054034211,79.83934020996094,120100,0.0,0.0
2021-01-11 00:00:00-05:00,78.51223306579674,79.77152411751794,78.22162345897145,79.57778930664062,127600,0.0,0.0
2021-01-12 00:00:00-05:00,79.25812049956863,81.86389584105396,79.25812049956863,81.75733947753906,103400,0.0,0.0
2021-01-13 00:00:00-05:00,81.47642993922621,81.7573506276677,79.35499872784644,79.93621063232422,131700,0.0,0.0
2021-01-14 00:00:00-05:00,81.44735179798923,83.36535138252096,80.64333836251475,81.99950408935547,169700,0.0,0.0
2021-01-15 00:00:00-05:00,80.61427861342462,81.58296735929031,79.22905341121633,80.78864288330078,134400,0.0,0.0
2021-01-19 00:00:00-05:00,81.51517066460201,82.37730317586849,80.68209763723064,82.10607147216797,221500,0.0,0.0
2021-01-20 00:00:00-05:00,82.69696969530928,82.95851243270121,81.17612849808066,81.54422760009766,141400,0.0,0.0
2021-01-21 00:00:00-05:00,81.82514720807778,81.82514720807778,79.77152421395277,80.30430603027344,199100,0.0,0.0
2021-01-22 00:00:00-05:00,79.14186535512624,81.84450776693963,79.14186535512624,81.6798324584961,149100,0.0,0.0
2021-01-25 00:00:00-05:00,80.75959567280023,81.08894634898701,78.473489294,79.2484359741211,122000,0.0,0.0
2021-01-26 00:00:00-05:00,80.40117746606307,80.52710436054691,77.3982434002518,77.53385925292969,168000,0.0,0.0
2021-01-27 00:00:00-05:00,75.27680317165976,76.16799506328111,73.69784314255834,74.58903503417969,293900,0.0,0.0
2021-01-28 00:00:00-05:00,76.08081901889511,77.46604429451048,70.59803687930267,70.81114959716797,259800,0.0,0.0
2021-01-29 00:00:00-05:00,71.06301158238135,71.10176002158221,67.88571347300156,68.18600463867188,281300,0.0,0.0
2021-02-01 00:00:00-05:00,68.78659004482704,70.36555004302494,68.08913296398839,69.73590087890625,300700,0.0,0.0
2021-02-02 00:00:00-05:00,70.81114889183681,71.99295039512981,69.28061883378494,71.75077819824219,213900,0.0,0.0
2021-02-03 00:00:00-05:00,71.48923667724588,73.7172164916992,71.25674604316539,73.71721649169922,265200,0.0,0.0
2021-02-04 00:00:00-05:00,73.82377198183812,75.85801696777344,73.4750434253339,75.85801696777344,155400,0.0,0.0
2021-02-05 00:00:00-05:00,76.96233064002179,77.39824508210997,76.18738394938144,76.38111877441406,132200,0.0,0.0
2021-02-08 00:00:00-05:00,76.83638894800562,78.77376638733053,76.41985250293042,78.56065368652344,89800,0.0,0.0
2021-02-09 00:00:00-05:00,78.17317828906651,78.79313849084903,76.4198540362605,78.3669204711914,116900,0.0,0.0
2021-02-10 00:00:00-05:00,78.92876847382362,79.22905964370136,77.89227172983256,78.09569549560547,132800,0.0,0.0
2021-02-11 00:00:00-05:00,78.27974008758913,80.11056134061674,77.20449492114321,78.05694580078125,168900,0.0,0.0
2021-02-12 00:00:00-05:00,77.72624170704572,78.95180337767191,76.46176483568829,77.29826354980469,212400,0.33,0.0
2021-02-16 00:00:00-05:00,77.79432643279763,79.02961687131322,77.43443504444426,78.2806625366211,188300,0.0,0.0
2021-02-17 00:00:00-05:00,77.28853149698936,79.23387588127069,77.28853149698936,78.61136627197266,129200,0.0,0.0
2021-02-18 00:00:00-05:00,78.24175236842164,79.38950583523035,77.8137742354388,79.04906463623047,132800,0.0,0.0
2021-02-19 00:00:00-05:00,79.32141945386505,81.26676381892955,79.32141945386505,81.19867706298828,140200,0.0,0.0
2021-02-22 00:00:00-05:00,80.80960470020027,83.28991425155937,80.80960470020027,83.20237731933594,126300,0.0,0.0
2021-02-23 00:00:00-05:00,82.91057107274484,84.28204235113442,81.82118302614835,83.69844055175781,203300,0.0,0.0
2021-02-24 00:00:00-05:00,84.24315141051363,86.7234688296643,83.92216775939512,86.26631164550781,151900,0.0,0.0
2021-02-25 00:00:00-05:00,86.22740047298096,87.35569647679742,84.94347333986529,85.32281494140625,207400,0.0,0.0
2021-02-26 00:00:00-05:00,85.69241630813593,85.87722639429421,83.03702545166017,83.03702545166016,208500,0.0,0.0
2021-03-01 00:00:00-05:00,84.63220580296532,85.32280213857885,83.74707058491865,84.87537384033203,135900,0.0,0.0
2021-03-02 00:00:00-05:00,84.65166107417075,84.65166107417075,83.33855507756199,83.49417877197266,103000,0.0,0.0
2021-03-03 00:00:00-05:00,83.61089876029216,86.15930251470458,83.51363302756796,85.29362487792969,124900,0.0,0.0
2021-03-04 00:00:00-05:00,85.51733425311949,86.70399547187431,82.86194342050219,83.90270233154297,192500,0.0,0.0
2021-03-05 00:00:00-05:00,85.65351379570967,89.44693695902382,84.29177861684317,89.39830780029297,162500,0.0,0.0
2021-03-08 00:00:00-05:00,90.25425720038662,92.50112767919376,89.8554580236649,91.16857147216797,145900,0.0,0.0
2021-03-09 00:00:00-05:00,91.31447146788516,91.98561771939688,89.30104013425061,89.35940551757812,151600,0.0,0.0
2021-03-10 00:00:00-05:00,89.59284167631544,92.31632694878374,89.59284167631544,91.20747375488281,169300,0.0,0.0
2021-03-11 00:00:00-05:00,91.55762937312716,93.18199754902042,91.2171955952692,91.95642852783203,160200,0.0,0.0
2021-03-12 00:00:00-05:00,92.82212050808076,93.17228313964499,91.79109021564217,92.6081314086914,123600,0.0,0.0
2021-03-15 00:00:00-04:00,91.71325653490798,91.93696697034026,90.37097165961589,91.39227294921875,177400,0.0,0.0
2021-03-16 00:00:00-04:00,91.09074281012414,91.09074281012414,87.44322246872221,88.0851821899414,127200,0.0,0.0
2021-03-17 00:00:00-04:00,88.46454074303846,89.99163592313367,88.03656998679877,89.5247573852539,120500,0.0,0.0
2021-03-18 00:00:00-04:00,89.21349059502796,91.89806780115293,88.82442025167803,89.33993530273438,151100,0.0,0.0
2021-03-19 00:00:00-04:00,89.98189739758365,91.17827991622096,88.10463996133484,90.6141357421875,618300,0.0,0.0
2021-03-22 00:00:00-04:00,90.89620396446344,90.89620396446344,87.38485712116612,88.89250183105469,129700,0.0,0.0
2021-03-23 00:00:00-04:00,87.16116483923739,88.40618418793082,85.40063036218503,86.13013458251953,208100,0.0,0.0
2021-03-24 00:00:00-04:00,87.21951310713683,89.23294423461752,86.16902536560782,86.30520629882812,184600,0.0,0.0
2021-03-25 00:00:00-04:00,85.55624397324728,88.02683219838393,84.34040374951269,87.5988540649414,153600,0.0,0.0
2021-03-26 00:00:00-04:00,89.03841602397218,90.36125083854773,87.58913649215782,90.09862518310547,130200,0.0,0.0
2021-03-29 00:00:00-04:00,89.8846504439347,91.64518492517381,86.61647093539206,86.66510009765625,188500,0.0,0.0
2021-03-30 00:00:00-04:00,86.74291184107935,89.96245462462677,86.30521229547999,89.27185821533203,173300,0.0,0.0
2021-03-31 00:00:00-04:00,89.84573126239806,90.45851205966542,88.0073814496962,88.67852020263672,168000,0.0,0.0
2021-04-01 00:00:00-04:00,89.24268425974363,90.9448607987578,88.46454344497683,90.63360595703125,94900,0.0,0.0
2021-04-05 00:00:00-04:00,92.33576744283491,92.33576744283491,90.40987332175499,91.3825454711914,71000,0.0,0.0
2021-04-06 00:00:00-04:00,91.23665362288742,92.73456225249528,91.23665362288742,91.57708740234375,80000,0.0,0.0
2021-04-07 00:00:00-04:00,91.40200965116439,91.40200965116439,88.39644863412664,88.75634002685547,173100,0.0,0.0
2021-04-08 00:00:00-04:00,88.87306160668703,90.54605155752944,88.24082319235649,90.2737045288086,180700,0.0,0.0
2021-04-09 00:00:00-04:00,90.58495547770431,92.63729432644847,90.01108246604298,92.34549713134766,131200,0.0,0.0
2021-04-12 00:00:00-04:00,92.61785598215042,93.83369633599948,92.13151984061079,93.55162048339844,110000,0.0,0.0
2021-04-13 00:00:00-04:00,93.01663870887198,93.01663870887198,91.04211535368533,91.41173553466797,84300,0.0,0.0
2021-04-14 00:00:00-04:00,91.36310756663028,92.6081268978142,90.76977688209722,90.97403717041016,93700,0.0,0.0
2021-04-15 00:00:00-04:00,91.33391935688925,92.07315229292288,90.40987633162227,91.57708740234375,50700,0.0,0.0
2021-04-16 00:00:00-04:00,93.03610373818704,93.43489550842641,91.8008058045153,92.21905517578125,94000,0.0,0.0
2021-04-19 00:00:00-04:00,91.69380445017562,92.50112415209708,90.41960625090437,91.3533706665039,147900,0.0,0.0
2021-04-20 00:00:00-04:00,91.26582456006555,92.40384913151152,89.2426648191177,90.34178161621094,84100,0.0,0.0
2021-04-21 00:00:00-04:00,90.14726271909649,93.00692145461156,90.14726271909649,92.40386199951172,178300,0.0,0.0
2021-04-22 00:00:00-04:00,92.68593705133208,93.59052251586213,91.64517806920826,92.14124298095703,120300,0.0,0.0
2021-04-23 00:00:00-04:00,92.40386208596934,94.13521747244663,91.82998903083595,93.4251708984375,100200,0.0,0.0
2021-04-26 00:00:00-04:00,94.2227568996322,94.72854316884958,93.38625822981514,93.51270294189453,77300,0.0,0.0
2021-04-27 00:00:00-04:00,94.36865074849575,94.92307358903149,92.98745804693652,93.84341430664062,146900,0.0,0.0
2021-04-28 00:00:00-04:00,93.39598957631205,93.47380514015802,91.96616755037036,92.8512954711914,113200,0.0,0.0
2021-04-29 00:00:00-04:00,94.08657917562637,94.56318644540308,92.61784216936812,94.34919738769531,126400,0.0,0.0
2021-04-30 00:00:00-04:00,94.30056269627157,94.76744859704269,92.53029966655129,93.04582214355469,152900,0.0,0.0
2021-05-03 00:00:00-04:00,94.21302946331042,95.60395099991085,93.14309153228699,94.41728973388672,215200,0.0,0.0
2021-05-04 00:00:00-04:00,94.29084121147932,98.47332703125441,93.49325034010643,98.42469787597656,188300,0.0,0.0
2021-05-05 00:00:00-04:00,98.48305085126091,99.94205901202034,97.36447644383217,99.21255493164062,158300,0.0,0.0
2021-05-06 00:00:00-04:00,98.88186940412889,100.52568054199219,98.54142816301393,100.52568054199219,137400,0.0,0.0
2021-05-07 00:00:00-04:00,99.23200832153536,101.50806498488213,99.23200832153536,101.44970703125,166700,0.0,0.0
2021-05-10 00:00:00-04:00,102.06249876623644,104.14401677281714,101.88741746564087,102.1792221069336,198600,0.0,0.0
2021-05-11 00:00:00-04:00,100.58404088354878,102.2570309191445,99.81562891593023,100.18524169921875,204000,0.0,0.0
2021-05-12 00:00:00-04:00,100.01987895214366,100.40894929627156,96.59606882889764,96.65443420410156,227300,0.0,0.0
2021-05-13 00:00:00-04:00,96.86913789157781,100.20675895833762,96.86913789157781,99.69928741455078,201600,0.33,0.0
2021-05-14 00:00:00-04:00,100.21652594100583,102.83197353785248,99.60169587790047,102.54895782470703,151700,0.0,0.0
2021-05-17 00:00:00-04:00,101.8365419019127,102.26594609660776,99.85543927832265,100.2165298461914,151100,0.0,0.0
2021-05-18 00:00:00-04:00,99.64073483108633,100.22628125373501,96.54709181749737,96.60564422607422,202000,0.0,0.0
2021-05-19 00:00:00-04:00,95.26864636199714,95.26864636199714,92.61416134756766,94.4488754272461,190200,0.0,0.0
2021-05-20 00:00:00-04:00,94.49766653080063,94.6440549837963,93.01427446069597,94.1072998046875,252200,0.0,0.0
2021-05-21 00:00:00-04:00,95.10273883678144,96.2348017283369,94.27321410176339,94.57575225830078,277800,0.0,0.0
2021-05-24 00:00:00-04:00,94.88802986868392,95.60044223119772,93.95114678121593,94.66356658935547,186500,0.0,0.0
2021-05-25 00:00:00-04:00,95.08322511761529,95.7956450427566,93.7267063403874,93.9804458618164,233900,0.0,0.0
2021-05-26 00:00:00-04:00,93.77549629387842,94.7318945108474,93.68766767932995,94.09754943847656,197800,0.0,0.0
2021-05-27 00:00:00-04:00,95.40526809780286,95.60044774232864,94.55622100830078,94.55622100830078,134100,0.0,0.0
2021-05-28 00:00:00-04:00,95.04419359627455,95.76636733757984,93.60959988559713,95.6004638671875,151100,0.0,0.0
2021-06-01 00:00:00-04:00,96.53732743106836,97.15215748344431,95.82491499801958,96.47877502441406,119400,0.0,0.0
2021-06-02 00:00:00-04:00,96.56660656998913,97.36685508297313,93.11188045108689,93.64862823486328,140000,0.0,0.0
2021-06-03 00:00:00-04:00,93.40464329998981,94.52694487084617,91.83342258991617,94.35128021240234,148100,0.0,0.0
2021-06-04 00:00:00-04:00,94.80020478976682,95.22960896740115,93.83405283571622,94.38056182861328,87400,0.0,0.0
2021-06-07 00:00:00-04:00,94.38055651200483,94.62453479089399,92.78005959814209,93.46319580078125,85700,0.0,0.0
2021-06-08 00:00:00-04:00,93.17044534091026,95.24913802068822,92.56537640540145,94.97588348388672,80000,0.0,0.0
2021-06-09 00:00:00-04:00,94.66356898675035,94.66356898675035,93.04354969616944,93.3363265991211,81600,0.0,0.0
2021-06-10 00:00:00-04:00,93.96091291080774,93.96091291080774,91.63824239261436,91.73583221435547,71900,0.0,0.0
2021-06-11 00:00:00-04:00,92.19451467948252,93.28753262103267,91.87246155929309,92.04812622070312,103200,0.0,0.0
2021-06-14 00:00:00-04:00,92.30186371112346,92.67270801241919,90.7404042245807,91.3942642211914,98700,0.0,0.0
2021-06-15 00:00:00-04:00,91.16981166642408,92.03837384077502,90.61354142615856,91.5894546508789,138400,0.0,0.0
2021-06-16 00:00:00-04:00,90.98439793411768,91.67729546611928,90.02799964822847,90.50619506835938,84600,0.0,0.0
2021-06-17 00:00:00-04:00,90.38906463341885,90.38906463341885,85.79251530233547,86.28047180175781,228800,0.0,0.0
2021-06-18 00:00:00-04:00,84.32864611499251,84.42623592611173,82.75742558540938,82.86477661132812,499300,0.0,0.0
2021-06-21 00:00:00-04:00,84.13346188455868,86.2609525994596,83.68454278177002,85.45094299316406,281300,0.0,0.0
2021-06-22 00:00:00-04:00,85.10938271850121,85.10938271850121,83.665035463379,84.83612823486328,119700,0.0,0.0
2021-06-23 00:00:00-04:00,84.90445138238505,86.4561498509897,84.07492662237223,85.55831146240234,138400,0.0,0.0
2021-06-24 00:00:00-04:00,85.91939420526872,86.84650871504863,85.1484219270103,86.58301544189453,86700,0.0,0.0
2021-06-25 00:00:00-04:00,86.7586874845027,88.14448248173034,86.39759690960801,87.19784545898438,1233700,0.0,0.0
2021-06-28 00:00:00-04:00,86.98314356474621,87.69556349917481,85.65590097545267,86.71965026855469,147300,0.0,0.0
2021-06-29 00:00:00-04:00,86.99290790797816,88.11520965264742,86.83676565719395,87.32472229003906,90700,0.0,0.0
2021-06-30 00:00:00-04:00,86.76844602282766,89.29605763217637,86.64157254186495,88.86665344238281,180600,0.0,0.0
2021-07-01 00:00:00-04:00,89.87184253628554,90.35979913369127,89.08135523108884,90.09630584716797,128900,0.0,0.0
2021-07-02 00:00:00-04:00,90.31099066928334,90.38906549688681,88.9642333984375,88.9642333984375,187900,0.0,0.0
2021-07-06 00:00:00-04:00,88.3591704228204,88.4567602408847,84.38720451803405,86.19264221191406,157300,0.0,0.0
2021-07-07 00:00:00-04:00,85.70469103710202,87.21735937141194,85.39239913238578,86.83675384521484,138800,0.0,0.0
2021-07-08 00:00:00-04:00,84.73854152953528,87.11976457858925,84.08468149882434,85.09962463378906,189500,0.0,0.0
2021-07-09 00:00:00-04:00,86.92459427720495,87.81267892288419,86.34880902434882,87.32472229003906,111400,0.0,0.0
2021-07-12 00:00:00-04:00,86.24144819748614,87.59796688743876,86.24144819748614,87.49061584472656,117600,0.0,0.0
2021-07-13 00:00:00-04:00,86.57324778916748,87.39301864199336,85.72420073545958,85.91938781738281,132900,0.0,0.0
2021-07-14 00:00:00-04:00,86.61229380597466,87.4808559313084,85.26553631229044,86.21216583251953,159200,0.0,0.0
2021-07-15 00:00:00-04:00,85.38264449970363,87.05145519223205,85.38264449970363,86.2024154663086,72200,0.0,0.0
2021-07-16 00:00:00-04:00,87.1392904787314,87.1392904787314,84.47504416796247,84.67998504638672,79100,0.0,0.0
2021-07-19 00:00:00-04:00,82.96238370791197,83.72359481711804,81.85959702018232,82.90382385253906,94200,0.0,0.0
2021-07-20 00:00:00-04:00,83.07948559909906,86.43662929124457,83.07948559909906,85.80228424072266,217800,0.0,0.0
2021-07-21 00:00:00-04:00,86.98314585940551,88.07617138696035,85.82181414735744,86.14385986328125,75500,0.0,0.0
2021-07-22 00:00:00-04:00,85.8218116061627,85.88036401721014,83.87973892264932,84.17251586914062,86000,0.0,0.0
2021-07-23 00:00:00-04:00,84.46529981011311,86.10483446585305,84.4360161565374,85.81205749511719,71800,0.0,0.0
2021-07-26 00:00:00-04:00,86.17313259320879,86.60252930855867,85.75348964833468,86.35855102539062,82000,0.0,0.0
2021-07-27 00:00:00-04:00,85.27527847767128,86.56348338846021,84.71900834450392,84.90443420410156,102700,0.0,0.0
2021-07-28 00:00:00-04:00,85.62661863403605,85.79252953002927,83.71382973256172,85.09962463378906,70600,0.0,0.0
2021-07-29 00:00:00-04:00,86.40733449000317,87.31493384186895,85.8803405974077,86.9050521850586,77600,0.0,0.0
2021-07-30 00:00:00-04:00,86.55374645408459,87.62724951427289,85.98771499567779,87.53941345214844,98700,0.0,0.0
2021-08-02 00:00:00-04:00,87.83219011568414,88.5250876108993,85.07035390620715,85.40216827392578,88200,0.0,0.0
2021-08-03 00:00:00-04:00,86.46591180481163,87.80291562759285,85.08987800447846,87.0124282836914,228200,0.0,0.0
2021-08-04 00:00:00-04:00,85.91940471961736,86.25121165572179,84.2993851262774,84.57264709472656,93100,0.0,0.0
2021-08-05 00:00:00-04:00,85.31433270825937,86.0462676301469,83.53817092897073,83.83094787597656,136900,0.0,0.0
2021-08-06 00:00:00-04:00,85.01179494823937,86.30976122249248,83.81141849969578,85.28504943847656,95400,0.0,0.0
2021-08-09 00:00:00-04:00,85.09962059097191,85.1191430228091,83.70406453966076,83.92852783203125,46600,0.0,0.0
2021-08-10 00:00:00-04:00,83.69431340239218,86.79771750140685,83.69431340239218,86.65132904052734,134300,0.0,0.0
2021-08-11 00:00:00-04:00,86.81724176366467,88.46653753757121,85.86085094890839,88.32991027832031,88400,0.0,0.0
2021-08-12 00:00:00-04:00,88.50555946214024,89.35459907514233,88.2323049914901,89.08134460449219,116600,0.0,0.0
2021-08-13 00:00:00-04:00,89.0715586686313,89.0715586686313,87.9549815871352,88.46429443359375,96100,0.33,0.0
2021-08-16 00:00:00-04:00,87.50443219198478,88.36635664635172,86.89717538747239,86.95594024658203,90500,0.0,0.0
2021-08-17 00:00:00-04:00,87.39670110506769,88.35656203145776,85.65326636100276,87.33792877197266,169800,0.0,0.0
2021-08-18 00:00:00-04:00,88.00395043864329,89.17929985622735,86.47600441569004,86.49559020996094,128700,0.0,0.0
2021-08-19 00:00:00-04:00,85.65325932344763,86.45641139842706,83.74332678924098,84.11551666259766,112500,0.0,0.0
2021-08-20 00:00:00-04:00,83.84127789815872,86.07443227514489,83.84127789815872,85.37902069091797,105600,0.0,0.0
2021-08-23 00:00:00-04:00,86.25072980895551,86.79922921276996,85.41819527838547,86.2997055053711,81400,0.0,0.0
2021-08-24 00:00:00-04:00,86.27032446147226,86.8090197674807,85.73162168282157,86.55436706542969,131400,0.0,0.0
2021-08-25 00:00:00-04:00,86.82860587398726,87.74928762977868,86.38784705345073,86.54456329345703,94000,0.0,0.0
2021-08-26 00:00:00-04:00,86.17237146010012,87.1420288868605,84.85010250139608,86.72086334228516,157400,0.0,0.0
2021-08-27 00:00:00-04:00,87.32812466340249,90.09018472156086,87.32812466340249,89.5710678100586,159300,0.0,0.0
2021-08-30 00:00:00-04:00,89.85511316595127,89.85511316595127,88.46429019737548,88.54264831542969,71200,0.0,0.0
2021-08-31 00:00:00-04:00,88.14106951504095,88.5622350633207,86.96572762212338,86.98531341552734,149800,0.0,0.0
2021-09-01 00:00:00-04:00,87.11265485687058,87.22039541163292,84.99703029714703,85.86874389648438,80600,0.0,0.0
2021-09-02 00:00:00-04:00,86.00586753047949,86.41724395751955,85.41819652810513,86.41724395751953,147800,0.0,0.0
2021-09-03 00:00:00-04:00,85.96669572490451,86.28012078414073,85.08519288324462,85.58470916748047,72900,0.0,0.0
2021-09-07 00:00:00-04:00,85.28107567682174,85.80018519978327,84.65422559558793,84.70320129394531,96900,0.0,0.0
2021-09-08 00:00:00-04:00,84.04695403602797,85.7414129191329,84.04695403602797,85.53572845458984,142400,0.0,0.0
2021-09-09 00:00:00-04:00,85.67286122878676,86.46621675027534,84.8501158038808,84.93827056884766,115100,0.0,0.0
2021-09-10 00:00:00-04:00,85.83935101454912,85.88832670534704,84.1155098209116,84.24284362792969,96800,0.0,0.0
2021-09-13 00:00:00-04:00,84.76196064133534,85.32024919214577,83.53764298844912,84.66401672363281,96700,0.0,0.0
2021-09-14 00:00:00-04:00,85.1831306120127,85.1831306120127,83.67477028904243,84.16449737548828,112700,0.0,0.0
2021-09-15 00:00:00-04:00,83.88045081710492,85.40839686359033,83.70414877538414,85.07538604736328,114800,0.0,0.0
2021-09-16 00:00:00-04:00,84.95784916857477,85.46716950100245,83.1948362176471,83.25360107421875,121500,0.0,0.0
2021-09-17 00:00:00-04:00,83.44947953121067,83.48865858873525,81.11838165330707,81.74523162841797,564800,0.0,0.0
2021-09-20 00:00:00-04:00,79.75694957039676,81.27510645078118,79.26722250867816,81.03024291992188,129500,0.0,0.0
2021-09-21 00:00:00-04:00,81.91174200073253,82.01948254731819,79.99201290110692,81.23592376708984,130600,0.0,0.0
2021-09-22 00:00:00-04:00,82.11743094687813,84.34079601409111,82.11743094687813,83.52784729003906,119400,0.0,0.0
2021-09-23 00:00:00-04:00,83.89024401846959,85.59449203694905,83.89024401846959,85.4181900024414,110400,0.0,0.0
2021-09-24 00:00:00-04:00,84.94805103926163,87.11264354194941,84.94805103926163,86.63270568847656,151800,0.0,0.0
2021-09-27 00:00:00-04:00,87.39668937877777,90.20771775868373,87.38689274580263,90.07059478759766,159100,0.0,0.0
2021-09-28 00:00:00-04:00,90.24691544767315,91.2851345781141,88.05293998475071,88.19985961914062,128500,0.0,0.0
2021-09-29 00:00:00-04:00,89.06176979036603,90.52115444104028,87.83745205293805,90.27629089355469,107600,0.0,0.0
2021-09-30 00:00:00-04:00,90.6680608799861,91.28511423977257,88.07250615953082,88.27819061279297,180100,0.0,0.0
2021-10-01 00:00:00-04:00,89.1009388348192,90.97169224145917,87.67093677503155,89.90409088134766,139000,0.0,0.0
2021-10-04 00:00:00-04:00,89.64943291011191,91.3145093698769,89.64943291011191,90.98149108886719,113300,0.0,0.0
2021-10-05 00:00:00-04:00,91.57895810086693,92.0784817828477,90.55052830960798,91.4124526977539,135800,0.0,0.0
2021-10-06 00:00:00-04:00,90.3742293224905,91.44183821038197,88.74833935182832,90.79539489746094,101000,0.0,0.0
2021-10-07 00:00:00-04:00,91.73567900627496,93.71417309549801,91.21656203128114,93.42033386230469,316100,0.0,0.0
2021-10-08 00:00:00-04:00,93.35178169180048,94.26267443847907,92.90123363585577,94.08637237548828,66900,0.0,0.0
2021-10-11 00:00:00-04:00,94.35082383382597,95.02664214293955,93.02856217300796,93.06773376464844,74900,0.0,0.0
2021-10-12 00:00:00-04:00,93.6162354864876,93.78274090928917,92.63678127333574,93.028564453125,96700,0.0,0.0
2021-10-13 00:00:00-04:00,93.09713135998554,93.39096315742316,91.60835668478664,92.50945281982422,87200,0.0,0.0
2021-10-14 00:00:00-04:00,93.74354950412535,95.0364285963921,93.2244400351106,94.9286880493164,54900,0.0,0.0
2021-10-15 00:00:00-04:00,96.98555999275666,97.06391812897489,93.4203469939026,93.45952606201172,148800,0.0,0.0
2021-10-18 00:00:00-04:00,93.2930125748548,95.3596615352168,92.979587529677,95.28130340576172,142000,0.0,0.0
2021-10-19 00:00:00-04:00,95.50657276018502,95.50657276018502,94.70342068551227,95.016845703125,55600,0.0,0.0
2021-10-20 00:00:00-04:00,94.90911332262176,97.08350283876435,94.60547743971084,96.81904602050781,128400,0.0,0.0
2021-10-21 00:00:00-04:00,96.35870218020415,98.2196666677564,95.45760610333213,98.20008087158203,181200,0.0,0.0
2021-10-22 00:00:00-04:00,98.82691645924673,99.18930968009559,97.77890091065736,98.04335021972656,151300,0.0,0.0
2021-10-25 00:00:00-04:00,97.96500849295106,100.03165750965597,97.36754828933448,99.83576965332031,102500,0.0,0.0
2021-10-26 00:00:00-04:00,99.67904376430292,100.16877083049269,98.84650924630871,99.45377349853516,95500,0.0,0.0
2021-10-27 00:00:00-04:00,98.47432881477687,99.35583911302784,93.86110030534657,94.53691864013672,209700,0.0,0.0
2021-10-28 00:00:00-04:00,95.73184855724406,97.27938794047095,94.63486466848964,96.73089599609375,258100,0.0,0.0
2021-10-29 00:00:00-04:00,96.17260730343901,97.72013921218552,95.09520173877449,95.4771957397461,157200,0.0,0.0
2021-11-01 00:00:00-04:00,95.86897155606383,96.37829190960366,94.94828971682877,95.0560302734375,163900,0.0,0.0
2021-11-02 00:00:00-04:00,95.26171274365613,95.57513777282387,94.11574570867964,94.67404174804688,125900,0.0,0.0
2021-11-03 00:00:00-04:00,93.99821538293128,97.04431836818175,93.8806781955156,96.35869598388672,130200,0.0,0.0
2021-11-04 00:00:00-04:00,96.81903225208967,97.86704779647063,95.98649779634356,96.65252685546875,106900,0.0,0.0
2021-11-05 00:00:00-04:00,98.11190910618596,101.30493135957933,97.89642802239408,101.03068542480469,111200,0.0,0.0
2021-11-08 00:00:00-05:00,102.24522013000683,102.24522013000683,100.18836786911409,101.0600814819336,77800,0.0,0.0
2021-11-09 00:00:00-05:00,100.9327517627385,101.89261263189893,100.42343142704185,101.54000854492188,81400,0.0,0.0
2021-11-10 00:00:00-05:00,101.37350924094281,102.54885128656342,101.12864569205165,101.7065200805664,80900,0.0,0.0
2021-11-11 00:00:00-05:00,101.60858609155233,102.83290395573071,100.47242299936926,102.3627700805664,82500,0.0,0.0
2021-11-12 00:00:00-05:00,102.41188875856912,103.9741503227846,101.73392223265,103.69903564453125,130900,0.33,0.0
2021-11-15 00:00:00-05:00,103.58112145997332,103.58112145997332,101.66513896850377,102.73612213134766,100500,0.0,0.0
2021-11-16 00:00:00-05:00,102.44136996138376,104.22962296586267,101.68479705776969,103.07020568847656,128500,0.0,0.0
2021-11-17 00:00:00-05:00,102.81473037492695,103.64008188404438,101.60618985670376,103.36495971679688,130200,0.0,0.0
2021-11-18 00:00:00-05:00,103.70885928471769,104.39664595365207,102.41188478307541,104.23943328857422,146700,0.0,0.0
2021-11-19 00:00:00-05:00,103.73833145887633,104.82896992486597,103.57129862982154,104.20013427734375,219700,0.0,0.0
2021-11-22 00:00:00-05:00,105.13356150854949,107.95350179161012,103.32566087149219,103.610595703125,235600,0.0,0.0
2021-11-23 00:00:00-05:00,103.58111942286149,105.22198721624038,103.07019326728872,104.5538558959961,109200,0.0,0.0
2021-11-24 00:00:00-05:00,103.79727838443473,104.48506500432059,103.32565541545928,103.3747787475586,62100,0.0,0.0
2021-11-26 00:00:00-05:00,100.09305783300995,102.45118801267897,97.76439565982682,98.70764923095703,99700,0.0,0.0
2021-11-29 00:00:00-05:00,100.45657772075297,100.45657772075297,96.38879427846217,96.67373657226562,126500,0.0,0.0
2021-11-30 00:00:00-05:00,95.71085671769653,95.76980772393914,92.69440029552236,93.38219451904297,125000,0.0,0.0
2021-12-01 00:00:00-05:00,96.09404716159773,96.77200617936609,91.85922273544621,91.9280014038086,122300,0.0,0.0
2021-12-02 00:00:00-05:00,92.41928023009352,97.14538302527988,92.41928023009352,96.59514617919922,103200,0.0,0.0
2021-12-03 00:00:00-05:00,97.23380924059467,98.24584143290207,95.4553840287268,96.3102035522461,98100,0.0,0.0
2021-12-06 00:00:00-05:00,98.34409294698388,100.74153360707193,97.95107627825217,100.07339477539062,103200,0.0,0.0
2021-12-07 00:00:00-05:00,101.15420594084219,103.1880979431217,101.15420594084219,101.50792694091797,91400,0.0,0.0
2021-12-08 00:00:00-05:00,101.86164875821952,102.54944292891274,101.37037042042974,101.42932891845703,86100,0.0,0.0
2021-12-09 00:00:00-05:00,100.35834776001612,102.11712527562912,100.35834776001612,100.69242095947266,81200,0.0,0.0
2021-12-10 00:00:00-05:00,101.44897084516309,101.75356099803331,99.84740625591665,100.90856170654297,95300,0.0,0.0
2021-12-13 00:00:00-05:00,100.25026131039165,100.72189183610152,99.22840141828098,99.72950744628906,89100,0.0,0.0
2021-12-14 00:00:00-05:00,99.32664930399422,100.82013962727669,98.25566614128418,98.42269897460938,209200,0.0,0.0
2021-12-15 00:00:00-05:00,98.23600657044743,101.59634815191359,97.1257128780547,101.12471771240234,159500,0.0,0.0
2021-12-16 00:00:00-05:00,101.90095695029704,102.43153848083445,98.90416343977259,99.51334381103516,108400,0.0,0.0
2021-12-17 00:00:00-05:00,99.19891613327013,101.39984087813725,97.57769619993316,98.38339233398438,511600,0.0,0.0
2021-12-20 00:00:00-05:00,96.61480335074756,96.61480335074756,93.57869921067828,95.35713195800781,124300,0.0,0.0
2021-12-21 00:00:00-05:00,96.2610766533228,98.63886195840779,96.2610766533228,98.50130462646484,113300,0.0,0.0
2021-12-22 00:00:00-05:00,97.76440009338397,99.22840760385485,97.76440009338397,98.73712921142578,89600,0.0,0.0
2021-12-23 00:00:00-05:00,99.61159826108221,100.66293365887161,97.8233453182167,99.79828643798828,57700,0.0,0.0
2021-12-27 00:00:00-05:00,100.02427384814298,101.87147772311761,99.39543816745747,101.7044448852539,67500,0.0,0.0
2021-12-28 00:00:00-05:00,100.94787584547873,102.65752994462797,100.94787584547873,101.59636688232422,57700,0.0,0.0
2021-12-29 00:00:00-05:00,102.00903828148567,103.2765373487366,101.80270227002336,102.3922348022461,60100,0.0,0.0
2021-12-30 00:00:00-05:00,102.54944070872192,103.18809653697174,100.25025423956048,100.29938507080078,64600,0.0,0.0
2021-12-31 00:00:00-05:00,99.94566041848974,101.5767005068769,99.74914459703147,100.90856170654297,55100,0.0,0.0
2022-01-03 00:00:00-05:00,101.34088734667728,103.08001673042831,99.9947821030511,100.78083038330078,89900,0.0,0.0
2022-01-04 00:00:00-05:00,101.01664540147893,103.42391365873259,101.01664540147893,102.1858901977539,96000,0.0,0.0
2022-01-05 00:00:00-05:00,101.98938476886364,102.69681927036817,100.01444377434336,100.07339477539062,102800,0.0,0.0
2022-01-06 00:00:00-05:00,100.37799592293761,101.7633969698221,99.93584091079879,101.26229095458984,100200,0.0,0.0
2022-01-07 00:00:00-05:00,100.92821696179514,101.64547909472624,99.44455437021482,99.54280853271484,62300,0.0,0.0
2022-01-10 00:00:00-05:00,98.67816509598737,98.89432875935383,97.08642061727171,98.71746826171875,60600,0.0,0.0
2022-01-11 00:00:00-05:00,98.53078647279507,98.90416282324182,96.40846786018805,98.2261962890625,79200,0.0,0.0
2022-01-12 00:00:00-05:00,99.02206028333107,100.3681656237118,98.12793760918403,98.41287994384766,86500,0.0,0.0
2022-01-13 00:00:00-05:00,98.37357142709578,100.75135664678616,98.37357142709578,99.11048889160156,73700,0.0,0.0
2022-01-14 00:00:00-05:00,97.89211277318496,99.7687995045197,96.7032201695712,99.69019317626953,83900,0.0,0.0
2022-01-18 00:00:00-05:00,98.63886104652286,98.70763971185849,95.55363377921762,96.06455993652344,101300,0.0,0.0
2022-01-19 00:00:00-05:00,96.95868321766558,97.26327335739995,94.94443923837966,95.55362701416016,90500,0.0,0.0
2022-01-20 00:00:00-05:00,95.90735404766377,97.78403332841147,94.69880608438537,94.77741241455078,84700,0.0,0.0
2022-01-21 00:00:00-05:00,94.58089810290619,97.76437931011759,94.22717713584805,95.55362701416016,122300,0.0,0.0
2022-01-24 00:00:00-05:00,93.95207035227234,98.95328014409493,93.17584969276564,98.35391998291016,197800,0.0,0.0
2022-01-25 00:00:00-05:00,96.31019834633004,96.5853205018379,92.7336927841626,94.99357604980469,106200,0.0,0.0
2022-01-26 00:00:00-05:00,95.96630502233553,98.29496695277652,94.1780522412518,94.99357604980469,219500,0.0,0.0
2022-01-27 00:00:00-05:00,101.32125375987613,101.32125375987613,96.86044525929196,97.77422332763672,167800,0.0,0.0
2022-01-28 00:00:00-05:00,99.32664276842581,99.8670518951696,94.62020326669104,98.19670867919922,179700,0.0,0.0
2022-01-31 00:00:00-05:00,97.16502720070827,98.16723918867679,95.60276571447407,96.27090454101562,146400,0.0,0.0
2022-02-01 00:00:00-05:00,96.31020834100416,98.14759214318269,94.70864355373322,97.99038696289062,157700,0.0,0.0
2022-02-02 00:00:00-05:00,97.48927618515816,98.5799147130448,95.51433513515903,97.67596435546875,154400,0.0,0.0
2022-02-03 00:00:00-05:00,96.61480438512096,97.96090229817763,96.18247702812081,96.28073120117188,119600,0.0,0.0
2022-02-04 00:00:00-05:00,95.64205591632118,95.64205591632118,93.05793475508729,93.80467987060547,147200,0.0,0.0
2022-02-07 00:00:00-05:00,93.97172043917377,94.14858094173432,92.67474591916721,93.15619659423828,101300,0.0,0.0
2022-02-08 00:00:00-05:00,93.470622775932,94.78725274503317,93.470622775932,94.443359375,137500,0.0,0.0
2022-02-09 00:00:00-05:00,95.20974231560615,95.95648747979986,94.99357864994647,95.54380798339844,155600,0.0,0.0
2022-02-10 00:00:00-05:00,93.86363406573962,95.49468167674189,92.39962677974867,93.34288024902344,168700,0.0,0.0
2022-02-11 00:00:00-05:00,93.47060710772134,93.9225822463321,92.34067300935043,93.22496795654297,154000,0.0,0.0
2022-02-14 00:00:00-05:00,93.42219947709678,94.60551243417126,93.03762483494751,94.0828857421875,157400,0.34,0.0
2022-02-15 00:00:00-05:00,94.8816040374276,97.3369666269823,94.59563696521315,96.99183654785156,121200,0.0,0.0
2022-02-16 00:00:00-05:00,96.51851803169163,99.05276985889702,95.85783932138148,98.56958770751953,125600,0.0,0.0
2022-02-17 00:00:00-05:00,97.42572735081589,98.41181767815907,96.44949250999018,97.5933609008789,135400,0.0,0.0
2022-02-18 00:00:00-05:00,97.11017461062823,99.03304765773458,96.67629247763116,96.80448150634766,135700,0.0,0.0
2022-02-22 00:00:00-05:00,96.10435623466347,97.49474711818984,95.58172959842334,96.41004180908203,83600,0.0,0.0
2022-02-23 00:00:00-05:00,96.90308809173092,96.90308809173092,94.63508497137494,94.71397399902344,95100,0.0,0.0
2022-02-24 00:00:00-05:00,93.29400669204259,97.43558306735225,92.93901357149922,97.04115295410156,167600,0.0,0.0
2022-02-25 00:00:00-05:00,97.52432911215074,100.41357390135222,97.29752504003328,99.22040557861328,128400,0.0,0.0
2022-02-28 00:00:00-05:00,98.21459768536191,100.34455645968961,98.21459768536191,99.69373321533203,238700,0.0,0.0
2022-03-01 00:00:00-05:00,98.96402275285175,99.47678639676231,95.77894778510216,96.72559356689453,171800,0.0,0.0
2022-03-02 00:00:00-05:00,97.67224839015657,101.30106103840212,96.71573958401585,100.39385223388672,226700,0.0,0.0
2022-03-03 00:00:00-05:00,101.21230155257311,101.41937960001856,99.06262453012366,99.9698257446289,164600,0.0,0.0
2022-03-04 00:00:00-05:00,98.91470997643766,99.30914757872485,97.6032156694947,99.12178802490234,116900,0.0,0.0
2022-03-07 00:00:00-05:00,99.34859859380758,99.34859859380758,96.46921669821253,97.45530700683594,135500,0.0,0.0
2022-03-08 00:00:00-05:00,98.44139650104741,101.2320338569498,97.8102993106113,99.53595733642578,131800,0.0,0.0
2022-03-09 00:00:00-05:00,101.7447976212948,101.7447976212948,100.13747313804454,100.6009292602539,113600,0.0,0.0
2022-03-10 00:00:00-05:00,98.97388820667389,102.06034820238746,98.87527315597661,100.7389907836914,146400,0.0,0.0
2022-03-11 00:00:00-05:00,101.0446778336924,102.14909419402571,99.34860125372657,99.55567932128906,187100,0.0,0.0
2022-03-14 00:00:00-04:00,100.43329455665474,101.17286227433743,99.21054470326882,99.74303436279297,165500,0.0,0.0
2022-03-15 00:00:00-04:00,100.7784257028253,101.07425580228711,99.28943476581082,100.34455108642578,122000,0.0,0.0
2022-03-16 00:00:00-04:00,101.02496201671237,102.08994149167907,98.9245920993666,100.5910873413086,181700,0.0,0.0
2022-03-17 00:00:00-04:00,100.14733111550045,101.55744058281391,99.66414896220724,100.69954681396484,210700,0.0,0.0
2022-03-18 00:00:00-04:00,99.62470428884967,100.66995762546007,97.67224965920866,100.57135009765625,316400,0.0,0.0
2022-03-21 00:00:00-04:00,100.48261051153057,101.71522347775819,99.96983930454728,100.89676666259766,143300,0.0,0.0
2022-03-22 00:00:00-04:00,101.66590661734706,102.00118122548604,98.28361664756589,98.71749877929688,203300,0.0,0.0
2022-03-23 00:00:00-04:00,98.1159878678097,99.70359390150234,97.40600162624872,98.91471862792969,147500,0.0,0.0
2022-03-24 00:00:00-04:00,99.30914940545513,99.40775692702287,98.30334064822954,98.45124816894531,112400,0.0,0.0
2022-03-25 00:00:00-04:00,98.63861446756648,99.7529013549245,98.11598779659461,99.59512329101562,138100,0.0,0.0
2022-03-28 00:00:00-04:00,98.78653090336556,98.78653090336556,96.83406871318145,97.34683990478516,137300,0.0,0.0
2022-03-29 00:00:00-04:00,98.12585185603378,100.90662631435963,98.12585185603378,100.3248291015625,163100,0.0,0.0
2022-03-30 00:00:00-04:00,100.79816408812493,101.50815039531923,99.04292434160173,99.47679901123047,140100,0.0,0.0
2022-03-31 00:00:00-04:00,98.97388510913555,101.6856334064563,98.97388510913555,101.2320327758789,329700,0.0,0.0
2022-04-01 00:00:00-04:00,101.5870283471064,103.28310501627979,101.15315369270043,102.13924407958984,337200,0.0,0.0
2022-04-04 00:00:00-04:00,102.13923563199738,102.28715068245175,99.88108792999174,101.79410552978516,167700,0.0,0.0
2022-04-05 00:00:00-04:00,101.80395625597949,102.08006032483931,100.05857980738892,100.23607635498047,273000,0.0,0.0
2022-04-06 00:00:00-04:00,99.42748556433615,102.48436395308778,99.42748556433615,100.29524230957031,267700,0.0,0.0
2022-04-07 00:00:00-04:00,100.28539285591889,100.6108045005951,99.28944694697348,99.47679901123047,220300,0.0,0.0
2022-04-08 00:00:00-04:00,99.6049852849923,100.66995711242731,98.12584980565644,98.18501281738281,189200,0.0,0.0
2022-04-11 00:00:00-04:00,98.11598488251948,99.28943474735544,96.95239802720295,97.11017608642578,189700,0.0,0.0
2022-04-12 00:00:00-04:00,97.78071491456687,99.70358793431852,97.78071491456687,97.98779296875,160800,0.0,0.0
2022-04-13 00:00:00-04:00,98.13571494264161,99.2006943980775,97.9976628861895,98.57946014404297,153400,0.0,0.0
2022-04-14 00:00:00-04:00,98.64847465765936,99.45706840389953,96.41004546038529,96.5579605102539,171600,0.0,0.0
2022-04-18 00:00:00-04:00,96.22270445528885,97.34684692598965,95.97618185165669,96.44950103759766,129800,0.0,0.0
2022-04-19 00:00:00-04:00,97.02142029803395,98.79638577933989,96.07477454909467,98.45124816894531,160400,0.0,0.0
2022-04-20 00:00:00-04:00,99.14152232857084,102.67172750300722,99.14152232857084,101.6363296508789,301600,0.0,0.0
2022-04-21 00:00:00-04:00,102.86893452210623,103.01684956417864,100.90661703220889,101.9321517944336,161100,0.0,0.0
2022-04-22 00:00:00-04:00,101.51799644434179,101.51799644434179,98.19487684778574,98.78652954101562,137900,0.0,0.0
2022-04-25 00:00:00-04:00,97.85959837380805,97.96806890768144,95.28590211239727,97.5736312866211,169400,0.0,0.0
2022-04-26 00:00:00-04:00,96.46920743913779,97.86945373740268,94.47730099386855,94.72382354736328,166400,0.0,0.0
2022-04-27 00:00:00-04:00,94.52661922249895,96.06491772312818,93.7673254586853,94.91119384765625,168300,0.0,0.0
2022-04-28 00:00:00-04:00,102.06035073992697,104.79181768620502,97.42572912626336,103.51976776123047,315700,0.0,0.0
2022-04-29 00:00:00-04:00,103.78600332256518,105.90609895684915,102.27728637822669,103.23379516601562,234200,0.0,0.0
2022-05-02 00:00:00-04:00,103.49016721295885,104.07196436404179,97.32710324069423,100.13746643066406,244400,0.0,0.0
2022-05-03 00:00:00-04:00,100.59108102764374,105.55111439869978,100.28538789627537,105.32431030273438,235100,0.0,0.0
2022-05-04 00:00:00-04:00,106.22164356510963,110.12656007552803,105.66943542927417,109.59407043457031,238000,0.0,0.0
2022-05-05 00:00:00-04:00,108.53895240804404,109.21935708104185,104.693198967667,105.92581176757812,181100,0.0,0.0
2022-05-06 00:00:00-04:00,105.29473021949704,106.67525826463208,103.30283094990082,103.8846206665039,194200,0.0,0.0
2022-05-09 00:00:00-04:00,102.73089274562729,105.8272158361858,102.73089274562729,104.84112548828125,259700,0.0,0.0
2022-05-10 00:00:00-04:00,105.6497158527729,105.777904885473,99.79233696837484,100.90662384033203,176300,0.0,0.0
2022-05-11 00:00:00-04:00,101.76452085952445,102.59284066358167,99.16124294381143,100.5417709350586,301200,0.0,0.0
2022-05-12 00:00:00-04:00,100.6206544308594,102.70130555157867,100.1078832653125,102.55339050292969,158900,0.0,0.0
2022-05-13 00:00:00-04:00,103.28549741806798,105.72913056916826,102.81061825371337,104.94756317138672,172800,0.34,0.0
2022-05-16 00:00:00-04:00,104.36385458619817,106.24357291946097,103.4734608969739,105.48179626464844,149100,0.0,0.0
2022-05-17 00:00:00-04:00,107.09439317308893,107.58905549721406,106.46122600204463,106.69866180419922,184700,0.0,0.0
2022-05-18 00:00:00-04:00,105.40265778740532,106.49091348233799,103.11732007325186,103.90877532958984,236500,0.0,0.0
2022-05-19 00:00:00-04:00,102.61275924789842,103.4932576284031,101.02984123507814,101.86087036132812,194800,0.0,0.0
2022-05-20 00:00:00-04:00,102.38520991061532,102.58307937710595,98.4477018768066,99.50627899169922,214600,0.0,0.0
2022-05-23 00:00:00-04:00,100.66378106954558,101.6531056992217,99.03139392099038,99.20947265625,328700,0.0,0.0
2022-05-24 00:00:00-04:00,98.57631592138617,98.74449931470875,95.52919392824778,97.448486328125,331500,0.0,0.0
2022-05-25 00:00:00-04:00,97.38912472905986,99.58542674470041,96.89446238492275,98.21025848388672,204700,0.0,0.0
2022-05-26 00:00:00-04:00,98.87310846724199,100.72314074198896,98.3784461395859,100.08008575439453,196600,0.0,0.0
2022-05-27 00:00:00-04:00,100.76271792976809,103.0579509032484,100.76271792976809,102.09830474853516,217100,0.0,0.0
2022-05-31 00:00:00-04:00,101.04962185439763,103.00848803497502,99.94157549945051,102.30606842041016,201200,0.0,0.0
2022-06-01 00:00:00-04:00,102.59295776024737,103.3646372867139,101.20790936185338,102.38520050048828,279800,0.0,0.0
2022-06-02 00:00:00-04:00,103.09752752160006,104.50236680371914,102.0983074472146,104.21546173095703,174500,0.0,0.0
2022-06-03 00:00:00-04:00,103.49325031817283,104.39353180801905,102.70178759369331,103.0876235961914,305800,0.0,0.0
2022-06-06 00:00:00-04:00,104.11652240029,105.93688365233464,102.9392312180778,105.65987396240234,220300,0.0,0.0
2022-06-07 00:00:00-04:00,104.85852221939457,106.48101411396256,104.32428597880046,105.86763763427734,146100,0.0,0.0
2022-06-08 00:00:00-04:00,105.36308028067275,105.77859484210299,104.09674587558148,104.51226043701172,179800,0.0,0.0
2022-06-09 00:00:00-04:00,104.51225796417575,105.31360853482332,103.59218571537926,103.64165496826172,125100,0.0,0.0
2022-06-10 00:00:00-04:00,102.0488389063218,102.0488389063218,99.88221551280253,100.20869445800781,143000,0.0,0.0
2022-06-13 00:00:00-04:00,98.04207905109183,98.50706288099894,96.38990856657189,97.54741668701172,163500,0.0,0.0
2022-06-14 00:00:00-04:00,96.78564460419852,97.99262203804928,95.28186671850122,96.76585388183594,206800,0.0,0.0
2022-06-15 00:00:00-04:00,98.17069154351991,98.87311116218332,96.00406807398814,97.0230712890625,139800,0.0,0.0
2022-06-16 00:00:00-04:00,95.44015478683765,96.3206531638814,91.0475507140722,91.60157012939453,158500,0.0,0.0
2022-06-17 00:00:00-04:00,92.29409967183835,92.29409967183835,89.01943741877425,89.4052734375,368500,0.0,0.0
2022-06-21 00:00:00-04:00,91.05745119762622,91.5620089352246,89.55367334578958,90.75076293945312,225300,0.0,0.0
2022-06-22 00:00:00-04:00,89.34591008446674,90.8793663687851,88.83146456822705,90.47373962402344,160200,0.0,0.0
2022-06-23 00:00:00-04:00,90.32534546007913,91.21573162540959,88.56434120583984,89.4448471069336,155200,0.0,0.0
2022-06-24 00:00:00-04:00,89.90981961766427,94.09466612182402,89.90981961766427,93.99573516845703,507600,0.0,0.0
2022-06-27 00:00:00-04:00,95.5588592373031,97.02306296251304,94.6387946077754,95.83587646484375,191100,0.0,0.0
2022-06-28 00:00:00-04:00,96.56798875727944,97.2308345235077,93.19438776101084,93.47140502929688,311500,0.0,0.0
2022-06-29 00:00:00-04:00,93.70883477363951,94.04520154138055,91.9379426930221,93.19438171386719,130000,0.0,0.0
2022-06-30 00:00:00-04:00,92.02698195179886,95.60834014839688,91.55211031398666,95.14335632324219,270400,0.0,0.0
2022-07-01 00:00:00-04:00,94.93559373016906,96.26129270316522,93.57032841285793,94.74761962890625,147600,0.0,0.0
2022-07-05 00:00:00-04:00,92.95695193798873,93.81766718158124,90.4341783723397,92.1852798461914,250300,0.0,0.0
2022-07-06 00:00:00-04:00,92.07645476975419,92.86791759399809,90.2462054801327,91.97752380371094,152400,0.0,0.0
2022-07-07 00:00:00-04:00,93.03609369020914,94.29253271105424,92.84811958591368,93.19438171386719,107500,0.0,0.0
2022-07-08 00:00:00-04:00,93.47139620401704,93.47139620401704,91.77964441121104,92.37324523925781,96900,0.0,0.0
2022-07-11 00:00:00-04:00,91.53231372474366,93.29331795025134,91.53231372474366,92.2842025756836,95100,0.0,0.0
2022-07-12 00:00:00-04:00,92.175372518171,93.41202828625191,91.03764770194701,91.62135314941406,86300,0.0,0.0
2022-07-13 00:00:00-04:00,90.22641285601809,90.55289183023208,89.2865573764976,89.73175048828125,114700,0.0,0.0
2022-07-14 00:00:00-04:00,87.61459436792961,88.96997194509494,87.14961054408646,88.76221466064453,177600,0.0,0.0
2022-07-15 00:00:00-04:00,90.19672042504482,90.19672042504482,88.45551459340132,89.48440551757812,269400,0.0,0.0
2022-07-18 00:00:00-04:00,90.8101082967668,91.25530135914288,88.81166832604576,88.83145904541016,114500,0.0,0.0
2022-07-19 00:00:00-04:00,89.94939336744133,92.86790554884864,89.94939336744133,92.70960998535156,179100,0.0,0.0
2022-07-20 00:00:00-04:00,93.02619866552604,94.54975958196499,92.35345757966921,94.43103790283203,133800,0.0,0.0
2022-07-21 00:00:00-04:00,93.25374394913902,93.69893702401951,92.06654983621085,93.60990142822266,153900,0.0,0.0
2022-07-22 00:00:00-04:00,93.78798064930673,94.68826216365024,92.610681890294,93.52085876464844,104700,0.0,0.0
2022-07-25 00:00:00-04:00,93.17459962065857,94.48050790974443,92.97673770180704,94.31232452392578,94300,0.0,0.0
2022-07-26 00:00:00-04:00,94.6091161288197,95.16314308045418,93.6890438774418,94.52997589111328,79500,0.0,0.0
2022-07-27 00:00:00-04:00,94.67836543874236,97.3693296788649,94.36178185448959,96.36022186279297,106900,0.0,0.0
2022-07-28 00:00:00-04:00,97.1912498477246,98.23993909147354,96.1524635116806,97.8541030883789,60700,0.0,0.0
2022-07-29 00:00:00-04:00,97.61666509862619,99.87232417832756,97.61666509862619,99.51616668701172,94100,0.0,0.0
2022-08-01 00:00:00-04:00,98.7247183574505,103.24593219276326,98.7247183574505,102.19725036621094,207400,0.0,0.0
2022-08-02 00:00:00-04:00,101.73225763289052,101.73225763289052,99.5854249103866,99.82286071777344,71800,0.0,0.0
2022-08-03 00:00:00-04:00,100.74293828666332,102.0587419788737,99.47660384974903,101.49481964111328,122500,0.0,0.0
2022-08-04 00:00:00-04:00,101.16834240276667,101.81140494490151,100.5945322852957,101.1980209350586,81200,0.0,0.0
2022-08-05 00:00:00-04:00,100.08008760019469,102.44457296616368,99.29852020232967,102.34563446044922,106900,0.0,0.0
2022-08-08 00:00:00-04:00,102.86008738364433,103.88898594855952,102.72158253336231,103.67133331298828,266900,0.0,0.0
2022-08-09 00:00:00-04:00,103.53282585320251,103.53282585320251,102.2862746841349,102.81061553955078,136400,0.0,0.0
2022-08-10 00:00:00-04:00,104.5914059076924,106.69866474937014,103.97802189158489,104.90798950195312,212000,0.0,0.0
2022-08-11 00:00:00-04:00,114.9397350102407,119.9061412969572,114.27688932429099,117.62080383300781,516900,0.0,0.0
2022-08-12 00:00:00-04:00,116.12265273602635,117.21402952875822,111.2511332065686,112.54094696044922,471000,0.34,0.0
2022-08-15 00:00:00-04:00,111.46940526079729,113.43388945847717,111.11222631576457,112.48141479492188,249100,0.0,0.0
2022-08-16 00:00:00-04:00,112.78897713112585,115.25945840627823,112.78897713112585,115.24954223632812,153100,0.0,0.0
2022-08-17 00:00:00-04:00,113.85059017665743,114.08870693858596,112.62031140883211,112.70960235595703,126100,0.0,0.0
2022-08-18 00:00:00-04:00,113.71168269252348,114.5947062302016,113.00724861019572,114.207763671875,139600,0.0,0.0
2022-08-19 00:00:00-04:00,113.81091223635735,113.81091223635735,111.79682440831776,111.95556640625,129300,0.0,0.0
2022-08-22 00:00:00-04:00,110.61614597133345,110.63599345151094,108.740960283138,109.54461669921875,270200,0.0,0.0
2022-08-23 00:00:00-04:00,109.31641517204443,110.90387294103341,109.31641517204443,110.5566177368164,106600,0.0,0.0
2022-08-24 00:00:00-04:00,109.85218375927796,111.35035057934004,109.85218375927796,110.884033203125,101100,0.0,0.0
2022-08-25 00:00:00-04:00,111.66783923116945,112.74929220781806,111.02293239932796,112.10438537597656,80400,0.0,0.0
2022-08-26 00:00:00-04:00,111.99525204485718,111.99525204485718,107.7091121934417,108.1357421875,86600,0.0,0.0
2022-08-29 00:00:00-04:00,107.55036733468116,108.20519034906062,106.9848352710643,107.86785888671875,98400,0.0,0.0
2022-08-30 00:00:00-04:00,107.70910820301424,107.70910820301424,105.16917581319264,105.57596588134766,104500,0.0,0.0
2022-08-31 00:00:00-04:00,106.10180540182188,106.34984589878174,104.49450025646767,105.18901062011719,151200,0.0,0.0
2022-09-01 00:00:00-04:00,105.3874532331142,105.3874532331142,103.24437959060008,103.90913391113281,119300,0.0,0.0
2022-09-02 00:00:00-04:00,105.29814918276321,105.99266711692093,103.37336007114926,104.13732147216797,89100,0.0,0.0
2022-09-06 00:00:00-04:00,104.05794999501693,105.16917418313842,102.14307699248351,103.79006958007812,121400,0.0,0.0
2022-09-07 00:00:00-04:00,103.92896633880787,105.84383924334728,102.78797855959405,105.39736938476562,96800,0.0,0.0
2022-09-08 00:00:00-04:00,104.6135620214233,107.3122438291983,104.09763355073945,106.96498107910156,132000,0.0,0.0
2022-09-09 00:00:00-04:00,107.54043952616902,109.3362503397915,107.32216267310201,108.0662841796875,133700,0.0,0.0
2022-09-12 00:00:00-04:00,109.21720299605762,110.30857976427225,108.57229613360482,110.06053924560547,128900,0.0,0.0
2022-09-13 00:00:00-04:00,107.4312966588111,107.44122039797541,103.2741355915917,103.79998779296875,109700,0.0,0.0
2022-09-14 00:00:00-04:00,103.79006922661496,104.81199489321297,103.24437708930755,104.40521240234375,141100,0.0,0.0
2022-09-15 00:00:00-04:00,103.46265173424702,104.90129117023899,102.71853023722902,104.17700958251953,115600,0.0,0.0
2022-09-16 00:00:00-04:00,103.00625780815028,104.17700926264766,101.84543009306937,103.63131713867188,367200,0.0,0.0
2022-09-19 00:00:00-04:00,102.59948277880116,105.48667045186671,102.59948277880116,104.79216003417969,126000,0.0,0.0
2022-09-20 00:00:00-04:00,103.77021657547583,104.54410926879494,102.25220997592561,103.79998779296875,150700,0.0,0.0
2022-09-21 00:00:00-04:00,104.95089885330037,106.4589893855046,102.63915949500038,102.70861053466797,101300,0.0,0.0
2022-09-22 00:00:00-04:00,102.43080419519607,102.43080419519607,100.57546607375056,101.10131072998047,122100,0.0,0.0
2022-09-23 00:00:00-04:00,99.8710336780622,100.65483502134103,98.07521525455175,99.07730102539062,283800,0.0,0.0
2022-09-26 00:00:00-04:00,98.87886346847218,99.73211578056521,95.67417704265408,95.77339172363281,294300,0.0,0.0
2022-09-27 00:00:00-04:00,97.14259227153511,98.29349634086286,95.81309115655765,97.82717895507812,174100,0.0,0.0
2022-09-28 00:00:00-04:00,97.91647796405339,99.91071829202703,96.50760205948015,98.9185562133789,183000,0.0,0.0
2022-09-29 00:00:00-04:00,98.03552691944293,100.05953835159862,97.7180353753555,99.87103271484375,169600,0.0,0.0
2022-09-30 00:00:00-04:00,99.86110116592714,103.63131201093255,99.29556916069659,101.97440338134766,357100,0.0,0.0
2022-10-03 00:00:00-04:00,103.09556250782501,106.21095074708148,102.48041931022566,104.93106079101562,289500,0.0,0.0
2022-10-04 00:00:00-04:00,106.50859325920162,109.09813678379903,106.50859325920162,108.8798599243164,238100,0.0,0.0
2022-10-05 00:00:00-04:00,107.23287006821079,111.51900957710826,107.23287006821079,110.09029388427734,271000,0.0,0.0
2022-10-06 00:00:00-04:00,109.51483706423716,111.86626369127205,109.15765814444464,109.39578247070312,165800,0.0,0.0
2022-10-07 00:00:00-04:00,108.3143255729857,108.64174085527986,106.16133581292188,107.05428314208984,199900,0.0,0.0
2022-10-10 00:00:00-04:00,107.72895512415477,109.3759401591418,107.01459725082235,108.62190246582031,134600,0.0,0.0
2022-10-11 00:00:00-04:00,108.40362614958455,109.82241816354393,107.49083132376776,108.33417510986328,171900,0.0,0.0
2022-10-12 00:00:00-04:00,108.36394111012687,108.36394111012687,106.01251430925652,106.0224380493164,120400,0.0,0.0
2022-10-13 00:00:00-04:00,104.87152477789033,109.91170976633502,103.69085709561446,109.64382934570312,212700,0.0,0.0
2022-10-14 00:00:00-04:00,110.08037237124839,110.12998349976213,106.11172431720291,106.39945220947266,105100,0.0,0.0
2022-10-17 00:00:00-04:00,108.6417406020832,111.24120780547052,108.6417406020832,110.64590454101562,180800,0.0,0.0
2022-10-18 00:00:00-04:00,112.8187492099126,114.18793015527582,110.50700974677957,111.37019348144531,183300,0.0,0.0
2022-10-19 00:00:00-04:00,110.72528833841103,110.9832526027152,108.80049902056145,110.61614990234375,140100,0.0,0.0
2022-10-20 00:00:00-04:00,110.07045461511159,110.60622300303878,106.78639325038723,107.37177276611328,144800,0.0,0.0
2022-10-21 00:00:00-04:00,107.57020380957893,111.12214563866046,107.57020380957893,110.64590454101562,93000,0.0,0.0
2022-10-24 00:00:00-04:00,111.1221474992846,114.41612514022955,111.1221474992846,114.2474594116211,212500,0.0,0.0
2022-10-25 00:00:00-04:00,113.7811404416844,116.29130913420641,113.7811404416844,115.21977233886719,207700,0.0,0.0
2022-10-26 00:00:00-04:00,116.3607584303995,116.66832622887314,113.69184022167154,115.86467742919922,238700,0.0,0.0
2022-10-27 00:00:00-04:00,121.22235399338462,123.98056315432228,116.87668713941758,120.22026824951172,393600,0.0,0.0
2022-10-28 00:00:00-04:00,121.99623671920871,126.37167470474145,120.06152387705866,125.90535736083984,312000,0.0,0.0
2022-10-31 00:00:00-04:00,124.29805289573702,125.48865182549103,122.98839937172427,123.40510559082031,258300,0.0,0.0
2022-11-01 00:00:00-04:00,123.52418986205687,129.31841328724016,123.52418986205687,128.70327758789062,264300,0.0,0.0
2022-11-02 00:00:00-04:00,128.06828124497892,129.447385910602,123.22652552028583,124.13932037353516,255300,0.0,0.0
2022-11-03 00:00:00-04:00,122.11529856672227,125.71684383648902,121.5299190611266,124.0896987915039,263800,0.0,0.0
2022-11-04 00:00:00-04:00,125.12155409701691,127.06619833532262,123.38527054606904,124.73461151123047,127900,0.0,0.0
2022-11-07 00:00:00-05:00,125.73669590226565,126.29230421020989,124.56594441795781,126.14347839355469,72500,0.0,0.0
2022-11-08 00:00:00-05:00,127.23486970168885,127.42336777865265,123.2959774908362,124.72469329833984,161100,0.0,0.0
2022-11-09 00:00:00-05:00,123.950799009297,126.48081513808454,123.950799009297,124.42704010009766,121100,0.0,0.0
2022-11-10 00:00:00-05:00,128.97113982799758,129.28862378576656,126.32206161730882,127.38367462158203,137900,0.0,0.0
2022-11-11 00:00:00-05:00,127.38368498746723,128.72310981057583,125.54818670897953,125.8359146118164,120600,0.0,0.0
2022-11-14 00:00:00-05:00,125.15942215582675,127.40774519708913,125.0201467162703,125.6170425415039,119500,0.34,0.0
2022-11-15 00:00:00-05:00,126.59198753951544,130.3325390346669,125.58720814584494,129.3675537109375,208300,0.0,0.0
2022-11-16 00:00:00-05:00,129.42724768598148,130.38227494196764,127.5370636428728,128.2533416748047,99700,0.0,0.0
2022-11-17 00:00:00-05:00,127.36793698129631,128.16380310058594,125.02014027832794,128.16380310058594,162700,0.0,0.0
2022-11-18 00:00:00-05:00,130.20321309735587,130.86974664802415,126.84068651110623,128.79055786132812,267700,0.0,0.0
2022-11-21 00:00:00-05:00,129.2680731902418,130.0639393677392,127.87530358465017,129.4073486328125,121200,0.0,0.0
2022-11-22 00:00:00-05:00,130.78022166549152,131.74519179049423,129.78539270621616,130.05398559570312,233000,0.0,0.0
2022-11-23 00:00:00-05:00,130.09378471643214,131.198045446877,129.4172931437842,130.02413940429688,138600,0.0,0.0
2022-11-25 00:00:00-05:00,130.64094457921294,132.03369903276922,130.06394196848674,131.22789001464844,50700,0.0,0.0
2022-11-28 00:00:00-05:00,130.51162130739937,130.90954684266686,128.37272981064973,129.24818420410156,93500,0.0,0.0
2022-11-29 00:00:00-05:00,129.04920110734793,130.15346175063007,128.32298028893754,128.65127563476562,121200,0.0,0.0
2022-11-30 00:00:00-05:00,128.4324165148202,131.94416130246913,126.43280071921278,131.8048858642578,273900,0.0,0.0
2022-12-01 00:00:00-05:00,132.77982070807485,133.04842877400642,130.56135640767533,131.40695190429688,95200,0.0,0.0
2022-12-02 00:00:00-05:00,129.72568688736905,132.6604443858015,129.5565677902199,130.7901611328125,132800,0.0,0.0
2022-12-05 00:00:00-05:00,129.17855240959528,129.17855240959528,125.59716191857653,127.73603820800781,165100,0.0,0.0
2022-12-06 00:00:00-05:00,128.6015446792152,128.6015446792152,124.59237757086957,125.70658874511719,153900,0.0,0.0
2022-12-07 00:00:00-05:00,126.2139553367434,127.06950886614071,124.99031235262403,125.15943145751953,147900,0.0,0.0
2022-12-08 00:00:00-05:00,126.35322741593545,127.69624498418041,125.7961180412258,127.41769409179688,125000,0.0,0.0
2022-12-09 00:00:00-05:00,126.8506435644564,127.65646018797968,126.57209266840103,126.87053680419922,128800,0.0,0.0
2022-12-12 00:00:00-05:00,127.22867164291328,128.21355775140947,126.24379312435951,127.74598693847656,198100,0.0,0.0
2022-12-13 00:00:00-05:00,130.76030617433562,130.97916973522678,127.73601797650343,128.2135467529297,237500,0.0,0.0
2022-12-14 00:00:00-05:00,128.86018699944617,130.22309774331106,126.71136050892832,127.04959869384766,214000,0.0,0.0
2022-12-15 00:00:00-05:00,126.03487893746946,126.03487893746946,122.46343914993703,123.67713165283203,190300,0.0,0.0
2022-12-16 00:00:00-05:00,122.07545897174045,123.51796549644733,120.68269693027752,122.72209930419922,1048300,0.0,0.0
2022-12-19 00:00:00-05:00,123.00065275917764,123.84625586235877,122.31421834379944,123.02055358886719,162700,0.0,0.0
2022-12-20 00:00:00-05:00,123.43837656822355,125.90554808648618,122.98075616709326,125.09973907470703,162600,0.0,0.0
2022-12-21 00:00:00-05:00,126.3830676532989,126.61187405588124,125.33849424515861,126.27363586425781,102100,0.0,0.0
2022-12-22 00:00:00-05:00,125.40812851304781,125.40812851304781,122.8912126142954,124.86097717285156,148300,0.0,0.0
2022-12-23 00:00:00-05:00,124.51279450862584,125.9751866835073,124.2342360282297,125.67674255371094,73000,0.0,0.0
2022-12-27 00:00:00-05:00,126.71136216841994,127.5470224073017,126.25374177638992,126.68151092529297,97900,0.0,0.0
2022-12-28 00:00:00-05:00,126.84068881312268,127.6862994771641,124.11485966498925,124.16459655761719,83600,0.0,0.0
2022-12-29 00:00:00-05:00,125.25891537001843,126.85064015465049,124.81123779344092,126.26368713378906,83300,0.0,0.0
2022-12-30 00:00:00-05:00,125.27881451782031,126.27364350387782,124.27403511671824,125.3782958984375,108000,0.0,0.0
2023-01-03 00:00:00-05:00,125.64689370953663,126.15425098621542,123.13992061912647,124.2740249633789,177400,0.0,0.0
2023-01-04 00:00:00-05:00,124.1944435960889,125.30865476252762,123.12997691357631,123.8760986328125,168600,0.0,0.0
2023-01-05 00:00:00-05:00,123.81641038279263,123.81641038279263,116.33530000769785,116.67353820800781,236300,0.0,0.0
2023-01-06 00:00:00-05:00,118.3846419139832,122.86137207039432,118.11604144417316,120.00621032714844,225900,0.0,0.0
2023-01-09 00:00:00-05:00,120.51358032855927,121.80686102027747,119.3695254997228,121.2298583984375,180400,0.0,0.0
2023-01-10 00:00:00-05:00,121.4188766302639,121.89639027686663,119.13076700463624,121.50840759277344,161400,0.0,0.0
2023-01-11 00:00:00-05:00,122.02571874555268,123.49806129407234,121.7770115160109,123.36873626708984,98100,0.0,0.0
2023-01-12 00:00:00-05:00,124.32376857524055,124.37350546616638,122.334110779596,124.05516052246094,130100,0.0,0.0
2023-01-13 00:00:00-05:00,123.33890021192249,125.67674679564402,122.72210351228341,125.42803955078125,157600,0.0,0.0
2023-01-17 00:00:00-05:00,126.09456972688653,126.37312061919022,123.7965172754385,124.015380859375,170700,0.0,0.0
2023-01-18 00:00:00-05:00,124.13475542579974,126.8307409751358,122.66241282709335,122.67235565185547,225900,0.0,0.0
2023-01-19 00:00:00-05:00,123.00065445913015,123.93579612895313,119.92663655462437,119.96642303466797,204000,0.0,0.0
2023-01-20 00:00:00-05:00,120.85182191483251,121.96602546033398,119.69781671134324,121.65763092041016,217000,0.0,0.0
2023-01-23 00:00:00-05:00,121.69742835530766,123.28915317144777,120.31461670972884,121.45866394042969,165600,0.0,0.0
2023-01-24 00:00:00-05:00,120.39419559395722,122.36396024478951,119.289942447666,121.6476821899414,118100,0.0,0.0
2023-01-25 00:00:00-05:00,121.5879898066114,122.45348609513931,119.91667694504504,121.8565902709961,182900,0.0,0.0
2023-01-26 00:00:00-05:00,131.3174300349811,139.16663035942202,131.3174300349811,135.69467163085938,568000,0.0,0.0
2023-01-27 00:00:00-05:00,137.0376975344946,139.82322182707136,135.9433795403046,139.58445739746094,350700,0.0,0.0
2023-01-30 00:00:00-05:00,139.59440342889428,141.72333674234497,135.93342505499083,136.52037048339844,300900,0.0,0.0
2023-01-31 00:00:00-05:00,137.63459763645798,142.62862826569562,137.5052650094447,142.46946716308594,307900,0.0,0.0
2023-02-01 00:00:00-05:00,141.96208874796304,146.64773980204143,141.96208874796304,144.9664764404297,291600,0.0,0.0
2023-02-02 00:00:00-05:00,146.46866869933748,148.64734662740506,144.96648238148376,145.15550231933594,336700,0.0,0.0
2023-02-03 00:00:00-05:00,144.7376589719506,147.82161938682103,144.15069839702826,144.359619140625,461000,0.0,0.0
2023-02-06 00:00:00-05:00,144.1208699817845,145.3146769058905,142.399820090701,144.00149536132812,303400,0.0,0.0
2023-02-07 00:00:00-05:00,142.68830550707156,147.065561887477,142.68830550707156,145.93145751953125,311900,0.0,0.0
2023-02-08 00:00:00-05:00,144.71776230492404,145.5434721192588,142.60872987980383,143.0364990234375,135700,0.0,0.0
2023-02-09 00:00:00-05:00,144.21039889246572,144.21039889246572,141.30548524951783,141.77305603027344,106200,0.0,0.0
2023-02-10 00:00:00-05:00,140.94736484397984,141.14634278705608,139.9226921926576,140.1415557861328,168100,0.0,0.0
2023-02-13 00:00:00-05:00,140.1813507399809,143.27526937620954,139.78341005275297,142.8673858642578,111700,0.0,0.0
2023-02-14 00:00:00-05:00,142.1094708516794,143.40591117301884,141.16207742272914,141.90003967285156,216400,0.35,0.0
2023-02-15 00:00:00-05:00,140.78311148313668,143.00699574458815,140.78311148313668,141.81028747558594,149100,0.0,0.0
2023-02-16 00:00:00-05:00,140.1249124290038,142.7377423973299,140.1249124290038,140.99253845214844,231300,0.0,0.0
2023-02-17 00:00:00-05:00,141.80032424120247,145.37051491362226,141.80032424120247,144.19374084472656,277700,0.0,0.0
2023-02-21 00:00:00-05:00,142.26903245850173,143.70508845750462,139.80580047462308,139.95538330078125,333500,0.0,0.0
2023-02-22 00:00:00-05:00,139.8556738574152,141.5210953499285,138.74871523461036,139.24734497070312,273600,0.0,0.0
2023-02-23 00:00:00-05:00,139.91550384889536,141.25182785954044,138.2101834942874,139.25730895996094,151700,0.0,0.0
2023-02-24 00:00:00-05:00,137.77138862471412,139.20744468508698,136.92372721197444,138.469482421875,125300,0.0,0.0
2023-02-27 00:00:00-05:00,139.96536477149598,141.91998470045198,139.96536477149598,141.6208038330078,275000,0.0,0.0
2023-02-28 00:00:00-05:00,141.42136509820017,144.55275927164777,141.42136509820017,142.46849060058594,334200,0.0,0.0
2023-03-01 00:00:00-05:00,142.02968122077857,144.62256173476615,142.02968122077857,143.5854034423828,286300,0.0,0.0
2023-03-02 00:00:00-05:00,142.58815012444347,142.58815012444347,140.93271102295887,141.56097412109375,160500,0.0,0.0
2023-03-03 00:00:00-05:00,142.15933669680805,144.0242069864925,140.94267895853022,143.95440673828125,264500,0.0,0.0
2023-03-06 00:00:00-05:00,143.7150657366573,144.85194094676888,142.27900963610114,143.34608459472656,305300,0.0,0.0
2023-03-07 00:00:00-05:00,143.2563044750342,143.39592018016432,140.26452632198536,141.2917022705078,201800,0.0,0.0
2023-03-08 00:00:00-05:00,141.5410308837891,142.43857354718688,140.28448941539864,141.54103088378906,243000,0.0,0.0
2023-03-09 00:00:00-05:00,142.1792850261423,142.79758100673345,140.95264496423408,141.61083984375,240500,0.0,0.0
2023-03-10 00:00:00-05:00,141.33161250916922,141.33161250916922,137.54202350113414,138.41961669921875,416700,0.0,0.0
2023-03-13 00:00:00-04:00,135.92646691783733,137.32262406967095,133.59288344249896,134.07156372070312,310800,0.0,0.0
2023-03-14 00:00:00-04:00,137.30267205215253,138.71879384435076,135.33808495987262,137.0134735107422,295800,0.0,0.0
2023-03-15 00:00:00-04:00,133.5828940737822,134.1912229186796,130.99002875450853,133.2139129638672,239400,0.0,0.0
2023-03-16 00:00:00-04:00,131.53850791489936,135.47769469277213,131.4587405543542,133.95188903808594,205200,0.0,0.0
2023-03-17 00:00:00-04:00,135.34805575573117,135.34805575573117,130.8105221483109,131.86761474609375,624800,0.0,0.0
2023-03-20 00:00:00-04:00,133.51310075192723,136.23561480428552,133.51310075192723,133.58290100097656,222500,0.0,0.0
2023-03-21 00:00:00-04:00,136.32535454553906,137.1231650949401,134.92919749681516,136.74420166015625,245600,0.0,0.0
2023-03-22 00:00:00-04:00,136.45501705035844,136.85391475725322,132.22663135920217,132.44602966308594,186100,0.0,0.0
2023-03-23 00:00:00-04:00,132.74520824042878,135.08877407430347,130.6310230401482,131.8177490234375,186400,0.0,0.0
2023-03-24 00:00:00-04:00,130.5612003538955,132.82498347920927,129.08526068532944,132.5258026123047,105600,0.0,0.0
2023-03-27 00:00:00-04:00,134.2311262602907,137.01347339308532,133.84219568867485,136.52481079101562,194700,0.0,0.0
2023-03-28 00:00:00-04:00,136.39517157984133,138.80853748731508,136.39517157984133,138.01072692871094,180600,0.0,0.0
2023-03-29 00:00:00-04:00,139.17751882927345,139.53653282040452,137.71154630023577,138.988037109375,136800,0.0,0.0
2023-03-30 00:00:00-04:00,139.87560118268374,140.42409690869195,137.66168404641144,137.85116577148438,90900,0.0,0.0
2023-03-31 00:00:00-04:00,138.68888222158827,142.21917406072723,138.68888222158827,141.74049377441406,282400,0.0,0.0
2023-04-03 00:00:00-04:00,141.45127068647844,142.209197574926,139.54650156636654,141.77040100097656,170100,0.0,0.0
2023-04-04 00:00:00-04:00,142.47844660431915,142.47844660431915,134.00174164507737,135.1685333251953,164100,0.0,0.0
2023-04-05 00:00:00-04:00,133.98181689617593,134.3108991328334,130.59112554230896,132.5956268310547,158500,0.0,0.0
2023-04-06 00:00:00-04:00,132.63550691826399,132.84493809833927,128.43703793613565,128.64646911621094,358900,0.0,0.0
2023-04-10 00:00:00-04:00,127.8785796343792,132.20669736869914,127.64921421334179,131.9075164794922,235600,0.0,0.0
2023-04-11 00:00:00-04:00,132.53577999721,133.8820863941072,132.017216019166,132.3463134765625,157600,0.0,0.0
2023-04-12 00:00:00-04:00,133.72250913768227,135.4577459697643,132.9246985752203,134.3408203125,142400,0.0,0.0
2023-04-13 00:00:00-04:00,134.19123370665676,134.22115027381327,131.29918729039878,133.9618682861328,206100,0.0,0.0
2023-04-14 00:00:00-04:00,134.86936464415285,137.0732993624967,132.6953312730172,134.15133666992188,162000,0.0,0.0
2023-04-17 00:00:00-04:00,134.81950716443777,136.29544688622875,134.67989145044365,136.27549743652344,107300,0.0,0.0
2023-04-18 00:00:00-04:00,137.02343340238133,138.0506093515,135.4776935293187,136.69435119628906,93300,0.0,0.0
2023-04-19 00:00:00-04:00,135.0688202456613,136.6145754125565,134.39067591736483,136.57467651367188,150300,0.0,0.0
2023-04-20 00:00:00-04:00,136.26552356313542,138.63900580031284,135.78684331274505,137.91099548339844,138600,0.0,0.0
2023-04-21 00:00:00-04:00,138.40963524847467,138.43956703221102,136.44504809073192,138.27001953125,143000,0.0,0.0
2023-04-24 00:00:00-04:00,138.31988115929417,138.9282100258219,136.38519541273146,136.47496032714844,155600,0.0,0.0
2023-04-25 00:00:00-04:00,135.68711683380982,136.61457602489256,134.8095236580707,134.95912170410156,156600,0.0,0.0
2023-04-26 00:00:00-04:00,133.33359138708963,134.9591292327488,131.0598409567174,131.2194061279297,322200,0.0,0.0
2023-04-27 00:00:00-04:00,132.83495679380331,136.3253648976336,131.3590170563643,135.53753662109375,208100,0.0,0.0
2023-04-28 00:00:00-04:00,136.36526531955616,138.2201685412604,134.37074638081918,135.28822326660156,217800,0.0,0.0
2023-05-01 00:00:00-04:00,135.12864896202265,136.4450386767212,131.8177404434566,132.23660278320312,184300,0.0,0.0
2023-05-02 00:00:00-04:00,131.88755499485973,132.8548978254122,130.30191620880925,132.3861846923828,285300,0.0,0.0
2023-05-03 00:00:00-04:00,133.02443987986823,135.78685286806075,132.28646239514973,132.79507446289062,158900,0.0,0.0
2023-05-04 00:00:00-04:00,131.23934472294593,131.23934472294593,126.84142706338464,127.43978118896484,143800,0.0,0.0
2023-05-05 00:00:00-04:00,129.4941508514779,131.17950660716755,128.88582195395452,129.31463623046875,179700,0.0,0.0
2023-05-08 00:00:00-04:00,129.51408125840652,130.33184132011687,127.94839181833504,128.9356689453125,126500,0.0,0.0
2023-05-09 00:00:00-04:00,128.3772075891692,129.36449994470797,127.86861073648238,128.6863555908203,125600,0.0,0.0
2023-05-10 00:00:00-04:00,130.32185321070287,131.30914551089467,126.46246413926688,128.3672332763672,127300,0.0,0.0
2023-05-11 00:00:00-04:00,126.7815883161954,127.5694241771697,126.22312547134705,127.36000061035156,135500,0.0,0.0
2023-05-12 00:00:00-04:00,127.45999908447266,129.52999877929688,127.45999908447266,129.19000244140625,133400,0.35,0.0
2023-05-15 00:00:00-04:00,129.2899932861328,130.63999938964844,128.39999389648438,129.5500030517578,170900,0.0,0.0
2023-05-16 00:00:00-04:00,128.77999877929688,128.77999877929688,126.72000122070312,127.3499984741211,151500,0.0,0.0
2023-05-17 00:00:00-04:00,128.27999877929688,130.3699951171875,127.87999725341797,129.35000610351562,263600,0.0,0.0
2023-05-18 00:00:00-04:00,129.3000030517578,130.89999389648438,128.72000122070312,130.14999389648438,145600,0.0,0.0
2023-05-19 00:00:00-04:00,131.6999969482422,131.6999969482422,128.72000122070312,129.1699981689453,190100,0.0,0.0
2023-05-22 00:00:00-04:00,129.89999389648438,130.75,128.0800018310547,129.27999877929688,130900,0.0,0.0
2023-05-23 00:00:00-04:00,128.33999633789062,129.1999969482422,127.36000061035156,128.8699951171875,26234,0.0,0.0
